sentence_id,company,year,report_type,sentence_text,source,label,confidence,llm_label,llm_gw_risk,llm_top_features,kee_label,kee_confidence,kee_notes,flagged_for_qa
S0001,jsw,2019,BRR,Installation of CO2 injection system in Steel Melting Shop-1 (SMS) has improved thickener water quality in Vijayanagar further reducing fresh water consumption.,model,V,0.5807,S,0.55,quantifier_count=0.00[NONE]; target_year=0.00[NONE]; verb_strength=0.10[NONE],,,,N
S0002,jsw,2019,BRR,Solid waste materials such as sludge and collected dust are generated during the operation of air and water pollution control system.,manual,V,1.00,V,0.4,vague_adj_ratio=0.00[NONE]; quantifier_count=0.00[NONE]; target_year=0.00[NONE],V,2,,N
S0003,jsw,2019,BRR,"During the year, Vijayanagar recycled 89% of the solid waste generated in the system.",model,V,0.5954,S,0.267,vague_adj_ratio=0.00[NONE]; target_year=0.00[NONE]; verb_strength=0.85[recycled],,,,N
S0004,jsw,2019,BRR,The Salem plant has commissioned a paver block manufacturing unit from Waste Energy Optimising Furnace (EOF) steel slag as part of waste utilisation.,model,V,0.6304,S,0.4,vague_adj_ratio=0.00[NONE]; quantifier_count=0.00[NONE]; target_year=0.00[NONE],,,,N
S0005,jsw,2019,BRR,"Given that integrated iron and steel plants handle large volume of solid materials, emissions of dust remain a major area of concern.",manual,V,1.00,V,0.4,vague_adj_ratio=0.00[NONE]; quantifier_count=0.00[NONE]; target_year=0.00[NONE],V,1,,N
S0006,jsw,2019,BRR,"During the year, several initiatives were taken to introduce process changes that reduce emissions and strengthen the function of Dust Extraction systems.",model,V,0.5690,S,0.4,vague_adj_ratio=0.00[NONE]; quantifier_count=0.00[NONE]; target_year=0.00[NONE],,,,N
S0007,jsw,2019,BRR,• 13 new dedusting systems were commissioned to reduce 150 dust sources/transfer point emissions at Vijayanagar plant.,model,V,0.6162,S,0.4,vague_adj_ratio=0.00[NONE]; quantifier_count=0.00[NONE]; target_year=0.00[NONE],,,,N
S0008,jsw,2019,BRR,"This has reduced truck movements significantly and a reduction of 3.86 kg CO2/t of ore transport is • Rotating sprinklers are installed at 10mt basemix internal roads, thereby reducing road emissions.",model,V,0.6099,S,0.267,vague_adj_ratio=0.00[NONE]; target_year=0.00[NONE]; specific_tech=0.00[NONE],,,,N
S0009,jsw,2019,BRR,• Procured new road sweeping machine for road cleaning purpose to control the fugitive emissions generation.,model,V,0.5690,S,0.4,vague_adj_ratio=0.00[NONE]; quantifier_count=0.00[NONE]; target_year=0.00[NONE],,,,N
S0010,jsw,2019,BRR,• Reduced dust generation due to truck movement inside the plant by installation of Tyre washing • Installation of Dry Fog system in Blast Furnace and wagon tippler reduced the fugitive dust emission which leads to improvement in ambient •,model,V,0.6162,S,0.4,vague_adj_ratio=0.00[NONE]; quantifier_count=0.00[NONE]; target_year=0.00[NONE],,,,N
S0011,jsw,2019,BRR,"In Dolvi, dust emissions during the material handling has reduced after the replacement and modification of the ducts of Dust Extraction (DE) System in Sinter Plant Proportionating House.",model,V,0.6162,S,0.4,vague_adj_ratio=0.00[NONE]; quantifier_count=0.00[NONE]; target_year=0.00[NONE],,,,N
S0012,jsw,2019,BRR,Installation of separate DE system for battery emission to reduce fugitive emission and established trash chutes with collection boxes for accumulating spillage and scrap.,manual,S,1.00,?,0.267,vague_adj_ratio=0.00[NONE]; target_year=0.00[NONE]; specific_tech=0.00[NONE],S,2,more details for data will be helpful,N
S0013,jsw,2019,BRR,Established pneumatic dust conveying and auto bagging for cyclone dust collection to reduce the dust emission during loading and handling.,manual,V,1.00,V,0.4,vague_adj_ratio=0.00[NONE]; quantifier_count=0.00[NONE]; target_year=0.00[NONE],V,1,,N
S0014,jsw,2019,BRR,"These include reducing water use, recycling in less critical applications and reusing for greenery development etc.",model,V,0.5690,S,0.4,vague_adj_ratio=0.00[NONE]; quantifier_count=0.00[NONE]; target_year=0.00[NONE],,,,N
S0015,jsw,2019,BRR,• CO2 injection system is commissioned at SMS- 2 of Vijayanagar.,model,V,0.6162,S,0.4,vague_adj_ratio=0.00[NONE]; quantifier_count=0.00[NONE]; target_year=0.00[NONE],,,,N
S0016,jsw,2020,BRR,"pig iron, sponge iron, billets, hot rolled coils, cold rolled coils, galvanised sheets, precision tubes, black pipe, cable tapes, to carbon and special alloy steel wire rods and rounds conforming to IS and international standards.",model,V,0.5690,S,0.4,vague_adj_ratio=0.00[NONE]; quantifier_count=0.00[NONE]; target_year=0.00[NONE],,,,N
S0017,jsw,2020,BRR,"In its commitment to conserve natural resources, reduce emissions and hazardous discharges to the environment and preserve biodiversity, the Company has undertaken extensive planning and investments to reduce long-term environmental impact and risks.",manual,S,1.00,?,0.471,quantifier_count=0.00[NONE]; target_year=0.00[NONE]; vague_adj_ratio=0.12[long-term],S,2,numeric data found,N
S0018,jsw,2020,BRR,"The efforts have been reinforced by set targets and goals that will aid the creation of lasting value for all The approach has resulted in several environmental initiatives to reduce carbon emission, conserve resources like water, energy and input materials, minimise waste and increase recirculation, recycling and enhancement of local biodiversity.",model,V,0.5690,S,0.4,vague_adj_ratio=0.00[NONE]; quantifier_count=0.00[NONE]; target_year=0.00[NONE],,,,N
S0019,jsw,2020,BRR,"Facilitated by the Corporate Sustainability Team, the CAG operates as a central think-tank, to formulate and drive the climate change mitigation strategy and actions for the Company towards a low carbon road ahead.",model,V,0.5690,S,0.4,vague_adj_ratio=0.00[NONE]; quantifier_count=0.00[NONE]; target_year=0.00[NONE],,,,N
S0020,jsw,2020,BRR,FY 2019-20 saw many initiatives to reduce emission and dust.,manual,V,1.00,?,0.267,vague_adj_ratio=0.00[NONE]; target_year=0.00[NONE]; specific_tech=0.00[NONE],V,1,,N
S0021,jsw,2020,BRR,"- I n Vijayanagar, Online Continuous Emission Monitoring Systems (OCEMS) were installed in 71 stacks for measuring 95 parameters that provide accurate and continuous information on particulate matter or gaseous emission.",model,V,0.6162,S,0.4,vague_adj_ratio=0.00[NONE]; quantifier_count=0.00[NONE]; target_year=0.00[NONE],,,,N
S0022,jsw,2020,BRR,"- U pgradation of SMS-1 primary and secondary fume extraction systems and SMS-2 primary fume extraction systems to reduce roof top emission at - I nstallation of Maximised Emission Reduction of Sintering (MEROS) to treat process gases of Sinter Plant 4 at Vijayanagar, which help reduce emissions.",model,V,0.5541,S,0.4,vague_adj_ratio=0.00[NONE]; quantifier_count=0.00[NONE]; target_year=0.00[NONE],,,,N
S0023,jsw,2020,BRR,"- I n Dolvi, 12 dust extraction systems were installed at RMHS to reduce fugitive emission during transfer of raw material from belt conveyor and transfer points.",model,V,0.6162,S,0.4,vague_adj_ratio=0.00[NONE]; quantifier_count=0.00[NONE]; target_year=0.00[NONE],,,,N
S0024,jsw,2020,BRR,- R MHS open yards in Dolvi were fully covered with conventional/space frame covered shed to prevent dust emission during operation of the yard.,manual,V,1.00,V,0.4,vague_adj_ratio=0.00[NONE]; quantifier_count=0.00[NONE]; target_year=0.00[NONE],V,1,,N
S0025,jsw,2020,BRR,This increases efficiency of ESPs and reduces emissions.,manual,V,1.00,V,0.4,vague_adj_ratio=0.00[NONE]; quantifier_count=0.00[NONE]; target_year=0.00[NONE],V,1,,N
S0026,jsw,2020,BRR,A) Water conservation and waste water treatment Water is a crucial input in steel manufacturing operations.,model,V,0.5690,S,0.4,vague_adj_ratio=0.00[NONE]; quantifier_count=0.00[NONE]; target_year=0.00[NONE],,,,N
S0027,jsw,2020,BRR,"Hence the Company has undertaken focused water management initiatives to promote responsible water use for better conservation and T he following initiatives were carried out during the - I n Vijayanagar, 18 effluent monitoring devices were installed at six locations.",model,V,0.6209,S,0.7,quantifier_count=0.00[NONE]; target_year=0.00[NONE]; specific_tech=1.00[esp|vijayanagar],,,,N
S0028,jsw,2020,BRR,"It also reduces the total dissolved solids (TDS) in outlet effluent, resulting in lower water consumption.",model,V,0.5690,S,0.4,vague_adj_ratio=0.00[NONE]; quantifier_count=0.00[NONE]; target_year=0.00[NONE],,,,N
S0029,jsw,2020,BRR,"- V ijayanagar uses six RO plants for recovery of makeup water and reuses treated blowdown water for secondary applications, thereby ensuring zero liquid discharge.",model,V,0.5690,S,0.4,vague_adj_ratio=0.00[NONE]; quantifier_count=0.00[NONE]; target_year=0.00[NONE],,,,N
S0030,jsw,2020,BRR,"- I n Salem, wastewater from Ultrafiltration RO Plant and Multigrade Filter is diverted to recycled water treatment plants.",manual,V,1.00,?,0.4,vague_adj_ratio=0.00[NONE]; quantifier_count=0.00[NONE]; target_year=0.00[NONE],V,2,,N
S0031,jsw,2020,BRR,The recycled water is reused for plant makeup water.,manual,V,1.00,?,0.4,vague_adj_ratio=0.00[NONE]; quantifier_count=0.00[NONE]; target_year=0.00[NONE],V,1,,N
S0032,jsw,2020,BRR,- E ffluent Treatment Plant installed at the Salem facility with a capacity of 125 KLD and a Zero Liquid Discharge system in Acid pickling plant to treat the effluent.,manual,S,1.00,S,0.133,vague_adj_ratio=0.00[NONE]; target_year=0.00[NONE]; specific_tech=0.00[NONE],S,1,,N
S0033,jsw,2020,BRR,This will help reduce fresh water consumption by approximately Liquid Discharge Effluent Treatment Plant with a capacity 30 KLD to treat the effluent from Air Cooled Condenser cooling tower.,model,V,0.5475,S,0.267,vague_adj_ratio=0.00[NONE]; target_year=0.00[NONE]; specific_tech=0.00[NONE],,,,Y
S0034,jsw,2020,BRR,C) Recycling of solid waste T he steel industry is the best place to implement circular economy principles and the Company’s primary focus has been to maximise the consumption of waste.,model,V,0.5690,S,0.4,vague_adj_ratio=0.00[NONE]; quantifier_count=0.00[NONE]; target_year=0.00[NONE],,,,N
S0035,jsw,2020,BRR,"T he Company’s integrated steel plants generate various types of solid waste as byproduct, such as fine dust from the pollution control systems, coke fines, slags, mill scales from other processes of steel manufacturing.",manual,V,1.00,V,0.4,vague_adj_ratio=0.00[NONE]; quantifier_count=0.00[NONE]; target_year=0.00[NONE],V,1,,N
S0036,jsw,2020,BRR,The Company has built-in processes and capabilities to help the plants recycle and reuse the waste generated across F ollowing are the key waste management measures undertaken during the year: - V ijayanagar expanded its slag sand plant with an additional capacity of 125 tonnes per hour.,model,V,0.5475,S,0.267,vague_adj_ratio=0.00[NONE]; target_year=0.00[NONE]; specific_tech=0.00[NONE],,,,Y
S0037,jsw,2020,BRR,These include: • Global Reporting Initiative (GRI) Standards • United Nations Sustainable Development Goals (UN • Carbon Disclosure Project (CDP) • P rinciples under United Nations Global Compact • National Guidelines on Responsible Business Conduct (NGRBC),model,V,0.5721,S,0.585,quantifier_count=0.00[NONE]; target_year=0.00[NONE]; specific_tech=1.00[esp|gri|carbon disclosure project],,,,N
S0038,jsw,2020,BRR,"The Company was among the pioneers to sign up and commit to the Indian Business and Biodiversity Initiative (IBBI), an initiative by the Confederation of Indian Industry (CII) in partnership with India’s Ministry of Environment, Forest & Climate Change.",model,V,0.5924,S,0.509,quantifier_count=0.00[NONE]; target_year=0.00[NONE]; specific_tech=0.00[NONE],,,,N
S0039,jsw,2021,BRR,"N ational and International codes and The policies are based standards adopted mapped to various standards like ISO 900 Principles Performance Standard on Human Rights, Rep National Environmenta Carbon Disclosure Pro Climate-related Financ Governance, leadership and oversight 6.",model,V,0.5690,S,0.4,vague_adj_ratio=0.00[NONE]; quantifier_count=0.00[NONE]; target_year=0.00[NONE],,,,N
S0040,jsw,2021,BRR,"JSW through a meaningful a that enables improved years, JSW Steel’s cont employment, better inf Company has aligned and learning, agri- initi biodiversity promotion d on NGRBC, in addition to conformance to the spirit of international ds, OECD Guidelines, UNGC guidelines and ILO Principles, ILO Convention port on Affirmative Action by CII, National Action Plan on Climate Change, al Policy, UN Sustainable Development Goals, Global Reporting Initiative, oject (CDP),Dow Jones Sustainability Index (DJSI) and Task Force on cial Disclosures (TCFD).",model,V,0.5715,S,0.581,quantifier_count=0.00[NONE]; target_year=0.00[NONE]; specific_tech=1.00[jsw steel|gri|tcfd],,,,N
S0041,jsw,2021,BRR,"United Nations Sus Was report on responsible • United Nations Glo business conduct made, in the • Carbon Disclosure • Companies Act, 20 a. A s per mandatory/global • Indian Accounting reporting frameworks.",model,V,0.5778,S,0.533,quantifier_count=0.00[NONE]; target_year=0.00[NONE]; verb_strength=0.10[NONE],,,,N
S0042,jsw,2021,BRR,"Essential/Leadership indicators Information Principle 2: Businesses should provide goods and services in a manne Leadership L1 L1, L2 indicators For goods and services that LCAs (Life Cycle Assess incorporated environmental and products from 3 manuf social concerns, give details of: Salem-Bloom & Bar rod a. R esource use (energy, Environment Product D water, raw material) per unit has been obtained for produced in the year.",model,V,0.5690,S,0.4,vague_adj_ratio=0.00[NONE]; quantifier_count=0.00[NONE]; target_year=0.00[NONE],,,,N
S0043,jsw,2021,BRR,"3. enable sustainable Pursuant to the require Good practices (up to three) in (Listing Obligations and reduction, recycling, and reuse the company has Risk m initiatives that contributed Directors to oversee En to lowering the adverse environmental footprint of your The key risks identified business activities.",model,V,0.5841,S,0.486,quantifier_count=0.00[NONE]; target_year=0.00[NONE]; specific_tech=0.00[NONE],,,,N
S0044,jsw,2021,BRR,"The docu the website of MOEF&C Statutory Authorities a The Company’s Resear development, process waste utilisation & con The Key focus areas inc • Optimisation of res • Quality, Productivit • Product developme • Recycling & reuse • New application de • New process techn Examples of any collective action The Company’s R&D is by your business with other five collaborative proje businesses / NGOs / government in India.",model,V,0.5690,S,0.4,vague_adj_ratio=0.00[NONE]; quantifier_count=0.00[NONE]; target_year=0.00[NONE],,,,N
S0045,jsw,2021,BRR,As per the Ministry of S L2 emission in Iron & stee Risk management strategies and tCS) in BF- BOF route & measures for each material DRI-EAF route.,model,V,0.5541,S,0.4,vague_adj_ratio=0.00[NONE]; quantifier_count=0.00[NONE]; target_year=0.00[NONE],,,,N
S0046,jsw,2021,BRR,"ons taken for social impacts are available on https://www.jsw.in/ n-program-overview E1 of Principle-6 Steel, Government of India, in its 2017 policy has included GHG el sector to a level 2.2 – 2.4tCO2 per ton of crude steel produced (tCO2/ & 2.6 – 2.7tCO2 per ton of crude steel produced (tCO2/tCS) by 2030 in ry agreed by all major steel producers as integrated in the National JSW Steel will abide by this target of Government of India The company or to create better products to address various factors including ils are provided in the Integrated Report .",model,S,0.5301,S,0.187,specific_tech=1.00[jsw steel|tco2]; vague_adj_ratio=0.09[better]; verb_strength=0.10[NONE],,,,Y
S0047,jsw,2021,BRR,High strength low material environmental risks identified: 2. Ultra low carbon g a. I nformation on businesses 3.,manual,V,1.00,V,0.4,vague_adj_ratio=0.00[NONE]; quantifier_count=0.00[NONE]; target_year=0.00[NONE],V,2,,N
S0048,jsw,2021,BRR,"Tin plate grade Details of good practices cited in Recycling plastic in Co reduction, recycling, and reuse A suitable feeding sys initiatives benchmarked against shredded waste plast industry best practice (100 recycled in coke oven Development of steel EAF slag is processed brick manufacturing a cast for usage at the r component in manufa Essential/Leadership indicators Information Principle 7: Businesses, when engaging in influencing public and reg Essential E1 E1 indicators Review public policy advocacy JSW, as a part of the W positions by the governance formulate policies/gui structure for consistency with Harmonising GHG data Principles of these Guidelines: IPCC requirements and a. Frequency JSW participates for p b. Month/year of last review.",model,V,0.6162,S,0.4,vague_adj_ratio=0.00[NONE]; quantifier_count=0.00[NONE]; target_year=0.00[NONE],,,,N
S0049,jsw,2021,BRR,"About 35 tonnes of waste plastic has been n, with subsequent reduction in electrical energy consumption.",model,V,0.5475,S,0.267,vague_adj_ratio=0.00[NONE]; target_year=0.00[NONE]; specific_tech=0.00[NONE],,,,Y
S0050,jsw,2021,BRR,JSW is a part of the Working Group 3 of CII - a collection by Industrial Process and Product Use (IPPU) sector with d contribution to national GHG inventory policy advocacy with the Government.,model,V,0.5690,S,0.4,vague_adj_ratio=0.00[NONE]; quantifier_count=0.00[NONE]; target_year=0.00[NONE],,,,N
S0051,jsw,2021,BRR,The vulnerable and marginalised the communities done sections of society CSR Projects or Activ ecosystems & inn reduced emission With respect to projects during There were no R&R in a the year for which R&R is a. N umber of persons that were affected displaced by these b. G ross amount paid out to project- affected and displaced persons?,model,V,0.6162,S,0.4,vague_adj_ratio=0.00[NONE]; quantifier_count=0.00[NONE]; target_year=0.00[NONE],,,,N
S0052,jsw,2021,BRR,This would also strengthen the Company’s position as India’s leading manufacturer of advance steel products that lead to reduced CO2 emissions and producing sustainable steel products.,model,V,0.6504,S,0.52,quantifier_count=0.00[NONE]; target_year=0.00[NONE]; specific_tech=0.00[NONE],,,,N
S0053,jsw,2021,BRR,The process of steelmaking involves complex activities that require heavy energy utilisation and effective waste and emissions management.,model,V,0.5690,S,0.4,vague_adj_ratio=0.00[NONE]; quantifier_count=0.00[NONE]; target_year=0.00[NONE],,,,N
S0054,jsw,2021,BRR,The Company has also created committees/working- groups to address specific issues like the Climate Action Group (CAG) or the Working Group on Waste Management and Circular Economy.,model,V,0.5690,S,0.4,vague_adj_ratio=0.00[NONE]; quantifier_count=0.00[NONE]; target_year=0.00[NONE],,,,N
S0055,jsw,2021,BRR,"Tackling Climate Change With a looming climate crisis in the background, the Company has devised a climate action plan to improve its net carbon emission intensity beyond India’s Nationally Determined Contributions (NDC) and achieve more than 41% reduction by 2030 from the base year of 2005.",model,S,0.5096,S,0.133,vague_adj_ratio=0.00[NONE]; specific_tech=0.00[NONE]; verb_strength=0.10[NONE],,,,Y
S0056,jsw,2021,BRR,This would be achieved through • Improvement of input raw material quality through • Increased use of renewable energy • Increased use of scrap •,model,V,0.6304,S,0.4,vague_adj_ratio=0.00[NONE]; quantifier_count=0.00[NONE]; target_year=0.00[NONE],,,,N
S0057,jsw,2021,BRR,"Reducing coke in Blast Furnaces (BFs), increased Pulverised Coal Injection (PCI) and Natural Gas (NG) use in BFs • Energy efficiency and process efficiency improvements through best available • Continue efforts and collaborations towards development of deep decarbonisation technologies such as Carbon Capture Utilisation/Storage (CCUS), use of hydrogen in iron reduction etc.",model,V,0.5391,S,0.4,vague_adj_ratio=0.00[NONE]; quantifier_count=0.00[NONE]; target_year=0.00[NONE],,,,Y
S0058,jsw,2021,BRR,"The Company has an operating Carbon Capture Utilisation (CCU) plant at Salav facility, which is capturing carbon from the exhaust gases generated by sponge iron operations, treating and converting it to approximately 100 TPD CO (99.5% purity) and selling it to the food and beverage industry for use.",model,V,0.5325,S,0.267,vague_adj_ratio=0.00[NONE]; target_year=0.00[NONE]; verb_strength=0.10[NONE],,,,Y
S0059,jsw,2021,BRR,The Company also plans to use renewable energy across steel operations at Vijayanagar by utilising around 800 MW RE (solar + wind) power.,model,V,0.5675,S,0.438,target_year=0.00[NONE]; verb_strength=0.15[plans to]; vague_adj_ratio=0.29[plans to],,,,N
S0060,jsw,2021,BRR,"Multiple operational interventions were implemented during the year to further improve on the sustainability performance and aid the achievement of our targets like installation of Waste Gas Recovery at Sinter Plant 4 resulting in fuel saving, increasing TRT power generation by 22.5% from 8.03 MW in FY 2019-20 to 9.84 MW in FY 2020-21 resulting in reduction in purchased power requirement.",model,V,0.5042,S,0.0,vague_adj_ratio=0.00[NONE]; quantifier_count=1.00[22.5%|mw|fy 2019|fy 2020]; target_year=0.00[NONE],,,,Y
S0061,jsw,2021,BRR,"One crucial intervention to inculcate sustainability in the steelmaking process is decreasing its energy intensity, which also has a direct bearing on the reduction of CO2 emission.",model,V,0.5690,S,0.4,vague_adj_ratio=0.00[NONE]; quantifier_count=0.00[NONE]; target_year=0.00[NONE],,,,N
S0062,jsw,2021,BRR,Increasing usage of non-conventional sources for energy such as waste-gas heat recover technologies is reducing the Company’s energy intensity.,model,V,0.5690,S,0.4,vague_adj_ratio=0.00[NONE]; quantifier_count=0.00[NONE]; target_year=0.00[NONE],,,,N
S0063,jsw,2021,BRR,"Circular Economy and Resource Conservation The Company has adopted an integrated strategy towards efficient waste and wastewater management focusing on ‘Zero waste to Landfill’ and ‘Zero Liquid Discharge’, with technological innovations like using plastic waste in steel melting process, use of steel by-products in making of paver blocks, replacement of river sand, and so on.",model,V,0.5690,S,0.4,vague_adj_ratio=0.00[NONE]; quantifier_count=0.00[NONE]; target_year=0.00[NONE],,,,N
S0064,jsw,2021,BRR,"The Company has developed critical infrastructure necessary for water conservation both inside and outside plant boundaries together with environmental infrastructure in the community and mines such as check dams, gabions, coir matting.",model,V,0.5690,S,0.4,vague_adj_ratio=0.00[NONE]; quantifier_count=0.00[NONE]; target_year=0.00[NONE],,,,N
S0065,jsw,2021,BRR,"From introducing mobile de-dusting systems to installation of yard sprinklers to large scale interventions like installation of MEROS, de-dusting systems, the Company has been able to consistently manage its air emissions efficiently.",model,V,0.5690,S,0.4,vague_adj_ratio=0.00[NONE]; quantifier_count=0.00[NONE]; target_year=0.00[NONE],,,,N
S0066,jsw,2021,BRR,It covers around 50-60 dust sources effectively and attains work zone emissions at less than 2mg/m3.,model,V,0.5690,S,0.4,vague_adj_ratio=0.00[NONE]; quantifier_count=0.00[NONE]; target_year=0.00[NONE],,,,N
S0067,jsw,2021,BRR,Covered storage shed will prevent dust emission in the environment during operation of the yard.,model,V,0.5690,S,0.4,vague_adj_ratio=0.00[NONE]; quantifier_count=0.00[NONE]; target_year=0.00[NONE],,,,N
S0068,jsw,2021,BRR,"In Salem, installation of mobile de-dusting system in the Blast Furnace resulted in reduction of fugitive emission from 12,500 ug/m3 to 3,200 ug/m3.",model,V,0.5108,S,0.133,vague_adj_ratio=0.00[NONE]; target_year=0.00[NONE]; verb_strength=0.10[NONE],,,,Y
S0069,jsw,2021,BRR,"With a target for 2030 of achieving no net loss to biodiversity, the Company continuously looks for opportunities to enhance the biodiversity by deploying techniques of Miyawaki plantations, mangrove plantations and other plantations of high carbon sequestration species.",model,V,0.5690,S,0.4,vague_adj_ratio=0.00[NONE]; quantifier_count=0.00[NONE]; target_year=0.00[NONE],,,,N
S0070,jsw,2021,BRR,The Company plans to incubate a biodiversity park at Vijayanagar to provide a safe compound for native species and accelerate the process of carbon Capacity Building The Company is focused on strengthening its internal capacity as well as that of its business partners relating to sustainability issues.,model,V,0.5887,S,0.572,quantifier_count=0.00[NONE]; target_year=0.00[NONE]; verb_strength=0.15[focused on|plans to],,,,N
S0071,jsw,2021,BRR,"Together with the integrated reporting framework, its disclosures have been mapped with other leading frameworks and • Global Reporting Initiative (GRI) Standards • United Nations Sustainable Development Goals • Carbon Disclosure Project (CDP) •",model,V,0.5563,S,0.496,quantifier_count=0.00[NONE]; target_year=0.00[NONE]; specific_tech=1.00[gri|carbon disclosure project|cdp],,,,N
S0072,jsw,2022,BRSR,"Governance, leadership and oversight responsibility report, highlighting ESG related industries but also challenges, targets and achievements (listed is used necessitat entity has flexibility regarding the placement of a lesser carbon fo this disclosure)",model,V,0.5541,S,0.4,vague_adj_ratio=0.00[NONE]; quantifier_count=0.00[NONE]; target_year=0.00[NONE],,,,N
S0073,jsw,2022,BRSR,"we are investing h products and on t emissions, improv light and ensuring implementation and oversight of the Business Of Directors comp Responsibility policy (ies).",model,V,0.5541,S,0.4,vague_adj_ratio=0.00[NONE]; quantifier_count=0.00[NONE]; target_year=0.00[NONE],,,,N
S0074,jsw,2022,BRSR,"Review annua Composition of thi Directors like JMD ased on NGRBC, in addition to conformance to the spirit of international ndards, OECD Guidelines, UNGC guidelines and ILO Principles, ILO man Rights, Report on Affirmative Action by CII, National Action Plan on National Environmental Policy, UN Sustainable Development Goals, Global e, CDP, Dow Jones Sustainability Index (DJSI) and Task Force on Climate-",model,V,0.5653,S,0.463,quantifier_count=0.00[NONE]; target_year=0.00[NONE]; verb_strength=0.10[NONE],,,,N
S0075,jsw,2022,BRSR,"Disclosures (TCFD) t targets for Sustainability KPIs related to climate change, energy, water, ons and biodiversity for 2030.",model,V,0.5541,S,0.4,vague_adj_ratio=0.00[NONE]; quantifier_count=0.00[NONE]; target_year=0.00[NONE],,,,N
S0076,jsw,2022,BRSR,"The committee oversee the f activities under the purview of polices of the 9 principles of NGRBCs nternational standards and frameworks such as UNGC, UN SDG, IFC, ef Sustainability Officer briefs the Committee which meets biannually to lity including Climate change, Water and Biodiversity related risks and chaired by an Independent Director and has Executive Directors and other ctors as members of the committee.",model,V,0.6304,S,0.4,vague_adj_ratio=0.00[NONE]; quantifier_count=0.00[NONE]; target_year=0.00[NONE],,,,N
S0077,jsw,2022,BRSR,Principle-Wise Policies Policy and Management process Policy on Business Policy on People Policy Policy on Huma conduct Business Business Policy conduct conduct Code of Conduct Climate change Health & Safety Grievance Indige for Board policy Policy redressal Peopl & Senior Mechanism Reset Management Policy Code of Practices Energy Policy Policy on Policy on Policy and Fair Labour Stakeholder Our w Disclosure of Practices & Engagement Bette Unpublished Employment Place Price Sensitive Rights Determination Raw Material Policy on Board Making Our of Materiality of Conservation Diversity World A Better Information or Policy Place Dividend Water ResourceRemuneration Distribution Policy Management Policy Policy for Wastewater Policy to Make Determination Management Our World A of Material Policy Better Place Policy for Waste Preservation of Management Documents Policy Policy on Dealing Air Emissions with Management Related Party Policy Remuneration Biodiversity Whistle-blower Local Policy and Considerations Vigil Mechanism Policy Terms and Policy to Make Conditions for the Our Appointment of World A Better Independent Place Policy to Make Our 10.,model,V,0.5576,S,0.42,quantifier_count=0.00[NONE]; target_year=0.00[NONE]; vague_adj_ratio=0.03[better],,,,N
S0078,jsw,2022,BRSR,"Operational requirements of relevance addressed on an ‘ongoing basis’ as and to the principles, and, rectification of any non- an Rights Climate change Policy on Policy to Make Policy on y policy Business Our world a Business conduct Better Place Conduct enous Energy Policy Policy on Policy on SocialQuality Policy les and Influencing Development ttlement Public & and community y Regulatory involvement y to make Raw Material Policy to Make Indigenous Research & world a Conservation",model,V,0.5784,S,0.453,quantifier_count=0.00[NONE]; target_year=0.00[NONE]; specific_tech=0.00[NONE],,,,N
S0079,jsw,2022,BRSR,"While the y entity that is mandated to file this report, the leadership spire to progress to a higher level in their quest to be socially, elves with integrity, and in a manner that is Ethical, mmes on any of the Principles during the financial year: %age of persons d under the training and its impact category covered by the awareness ude the Committee Meetings which have discussions 100 of BRSR including climate change, biodiversity, water, rmance Indicators, Global trends on sustainability ndustry, external ratings and disclosures, Stakeholder iality, climate change Risks and Opportunities etc. egrity and ethics, core values, code of conduct, and 100 enabling KMPs to drive company’s values, purpose f conduct, adaptive leadership programmes, and ≈40% areness by way of periodical internal communication ESG, Sustainability Initiatives at locations, Actions ndation, Environment Initiatives at locations, Life oduct Sustainability, Biodiversity & its importance for entions for Sustainable World & Safety Management.",model,V,0.5369,S,0.291,target_year=0.00[NONE]; vague_adj_ratio=0.04[sustainable]; verb_strength=0.10[NONE],,,,Y
S0080,jsw,2022,BRSR,"been formulated and practic safely reclaim your products for reusing, (b) E-waste recycling and disposing at the end of (c) Hazardous waste (d) other waste.",model,V,0.5732,S,0.4,vague_adj_ratio=0.00[NONE]; quantifier_count=0.00[NONE]; target_year=0.00[NONE],,,,N
S0081,jsw,2022,BRSR,"If yes, whether the waste collection plan is in line with the Extended Producer Responsibility (EPR) plan submitted to Pollution Control Boards?",model,V,0.5541,S,0.4,vague_adj_ratio=0.00[NONE]; quantifier_count=0.00[NONE]; target_year=0.00[NONE],,,,N
S0082,jsw,2022,BRSR,"Product development, customisation and new • Recycling and reuse of process waste and conservation of natural resources.",model,V,0.5690,S,0.4,vague_adj_ratio=0.00[NONE]; quantifier_count=0.00[NONE]; target_year=0.00[NONE],,,,N
S0083,jsw,2022,BRSR,"Overall, the Company has aligned its CSR programmes to the key areas of health and nutrition, education and learning, agri- initiatives, livelihood, sanitation, water conservation and augmentation, biodiversity promotion, skill enhancement, and art, culture PRINCIPLE 5: Businesses should respect and promote essential indicators 1.",model,V,0.5587,S,0.486,quantifier_count=0.00[NONE]; target_year=0.00[NONE]; specific_tech=1.00[esp|gri],,,,N
S0084,jsw,2022,BRSR,Details of total energy consumption (in Joules or multipl Total electricity consumption (A) Total fuel consumption (B) Energy consumption through other sources (C) Total energy consumption (A+B+C) Energy intensity per rupee of turnover (Total energy consumption/ tu Energy intensity (optional) – the relevant metric may be selected by Note:,model,V,0.5690,S,0.4,vague_adj_ratio=0.00[NONE]; quantifier_count=0.00[NONE]; target_year=0.00[NONE],,,,N
S0085,jsw,2022,BRSR,Please provide details of air (other than GhG emissions),model,V,0.5690,S,0.4,vague_adj_ratio=0.00[NONE]; quantifier_count=0.00[NONE]; target_year=0.00[NONE],,,,N
S0086,jsw,2022,BRSR,"Provide details of greenhouse gas emissions (Scope 1 a Total Scope 1 emissions (Break-up of the GHG into CO2, CH4, Me N2O, HFCs, PFCs, SF6, NF3, if available) Total Scope 2 emissions (Break-up of the GHG into CO2, CH4, Me N2O, HFCs, PFCs, SF6, NF3, if available) Total Scope 1 and Scope 2 emissions per rupee of turnover Total Scope 1 and Scope 2 emission intensity (optional) – the relevant metric may be selected by the entity Note: Indicate if any independent assessment/ evaluation/ assurance has been carried out by an external agency?",model,V,0.5391,S,0.4,vague_adj_ratio=0.00[NONE]; quantifier_count=0.00[NONE]; target_year=0.00[NONE],,,,Y
S0087,jsw,2022,BRSR,7. Does the entity have any project related to reducing Gre J SW Steel is at the front-runner in incorporating susta We have set ourselves an ambitious CO2 emission red 2030.,model,V,0.5690,S,0.4,vague_adj_ratio=0.00[NONE]; quantifier_count=0.00[NONE]; target_year=0.00[NONE],,,,N
S0088,jsw,2022,BRSR,This will bring down the CO2 levels below 1.95t development scenario (SDS) pathway.,model,V,0.5690,S,0.4,vague_adj_ratio=0.00[NONE]; quantifier_count=0.00[NONE]; target_year=0.00[NONE],,,,N
S0089,jsw,2022,BRSR,Our roadmap to 2030 includes – • Focus on Energy and Process Efficiency • Energy Transition for De-carbonisation • Improving the raw material quality • Material circularity through increase usage of scrap • Alternative fuel sources 3.,model,V,0.5932,S,0.514,quantifier_count=0.00[NONE]; target_year=0.00[NONE]; specific_tech=0.00[NONE],,,,N
S0090,jsw,2022,BRSR,We are also collaborating with various technology Carbon Capture Utilisation and Storage (CCUS) op d,model,V,0.5391,S,0.4,vague_adj_ratio=0.00[NONE]; quantifier_count=0.00[NONE]; target_year=0.00[NONE],,,,Y
S0091,jsw,2022,BRSR,"if yes, provide details of its coverage and ter security for us as well as the communities in and around ency, increased recycling of treated waste water to reduce tment technologies, sustained Zero Liquid Discharge (ZLD) ted watershed management projects beyond the fence.",model,V,0.5690,S,0.4,vague_adj_ratio=0.00[NONE]; quantifier_count=0.00[NONE]; target_year=0.00[NONE],,,,N
S0092,jsw,2022,BRSR,"KPMG Assurance and Consulting Services LLP and Scope 2 emissions) & its intensity, in the following FY 22 (Current Fy 21 (Previous Please specify unit Financial Year)",model,V,0.5541,S,0.4,vague_adj_ratio=0.00[NONE]; quantifier_count=0.00[NONE]; target_year=0.00[NONE],,,,N
S0093,jsw,2022,BRSR,Financial year) etric tonnes of CO2 44211310 37523071 etric tonnes of CO2 0.038 kgCO2/` 0.048 kgCO2/` tCO2/tcs 2.50 tCO2/tcs 2.49 tCO2/tcs,model,V,0.5325,S,0.267,vague_adj_ratio=0.00[NONE]; target_year=0.00[NONE]; verb_strength=0.10[NONE],,,,Y
S0094,jsw,2022,BRSR,KPMG Assurance and Consulting Services LLP een house Gas emission?,model,V,0.5690,S,0.4,vague_adj_ratio=0.00[NONE]; quantifier_count=0.00[NONE]; target_year=0.00[NONE],,,,N
S0095,jsw,2022,BRSR,duction target of 42% reduction over a base year of 2005 till tCO2/tcs.,model,V,0.5325,S,0.267,vague_adj_ratio=0.00[NONE]; target_year=0.00[NONE]; verb_strength=0.10[NONE],,,,Y
S0096,jsw,2022,BRSR,e CO2 is captured and refined for use in the food & beverage y early stage gives us a head-start in our plans to scale up plastic is injected.,model,V,0.6055,V,0.585,quantifier_count=0.00[NONE]; target_year=0.00[NONE]; specific_tech=0.00[NONE],,,,N
S0097,jsw,2022,BRSR,This has helped reduce GHG and also and engineering companies to explore and evaluate various ptions and their applications.,model,V,0.5690,S,0.4,vague_adj_ratio=0.00[NONE]; quantifier_count=0.00[NONE]; target_year=0.00[NONE],,,,N
S0098,jsw,2022,BRSR,The utilis classic example of material circularity which not only decarbonising another hard to abate sector.,model,V,0.5690,S,0.4,vague_adj_ratio=0.00[NONE]; quantifier_count=0.00[NONE]; target_year=0.00[NONE],,,,N
S0099,jsw,2022,BRSR,"if the entity has operations/offices in/around ecological sanctuaries, biosphere reserves, wetlands, biodiversity environmental approvals / clearances are required, plea All our integrated steel plant facilities are compliant wi tity, in the following format: Financial Year) reak-up by composition i.e. by materials 13,157,153.4 gh recycling, re-using or other recovery ure of disposal method (in metric tonnes)",model,V,0.5475,S,0.267,vague_adj_ratio=0.00[NONE]; target_year=0.00[NONE]; specific_tech=0.00[NONE],,,,Y
S0100,jsw,2022,BRSR,"Details of environmental impact assessments of project current financial year Whether conducted by Name and brief c eiA Notification No. independent external details of project p agency (yes / No) 12. is the entity compliant with the applicable environmenta (Prevention and Control of Pollution) Act, Air (Prevention and rules thereunder (y/N).",model,V,0.5690,S,0.4,vague_adj_ratio=0.00[NONE]; quantifier_count=0.00[NONE]; target_year=0.00[NONE],,,,N
S0101,jsw,2022,BRSR,Provide break-up of the total energy consumed (in Joule in the following format: From renewable sources Total electricity consumption (A) Total fuel consumption (B Energy consumption through other sources (C) Total energy consumption (A+B+C) From Non renewable sources Total electricity consumption (D) Total fuel consumption € Energy consumption through other sources (F) Total energy consumption (D+E+F) Note: Indicate if any independent assessment/ evaluation/assuranc carried out by an external agency?,model,V,0.5690,S,0.4,vague_adj_ratio=0.00[NONE]; quantifier_count=0.00[NONE]; target_year=0.00[NONE],,,,N
S0102,jsw,2022,BRSR,Provide the following details related to water discharged Water discharge by destination and level of treatment (in kilolitres (i) To Surface water With treatment – please specify level of treatment (ii),model,V,0.5690,S,0.4,vague_adj_ratio=0.00[NONE]; quantifier_count=0.00[NONE]; target_year=0.00[NONE],,,,N
S0103,jsw,2022,BRSR,To Groundwater With treatment – please specify level of treatment (iii) To Seawater With treatment – please specify level of treatment (iv) Sent to third-parties With treatment – please specify level of treatment With treatment – please specify level of treatment Total water discharged (in kilolitres),model,V,0.5690,S,0.4,vague_adj_ratio=0.00[NONE]; quantifier_count=0.00[NONE]; target_year=0.00[NONE],,,,N
S0104,jsw,2022,BRSR,"Yes http://environmentclearance.nic.in/writereaddata/ EIA/07072021ap44aasgcmp48895246EIATextc1.pdf al law/ regulations/ guidelines in india; such as the Water n and Control of Pollution) Act, environment protection act such non-compliances, in the following format: Any fines / penalties / action taken by regulatory agencies such as pollution control Corrective action taken, if any boards or by courts es or multiples) from renewable and non-renewable sources, FY (Current Financial Year)",model,V,0.5690,S,0.4,vague_adj_ratio=0.00[NONE]; quantifier_count=0.00[NONE]; target_year=0.00[NONE],,,,N
S0105,jsw,2022,BRSR,"Water withdrawal, consumption and discharge in areas in areas of water stress, provide the following informatio withdrawal, consumption and discharge in the following (i) Surface water (ii) Groundwater (iii) Third party water (iv) Seawater / desalinated water Total volume of water withdrawal (in kilolitres)",model,V,0.5690,S,0.4,vague_adj_ratio=0.00[NONE]; quantifier_count=0.00[NONE]; target_year=0.00[NONE],,,,N
S0106,jsw,2022,BRSR,Water intensity per rupee of turnover (Water consumed / turnover) Water intensity (optional) – the relevant metric may be selected by t Water discharge by destination and level of treatment (in kilolitres) (i),model,V,0.5690,S,0.4,vague_adj_ratio=0.00[NONE]; quantifier_count=0.00[NONE]; target_year=0.00[NONE],,,,N
S0107,jsw,2022,BRSR,"Please provide details of total Scope 3 emissions & its in Total Scope 3 emissions (Break-up of the GHG into CO2, CH4, M N2O, HFCs, PFCs, SF6, NF3, if available) Total Scope 3 emissions per rupee of turnover Total Scope 3 emission intensity (optional) – the relevant metric may be selected by the entity Note:",model,V,0.5541,S,0.4,vague_adj_ratio=0.00[NONE]; quantifier_count=0.00[NONE]; target_year=0.00[NONE],,,,N
S0108,jsw,2022,BRSR,"If yes, name of the ntensity, in the following format FY 22 (Current Fy 21 (Previous Financial Year) Financial year) Million tonnes 1.09 1.05 Avoided emissions - Avoided emissions - 374707 tonnes 1.05 million tonnes",model,V,0.5890,S,0.133,vague_adj_ratio=0.00[NONE]; target_year=0.00[NONE]; specific_tech=0.00[NONE],,,,N
S0109,jsw,2022,BRSR,"We were Business and Biodiversity Initiative (IBBI), an initiative by the th India’s Ministry of Environment, Forest & Climate Change.",model,V,0.5690,S,0.4,vague_adj_ratio=0.00[NONE]; quantifier_count=0.00[NONE]; target_year=0.00[NONE],,,,N
S0110,jsw,2022,BRSR,"Dolvi and planted more than a million saplings in the span of orest cover which is estimated to have carbon capture, over a 25-year period, of approximately 185,000 tonnes.",model,S,0.5044,S,0.133,vague_adj_ratio=0.00[NONE]; target_year=0.00[NONE]; specific_tech=1.00[carbon capture|dolvi],,,,Y
S0111,jsw,2022,BRSR,"6. if the entity has undertaken any specific initiatives or us efficiency, or reduce impact due to emissions / effluent same as well as outcome of such initiatives, as per the f Details of the initiative (Web- link S. Noinitiative undertaken provided along-with summary) https://www.jsw.in/sites/defau Reports%20Steel/jsw-steel-20 7.",model,V,0.5690,S,0.4,vague_adj_ratio=0.00[NONE]; quantifier_count=0.00[NONE]; target_year=0.00[NONE],,,,N
S0112,jsw,2022,BRSR,"S. No. Name of the trade and industry chambers/ associations t JSW, it is our goal to achieve ‘No net loss’ of biodiversity at sed innovative technology or solutions to improve resource discharge / waste generated, please provide details of the following format: k, if any, may be Outcome of the initiative ult/files/assets/downloads/steel/IR/Financial%20Performance/Annual%20 stainability-framework-measuring-success-climate-change r management plan?",model,V,0.5690,S,0.4,vague_adj_ratio=0.00[NONE]; quantifier_count=0.00[NONE]; target_year=0.00[NONE],,,,N
S0113,jsw,2022,BRSR,"Sustainabile business principles • Energy, water and other natural resources • Social and community development • Transparency in public disclosure PRINCIPLE 8 Businesses should promote inclusive growth an essential indicators 1.",model,V,0.5924,S,0.509,quantifier_count=0.00[NONE]; target_year=0.00[NONE]; specific_tech=0.00[NONE],,,,N
S0114,jsw,2022,BRSR,Turnover of products and/ services as a percentage of t Environmental and social parameters relevant to the product Safe and responsible usage Recycling and/or safe disposal 3.,model,V,0.5825,S,0.56,quantifier_count=0.00[NONE]; target_year=0.00[NONE]; verb_strength=0.10[NONE],,,,N
S0115,jsw,2022,BRSR,Responsible business • Obtained Environmental Product Declarations (EPD)- Type III eco-labelling for all finished products from three integrated steel plants • Received an A-band from CDP for the number of best practices the Company is implementing under • Flagged off first-ever Electric Vehicle (EV) for material transfer in line with Company’s objective reduce carbon emissions at coated business.,model,V,0.5498,S,0.46,quantifier_count=0.00[NONE]; target_year=0.00[NONE]; specific_tech=1.00[esp|cdp],,,,Y
S0116,jsw,2022,BRSR,"Digitalisation and Industry 4.0 nearing completion, resulting in benefits across operations • Focused on transition to renewable power usage with the commissioning of the 225 MW of solar capacity in Vijayanagar in collaboration with JSW •",model,V,0.5583,S,0.387,target_year=0.00[NONE]; verb_strength=0.15[focused on]; vague_adj_ratio=0.20[focused on],,,,N
S0117,jsw,2022,BRSR,This would also strengthen the Company’s position as India’s leading manufacturer of advanced steel products that lead to reduced CO emissions and producing sustainable steel products.,model,V,0.6504,S,0.52,quantifier_count=0.00[NONE]; target_year=0.00[NONE]; specific_tech=0.00[NONE],,,,N
S0118,jsw,2022,BRSR,"In April 2022, JUSL, a wholly-owned subsidiary of JSW Steel has received the environmental clearance (EC) for setting up of a greenfield Integrated Steel Plant (ISP) of 13.2 million tonnes per annum (MTPA) crude steel from the Union Ministry of Environment & Forest and Climate Change (MoEF&CC).",model,V,0.5325,S,0.267,vague_adj_ratio=0.00[NONE]; target_year=0.00[NONE]; verb_strength=0.10[NONE],,,,Y
S0119,jsw,2022,BRSR,"JUSL has earmarked budgets for social interventions under public health, education, skill development, social infrastructure, waste management, environment, drinking water, women empowerment and other interventions.",model,V,0.5690,S,0.4,vague_adj_ratio=0.00[NONE]; quantifier_count=0.00[NONE]; target_year=0.00[NONE],,,,N
S0120,jsw,2022,BRSR,The Company is aligned with the global steel industry’s focus on reducing its environmental impact and contributions toward climate change.,model,V,0.6032,V,0.572,quantifier_count=0.00[NONE]; target_year=0.00[NONE]; specific_tech=0.00[NONE],,,,N
S0121,jsw,2022,BRSR,"Over the years, JSW Steel has fortified its commitment to conserve natural resources, reduce emissions by undertaking long-term measures like harnessing innovation, technology adoption and process change.",model,V,0.5744,S,0.514,quantifier_count=0.00[NONE]; target_year=0.00[NONE]; verb_strength=0.10[NONE],,,,N
S0122,jsw,2022,BRSR,"Facilitated by the Corporate Sustainability Team, the CAG operates as a central think-tank, to formulate and drive the climate change mitigation strategy and actions for the Company towards a low carbon road ahead.",model,V,0.5690,S,0.4,vague_adj_ratio=0.00[NONE]; quantifier_count=0.00[NONE]; target_year=0.00[NONE],,,,N
S0123,jsw,2022,BRSR,"Key areas of sustainability • Climate Change • Water resources • Air Emissions • Local considerations • Indigenous people • Cultural heritage • Business ethics • Employee wellbeing • Supply chain sustainability • Sustainable mining • Social sustainability During the year, the Company raised $1 billion through the issuance of bonds in the US bond markets through a Reg S/144A issuance.",model,V,0.5594,S,0.333,target_year=0.00[NONE]; specific_tech=0.00[NONE]; verb_strength=0.10[NONE],,,,N
S0124,jsw,2022,BRSR,The Company has developed a climate action plan to improve its carbon emission intensity beyond India’s Nationally Determined Contributions (NDC) and achieve more than 42% reduction by 2030 from the base year of 2005.,model,S,0.5096,S,0.133,vague_adj_ratio=0.00[NONE]; specific_tech=0.00[NONE]; verb_strength=0.10[NONE],,,,Y
S0125,jsw,2022,BRSR,"Improvement of input raw material quality through beneficiation • Increased use of renewable energy and scrap • Reducing coke in Blast Furnaces (BFs), increased Pulverised Coal Injection (PCI) and Natural Gas (NG) • Energy efficiency and process efficiency improvements through best available technologies • Continue efforts and collaborations towards development of deep decarbonisation technologies The Company has an operating Carbon Capture Utilisation (CCU) plant at Salav facility, which is capturing carbon from the exhaust gases generated by sponge iron operations, treating and converting it to approximately 100 TPD CO (99.5% purity) and which is being used in the food and beverage industry for use.",model,V,0.5174,S,0.267,vague_adj_ratio=0.00[NONE]; target_year=0.00[NONE]; specific_tech=1.00[carbon capture|blast furnace],,,,Y
S0126,jsw,2022,BRSR,"The Company has earmarked `10,000 crore over the next few years to decarbonise, the initiatives include shifting to solar power for energy and increase the usage of scrap in the steel making operations.",model,V,0.5259,S,0.133,vague_adj_ratio=0.00[NONE]; target_year=0.00[NONE]; specific_tech=0.00[NONE],,,,Y
S0127,jsw,2022,BRSR,"The Company had set a target of consuming around ~1,000 MW of renewable energy by 2030, and it has progressed steadily towards achieving the same.",model,S,0.5312,S,0.0,"vague_adj_ratio=0.00[NONE]; quantifier_count=1.00[mw|by 2030|,000]; specific_tech=0.00[NONE]",,,,Y
S0128,jsw,2022,BRSR,JSW Steel has entered into a solar and wind power purchase agreement through SPVs set up by JSW Energy Limited.,model,V,0.5391,S,0.4,vague_adj_ratio=0.00[NONE]; quantifier_count=0.00[NONE]; target_year=0.00[NONE],,,,Y
S0129,jsw,2022,BRSR,6) Air Emissions The Company continues to upgrade and implement better pollution control systems while seeking expansion and improvement in its plans.,model,V,0.6032,V,0.572,quantifier_count=0.00[NONE]; target_year=0.00[NONE]; specific_tech=0.00[NONE],,,,N
S0130,jsw,2022,BRSR,"JSW Steel commissioned a dedusting system of capacity 1,00,000 m3/h commissioned at RMHS in Vjayanagar, which covers around 11 dust sources effectively and reduces work zone emissions.",model,V,0.5743,S,0.133,vague_adj_ratio=0.00[NONE]; target_year=0.00[NONE]; verb_strength=0.85[commissioned],,,,N
S0131,jsw,2022,BRSR,The Company also engages local environmental organisations and societies to study the biodiversity impact and improve local flora and fauna.,model,V,0.5690,S,0.4,vague_adj_ratio=0.00[NONE]; quantifier_count=0.00[NONE]; target_year=0.00[NONE],,,,N
S0132,jsw,2022,BRSR,• Global Reporting Initiative (GRI) Standards • United Nations Sustainable Development Goals (UN • Carbon Disclosure Project (CDP) • Principles under United Nations Global Compact •,model,V,0.5629,S,0.533,quantifier_count=0.00[NONE]; target_year=0.00[NONE]; specific_tech=1.00[gri|carbon disclosure project|cdp],,,,N
S0133,jsw,2023,BRSR,"Performance Standards, OECD Guidelines, UNGC guidelines and ILO Principles, ILO Convention on Human Rights, Report on Affirmative Action by CII, National Action Plan on Climate Change, National Environmental Policy, UN Sustainable Development Goals, Global Reporting Initiative, Carbon Disclosure Project (CDP),Dow Jones Sustainability Index (DJSI) and Task Force on Climate-related Financial Disclosures (TCFD).",manual,S,1.00,S,0.441,quantifier_count=0.00[NONE]; target_year=0.00[NONE]; specific_tech=1.00[iso 50001|tcfd|carbon disclosure project],S,3,,N
S0134,jsw,2023,BRSR,"to climate change, energy, water, waste, air emissions, biodiversity, safety, diversity etc.",model,V,0.5690,S,0.4,vague_adj_ratio=0.00[NONE]; quantifier_count=0.00[NONE]; target_year=0.00[NONE],,,,N
S0135,jsw,2023,BRSR,Today the variety of applications where steel is used necessitates producers to continuously improve quality and offer products with a lesser carbon footprint.,model,V,0.5690,S,0.4,vague_adj_ratio=0.00[NONE]; quantifier_count=0.00[NONE]; target_year=0.00[NONE],,,,N
S0136,jsw,2023,BRSR,"On one hand, we are investing heavily in R&D and increasing our downstream portfolio of sustainable products and on the other, we are doubling up on sustainability by controlling our emissions, improving resource consumption, making processes efficient, being energy-light and ensuring multi-pronged digital focus, helping us improve existing practices.",model,V,0.5827,S,0.477,quantifier_count=0.00[NONE]; target_year=0.00[NONE]; specific_tech=0.00[NONE],,,,N
S0137,jsw,2023,BRSR,"The topics covered include the Committee Meetings which have discussions 100.00 topics on all principles of BRSR including climate change, biodiversity, water, Sustainability Key Performance Indicators, Global trends on sustainability and best Practices in industry, external ratings and disclosures, Stakeholder engagement and Materiality, climate change Risks and Opportunities etc.",model,V,0.5690,S,0.4,vague_adj_ratio=0.00[NONE]; quantifier_count=0.00[NONE]; target_year=0.00[NONE],,,,N
S0138,jsw,2023,BRSR,"Under the ongoing decarbonisation initiative at one of our plants, we have conducted monthly training sessions for educating our site team regarding climate change.",model,V,0.5690,S,0.4,vague_adj_ratio=0.00[NONE]; quantifier_count=0.00[NONE]; target_year=0.00[NONE],,,,N
S0139,jsw,2023,BRSR,Recycling and reuse of process waste and conservation of natural resources.,manual,V,1.00,V,0.4,vague_adj_ratio=0.00[NONE]; quantifier_count=0.00[NONE]; target_year=0.00[NONE],V,1,,N
S0140,jsw,2023,BRSR,"3. D escribe the processes in place to safely reclaim your products for reusing, recycling and disposing at the end of life, for (a) Plastics (including packaging) (c) Hazardous waste (d) other waste.",model,V,0.5732,S,0.4,vague_adj_ratio=0.00[NONE]; quantifier_count=0.00[NONE]; target_year=0.00[NONE],,,,N
S0141,jsw,2023,BRSR,"If yes, whether the waste collection plan is in line with the Extended Producer Responsibility (EPR) plan submitted to Pollution Control Boards?",model,V,0.5541,S,0.4,vague_adj_ratio=0.00[NONE]; quantifier_count=0.00[NONE]; target_year=0.00[NONE],,,,N
S0142,jsw,2023,BRSR,FY 2021-22 (Previous Financial Year) Re-Used Recycled Safely Disposed Re-Used Recycled Safely Disposed Plastics (including packaging) Hazardous waste 5.,model,V,0.6099,S,0.267,vague_adj_ratio=0.00[NONE]; target_year=0.00[NONE]; specific_tech=0.00[NONE],,,,N
S0143,jsw,2023,BRSR,"Overall, the Company has aligned its CSR programmes to the key areas of health and nutrition, education and learning, agri- initiatives, livelihood, sanitation, water conservation and augmentation, biodiversity promotion, skill enhancement, and art, culture and sports.",manual,V,1.00,V,0.4,vague_adj_ratio=0.00[NONE]; quantifier_count=0.00[NONE]; target_year=0.00[NONE],V,1,,N
S0144,jsw,2023,BRSR,"Details of total energy consumption (in Joules or multiples) and energy intensity, in the following format: Parameter (Current Financial (Previous Financial Total electricity consumption (A) 12650641 GJ 11703082 GJ Total fuel consumption (B) 481733789 GJ 435079392 GJ Energy consumption through other sources (C) 0 0 Total energy consumption (A+B+C) 494384430 GJ 446782474 GJ Energy intensity per rupee of turnover (Total energy consumption/ turnover in rupees) 0.00038 GJ/₹ 0.00038 GJ/₹ Energy intensity (optional) – the relevant metric may be selected by the entity 23.69 GJ/tcs 25.30 GJ/tcs Note: Indicate if any independent assessment/ evaluation/ assurance has been carried out by an Yes.",model,V,0.5475,S,0.267,vague_adj_ratio=0.00[NONE]; target_year=0.00[NONE]; specific_tech=0.00[NONE],,,,Y
S0145,jsw,2023,BRSR,"We have also adopted a range of measures for water security for us as well as the communities in and around us that includes improving water consumption efficiency, increased recycling of treated waste water to reduce fresh water intake, selection of advanced water treatment technologies, sustained Zero Liquid Discharge (ZLD) from the plants and also rainwater harvesting, integrated watershed management projects beyond the fence.",model,V,0.5690,S,0.4,vague_adj_ratio=0.00[NONE]; quantifier_count=0.00[NONE]; target_year=0.00[NONE],,,,N
S0146,jsw,2023,BRSR,"5. Please provide details of air emissions (other than GHG emissions) by the entity, in the following format Parameter Please specify unit (Current Financial (Previous Financial NOx Kg/tcs 1.19 1.26 SOx Kg/tcs 1.69 1.895 Particulate matter (PM)",model,V,0.5690,S,0.4,vague_adj_ratio=0.00[NONE]; quantifier_count=0.00[NONE]; target_year=0.00[NONE],,,,N
S0147,jsw,2023,BRSR,"Provide details of greenhouse gas emissions (Scope 1 and Scope 2 emissions) & its intensity, in the following format: Parameter Unit (Current Financial (Previous Financial Total Scope 1 emissions (Break-up of the GHG into CO , CH , N O, Metric Tonnes HFCs, PFCs, SF6, NF3, if available) 49359385 44211310 Total Scope 2 emissions (Break-up of the GHG into CO , CH , N O, Metric Tonnes HFCs, PFCs, SF6, NF3, if available) Total Scope 1 and Scope 2 emissions per rupee of turnover kgCO /₹ turnover 0.0378 0.038 Total Scope 1 and Scope 2 emission intensity (optional) tCO /tcs 2.36 2.50 – the relevant metric may be selected by the entity Note: Indicate if any independent assessment/ evaluation/ Yes.",model,V,0.5391,S,0.4,vague_adj_ratio=0.00[NONE]; quantifier_count=0.00[NONE]; target_year=0.00[NONE],,,,Y
S0148,jsw,2023,BRSR,Does the entity have any project related to reducing Green House Gas emission?,model,V,0.6155,V,0.666,quantifier_count=0.00[NONE]; target_year=0.00[NONE]; specific_tech=0.00[NONE],,,,N
S0149,jsw,2023,BRSR,We have set ourselves an ambitious CO emission reduction target of 42% reduction over a base year of 2005 till 2030.,model,V,0.5475,S,0.267,vague_adj_ratio=0.00[NONE]; target_year=0.00[NONE]; specific_tech=0.00[NONE],,,,Y
S0150,jsw,2023,BRSR,Our roadmap to 2030 includes –  Focus on Energy and Process Efficiency  Energy Transition for De-carbonisation  Improving the raw material quality ,model,V,0.6081,V,0.6,quantifier_count=0.00[NONE]; target_year=0.00[NONE]; specific_tech=0.00[NONE],,,,N
S0151,jsw,2023,BRSR,This has helped reduce GHG and also plastic menace.,model,V,0.5690,S,0.4,vague_adj_ratio=0.00[NONE]; quantifier_count=0.00[NONE]; target_year=0.00[NONE],,,,N
S0152,jsw,2023,BRSR,We are also collaborating with various technology and engineering companies to explore and evaluate various Carbon Capture Utilisation and Storage (CCUS) options and their applications.,model,V,0.5391,S,0.4,vague_adj_ratio=0.00[NONE]; quantifier_count=0.00[NONE]; target_year=0.00[NONE],,,,Y
S0153,jsw,2023,BRSR,"For each category of waste generated, total waste recovered through recycling, re-using or other recovery operations (in metric tonnes)",model,V,0.6304,S,0.4,vague_adj_ratio=0.00[NONE]; quantifier_count=0.00[NONE]; target_year=0.00[NONE],,,,N
S0154,jsw,2023,BRSR,Category of waste (i) Recycled 14381620.60 13779746.00 (ii) Re-used 0 0 (iii) Other recovery operations 0 0,model,V,0.6304,S,0.4,vague_adj_ratio=0.00[NONE]; quantifier_count=0.00[NONE]; target_year=0.00[NONE],,,,N
S0155,jsw,2023,BRSR,The utilisation of blast furnace slag in JSW Cement operations is a classic example of material circularity which not only reduces the virgin material consumption but also helps in decarbonising another hard to abate sector.,model,V,0.5541,S,0.4,vague_adj_ratio=0.00[NONE]; quantifier_count=0.00[NONE]; target_year=0.00[NONE],,,,N
S0156,jsw,2023,BRSR,"If the entity has operations/offices in/around ecologically sensitive areas (such as national parks, wildlife sanctuaries, biosphere reserves, wetlands, biodiversity hotspots, forests, coastal regulation zones etc.) where environmental approvals / clearances are required, please specify details in the following format All our integrated steel plant facilities are compliant with the environmental regulations.",model,V,0.5690,S,0.4,vague_adj_ratio=0.00[NONE]; quantifier_count=0.00[NONE]; target_year=0.00[NONE],,,,N
S0157,jsw,2023,BRSR,"Is the entity compliant with the applicable environmental law/ regulations/ guidelines in India; such as the Water (Prevention and Control of Pollution) Act, Air (Prevention and Control of Pollution) Act, Environment protection act and rules thereunder (Y/N).",model,V,0.5690,S,0.4,vague_adj_ratio=0.00[NONE]; quantifier_count=0.00[NONE]; target_year=0.00[NONE],,,,N
S0158,jsw,2023,BRSR,"Provide break-up of the total energy consumed (in Joules or multiples) from renewable and non-renewable sources, in the following format: Parameter (Current Financial (Previous Financial From renewable sources Total electricity consumption (A) 1427160 GJ 0 Total fuel consumption (B 0 0 Energy consumption through other sources (C) 0 0 Total energy consumption (A+B+C) 1427160 GJ 0",model,V,0.5475,S,0.267,vague_adj_ratio=0.00[NONE]; target_year=0.00[NONE]; specific_tech=0.00[NONE],,,,Y
S0159,jsw,2023,BRSR,From Non renewable sources Total electricity consumption (D) 11223481 GJ 11703082 GJ Total fuel consumption (E) 481733789 GJ 435079392 GJ Energy consumption through other sources (F) 0 0 Total energy consumption (D+E+F) 492957270 GJ 446782474 GJ Note: Indicate if any independent assessment/ evaluation/assurance has been carried out by an Yes.,model,V,0.5475,S,0.267,vague_adj_ratio=0.00[NONE]; target_year=0.00[NONE]; specific_tech=0.00[NONE],,,,Y
S0160,jsw,2023,BRSR,Provide the following details related to water discharged: Parameter (Current Financial (Previous Financial Water discharge by destination and level of treatment (in kilolitres (i) To Surface water With treatment – please specify level of treatment (ii),model,V,0.5690,S,0.4,vague_adj_ratio=0.00[NONE]; quantifier_count=0.00[NONE]; target_year=0.00[NONE],,,,N
S0161,jsw,2023,BRSR,"With treatment – please specify level of treatment Vijayanagar, Dolvi and Salem are Zero (iii) To Seawater Discharge Plants.",model,V,0.5391,S,0.4,vague_adj_ratio=0.00[NONE]; quantifier_count=0.00[NONE]; target_year=0.00[NONE],,,,Y
S0162,jsw,2023,BRSR,With treatment – please specify level of treatment (iv) Sent to third-parties With treatment – please specify level of treatment With treatment – please specify level of treatment Total water discharged (in kilolitres),model,V,0.5690,S,0.4,vague_adj_ratio=0.00[NONE]; quantifier_count=0.00[NONE]; target_year=0.00[NONE],,,,N
S0163,jsw,2023,BRSR,"Water withdrawal, consumption and discharge in areas of water stress (in kilolitres): For each facility / plant located in areas of water stress, provide the following information: (i) Name of the area (ii) Nature of operations (iii) Water withdrawal, consumption and discharge in the following format 1.",model,V,0.5690,S,0.4,vague_adj_ratio=0.00[NONE]; quantifier_count=0.00[NONE]; target_year=0.00[NONE],,,,N
S0164,jsw,2023,BRSR,(i + ii + iii + iv + v) 47691075 49885850 Total volume of water consumption (in kilolitres) 27476760 28369250 Water intensity per rupee of turnover (Water consumed / turnover) 0.0396 L/₹ 0.0394 L/₹ Water intensity (optional) – the relevant metric may be selected by the entity - - Water discharge by destination and level of treatment (in kilolitres) (i) Into Surface water With treatment – please specify level of treatment (ii) Into Groundwater With treatment – please specify level of treatment (iii) Into Seawater All the plants of JSW Steel ie.,model,V,0.5541,S,0.4,vague_adj_ratio=0.00[NONE]; quantifier_count=0.00[NONE]; target_year=0.00[NONE],,,,N
S0165,jsw,2023,BRSR,(iv) Sent to third-parties With treatment – please specify level of treatment With treatment – please specify level of treatment Total water discharged (in kilolitres) 1.,model,V,0.5690,S,0.4,vague_adj_ratio=0.00[NONE]; quantifier_count=0.00[NONE]; target_year=0.00[NONE],,,,N
S0166,jsw,2023,BRSR,2339980 Water intensity per rupee of turnover (Water consumed / turnover) 0.0309 L/₹ 0.0347 L/₹ Water intensity (optional) – the relevant metric may be selected by the entity - - Water discharge by destination and level of treatment (in kilolitres),model,V,0.5690,S,0.4,vague_adj_ratio=0.00[NONE]; quantifier_count=0.00[NONE]; target_year=0.00[NONE],,,,N
S0167,jsw,2023,BRSR,(iv) Sent to third-parties With treatment – please specify level of treatment With treatment – please specify level of treatment Total water discharged (in kilolitres) 4.,model,V,0.5690,S,0.4,vague_adj_ratio=0.00[NONE]; quantifier_count=0.00[NONE]; target_year=0.00[NONE],,,,N
S0168,jsw,2023,BRSR,"Please provide details of total Scope 3 emissions & its intensity, in the following format Parameter Unit (Current Financial (Previous Financial Total Scope 3 emissions (Break-up of the GHG into CO , CH4, N2O, HFCs, PFCs, Tonnes of CO 1280553 716491 SF6, NF3, if available) Total Scope 3 emissions per rupee of turnover kgCO /₹",model,V,0.5541,S,0.4,vague_adj_ratio=0.00[NONE]; quantifier_count=0.00[NONE]; target_year=0.00[NONE],,,,N
S0169,jsw,2023,BRSR,turnover 0.00098 kgCO /₹ 0.00061 kgCO /₹ Total Scope 3 emission intensity (optional) – the relevant metric may be tCO /tcs - - selected by the entity Note: Indicate if any independent assessment/ evaluation/ assurance has Yes.,model,V,0.5541,S,0.4,vague_adj_ratio=0.00[NONE]; quantifier_count=0.00[NONE]; target_year=0.00[NONE],,,,N
S0170,jsw,2023,BRSR,"We were among the firsts to sign up and commit to the Indian Business and Biodiversity Initiative (IBBI), an initiative by the Confederation of Indian Industry (CII) in partnership with India’s Ministry of Environment, Forest & Climate Change.",model,V,0.5924,S,0.509,quantifier_count=0.00[NONE]; target_year=0.00[NONE]; specific_tech=0.00[NONE],,,,N
S0171,jsw,2023,BRSR,"JSW have taken up a Mangrove restoration project at Dolvi and planted more than a million saplings in the span of 4 years thereby bringing 340 hectares of land under forest cover which is estimated to have carbon capture, over a 25-year period, of approximately 185,000 tonnes.",model,S,0.5044,S,0.133,vague_adj_ratio=0.00[NONE]; target_year=0.00[NONE]; specific_tech=1.00[carbon capture|dolvi],,,,Y
S0172,jsw,2023,BRSR,"If the entity has undertaken any specific initiatives or used innovative technology or solutions to improve resource efficiency, or reduce impact due to emissions / effluent discharge / waste generated, please provide details of the same as well as outcome of such initiatives, as per the following format: Details of the initiative (Web- link, if any, may be S. No.",model,V,0.5690,S,0.4,vague_adj_ratio=0.00[NONE]; quantifier_count=0.00[NONE]; target_year=0.00[NONE],,,,N
S0173,jsw,2023,BRSR,"The Company is a member of various working groups to support the government in the following areas -  Governance and administration  Economic Reforms  Sustainable business principles  Energy, water and other natural resources  Social and community development ",model,V,0.5867,S,0.5,quantifier_count=0.00[NONE]; target_year=0.00[NONE]; specific_tech=0.00[NONE],,,,N
S0174,jsw,2023,BRSR,Turnover of products and/ services as a percentage of turnover from all products/service that carry information As a percentage to total turnover Environmental and social parameters relevant to the product Safe and responsible usage 100% Recycling and/or safe disposal 3.,model,V,0.5498,S,0.363,target_year=0.00[NONE]; verb_strength=0.10[NONE]; vague_adj_ratio=0.16[responsible],,,,Y
S0175,jsw,2023,BRSR,"interventions under public health, In FY 2022-23, profit after tax was education, skill development, social $10.5 million (`110 crore), compared to infrastructure, waste management, a net loss after tax of $10.6 million (`72 environment, drinking water, women crore) in FY 2021-22. empowerment, and so on.",model,V,0.5042,S,0.0,vague_adj_ratio=0.00[NONE]; quantifier_count=1.00[million|crore|fy 2022|fy 2021]; target_year=0.00[NONE],,,,Y
S0176,jsw,2023,BRSR,"company has developed a comprehensive climate To make this Vision a reality – a comprehensive strategy action plan with the goal of achieving carbon dioxide has been developed which is backed by a robust emission intensity reduction of more than 42% by 2030, Sustainability Framework.",model,V,0.5054,S,0.216,specific_tech=0.00[NONE]; verb_strength=0.10[NONE]; vague_adj_ratio=0.14[comprehensive],,,,Y
S0177,jsw,2023,BRSR,"JSW through beneficiation, increasing the use of renewable Steel’s Sustainability Framework is aligned to numerous energy and scrap, reducing coal consumption in iron national and international standards like ISO, IFC, UNGC, making, increased use of Pulverised Coal Injection OECD, UNSDGs, UNGP-BHR, and NGRBC.",model,V,0.5690,S,0.4,vague_adj_ratio=0.00[NONE]; quantifier_count=0.00[NONE]; target_year=0.00[NONE],,,,N
S0178,jsw,2023,BRSR,"The CAG, facilitated by the Corporate The Board-level Business Responsibility and Sustainability Team, operates as a central think-tank Sustainability Committee provides the oversights to formulate and drive the climate change mitigation and governance through reviews of the progress on strategy and actions towards a low-carbon future.",model,V,0.5683,S,0.48,quantifier_count=0.00[NONE]; target_year=0.00[NONE]; verb_strength=0.10[NONE],,,,N
S0179,jsw,2023,BRSR,"To ensure a seamless mechanism in place to review stakeholder JSW Steel is already demonstrating its committment issues periodically, JSW Steel has been undertaking to decarbonisation with an operating Carbon Capture extensive planning, process optimisation, sustainability Utilisation (CCU) plant at its Salav facility.",model,V,0.5581,S,0.483,quantifier_count=0.00[NONE]; target_year=0.00[NONE]; specific_tech=1.00[carbon capture|jsw steel],,,,N
S0180,jsw,2023,BRSR,"This plant of and investing in technology and innovation to limit 100 TPD capacity captures carbon from the exhaust environmental risks and is committed to build a gases generated by sponge iron operations, treating sustainable future for all.",model,V,0.6097,V,0.609,quantifier_count=0.00[NONE]; target_year=0.00[NONE]; specific_tech=0.00[NONE],,,,N
S0181,jsw,2023,BRSR,"In addition, the company has Key Sustainability Focus Areas committed `10,000 crore ($1.3 billion) over the next few • Climate Change years towards decarbonisation initiatives, including the shift to solar power for energy and increasing the usage of scrap in steel making operations.",model,V,0.5042,S,0.0,"vague_adj_ratio=0.00[NONE]; quantifier_count=1.00[crore|billion|,000]; target_year=0.00[NONE]",,,,Y
S0182,jsw,2023,BRSR,"During the year, JSW Steel has achieved a leadership • Water Resources rating (A) in the CDP’s Climate Change Disclosure program.",model,V,0.6018,S,0.4,vague_adj_ratio=0.00[NONE]; quantifier_count=0.00[NONE]; target_year=0.00[NONE],,,,N
S0183,jsw,2023,BRSR,This recognition highlights the dedication to sustainability and progress towards achieving the • Wastewater environmental goals.,model,V,0.5690,S,0.4,vague_adj_ratio=0.00[NONE]; quantifier_count=0.00[NONE]; target_year=0.00[NONE],,,,N
S0184,jsw,2023,BRSR,"• Air Emissions JSW Steel is proud to announce the launch of project SEED (Sustainable Energy Environment and Decarbonisation), a large scale decarbonisation • Local Considerations programme at Vijayanagar plant, as part of the commitment to achieving decarbonisation targets by 2030.",model,V,0.5001,S,0.367,specific_tech=1.00[vijayanagar|jsw steel]; verb_strength=0.10[NONE]; vague_adj_ratio=0.17[sustainable],,,,Y
S0185,jsw,2023,BRSR,"The programme, which involves over 200 members • Indigenous People across different shops, is driving on-ground action for the past 10 months, with the aim of achieving best-in- • Cultural Heritage class BF-BOF emissions.",model,V,0.5924,S,0.509,quantifier_count=0.00[NONE]; target_year=0.00[NONE]; specific_tech=0.00[NONE],,,,N
S0186,jsw,2023,BRSR,"Employee Wellbeing The programme has focused on leveraging advanced • Supply Chain Sustainability technologies and driving continuous improvement, with a strong emphasis on topics such as Carbon Capture • Sustainable Mining Utilisation and Storage (CCUS), COG injection in BF, • Social Sustainability and Super Sinter.",model,V,0.5719,S,0.56,quantifier_count=0.00[NONE]; target_year=0.00[NONE]; specific_tech=1.00[ccus|carbon capture],,,,N
S0187,jsw,2023,BRSR,"Through plant-wide workshops, JSW Steel have identified over 100 improvement initiatives the overall sustainability of their operations, and that have the potential to reduce CO emissions by contribute to a greener future for all.",model,V,0.5541,S,0.4,vague_adj_ratio=0.00[NONE]; quantifier_count=0.00[NONE]; target_year=0.00[NONE],,,,N
S0188,jsw,2023,BRSR,5) Water Management JSW Steel has set a target of achieving specific water JSW Steel has been steadily shifting towards cleaner consumption (in steel production) of 2.21 m3/tcs energy sources to optimise its business processes by 2030.,model,S,0.5247,S,0.133,vague_adj_ratio=0.00[NONE]; verb_strength=0.10[NONE]; quantifier_count=0.67[m3|by 2030],,,,Y
S0189,jsw,2023,BRSR,"As the Company’s main steel set a target of installing 10 GW of renewable power production facilities operate in water-scarce areas, JSW capacities and using only renewables in steel making Steel continuously implements process enhancements by 2030 and has made exceptional progress towards to achieve better water conservation and harvesting.",model,V,0.5036,S,0.206,specific_tech=0.00[NONE]; verb_strength=0.10[NONE]; vague_adj_ratio=0.12[better],,,,Y
S0190,jsw,2023,BRSR,"At present, JSW Steel has achieved The plants have robust water management strategies implementation of 225 MW of solar power plant that is in place to advance water conservation goals.",model,V,0.5954,S,0.267,vague_adj_ratio=0.00[NONE]; target_year=0.00[NONE]; verb_strength=0.85[achieved],,,,N
S0191,jsw,2023,BRSR,communicating the quantified environmental The consequences of poor waste management are information to customers about the product’s life cycle far-reaching and can affect every aspect of lives.,model,V,0.5690,S,0.4,vague_adj_ratio=0.00[NONE]; quantifier_count=0.00[NONE]; target_year=0.00[NONE],,,,N
S0192,jsw,2023,BRSR,"sanitation and hygiene problems to the acceleration of JSW Steel has received the GreenPro certification for climate change and pollution, the impact of waste on their JSW Neosteel TMT bars and 14 categories of Roofing society is undeniable.",model,V,0.5541,S,0.4,vague_adj_ratio=0.00[NONE]; quantifier_count=0.00[NONE]; target_year=0.00[NONE],,,,N
S0193,jsw,2023,BRSR,"JSW technologies for reducing the environmental impacts Steel generates significant quantities of waste as a during the construction, operation and maintenance of by-product in steelmaking processes.",model,V,0.6212,V,0.7,quantifier_count=0.00[NONE]; target_year=0.00[NONE]; specific_tech=0.00[NONE],,,,N
S0194,jsw,2023,BRSR,"A product which bears the waste, JSW Steel has implemented an integrated waste GreenPro Ecolabel has lower environmental impact and management strategy that considers the environmental contributes significantly to enhance the performance impact, social effects, and commercial viability of the of Green Buildings and Green Companies.",model,V,0.5679,S,0.477,quantifier_count=0.00[NONE]; target_year=0.00[NONE]; verb_strength=0.10[NONE],,,,N
S0195,jsw,2023,BRSR,"By prioritising waste minimisation and producing steel solutions that align with the principles embracing circular economy models, JSW Steel can of environmental stewardship and sustainability.",model,V,0.5541,S,0.4,vague_adj_ratio=0.00[NONE]; quantifier_count=0.00[NONE]; target_year=0.00[NONE],,,,N
S0196,jsw,2023,BRSR,The aim is to drive meaningful 7) Air Emissions and sustainable change among communities (Direct Influence Zones & Indirect Influence Zones) across eight Air pollution has adverse effects on the environment and human health.,model,V,0.6325,V,0.743,quantifier_count=0.00[NONE]; target_year=0.00[NONE]; specific_tech=0.00[NONE],,,,N
S0197,jsw,2023,BRSR,The the operations on the environment and are committed interventions aim to leverage the long-standing trust to reducing emissions.,model,V,0.6150,V,0.64,quantifier_count=0.00[NONE]; target_year=0.00[NONE]; specific_tech=0.00[NONE],,,,N
S0198,jsw,2023,BRSR,The Company strategy focuses on reducing both point-source (such as stack emissions),model,V,0.5690,S,0.4,vague_adj_ratio=0.00[NONE]; quantifier_count=0.00[NONE]; target_year=0.00[NONE],,,,N
S0199,jsw,2023,BRSR,The interventions range from strengthening educational and non-point source (such as fugitive emissions) institutions to provisioning of secondary & tertiary pollution.,model,V,0.5690,S,0.4,vague_adj_ratio=0.00[NONE]; quantifier_count=0.00[NONE]; target_year=0.00[NONE],,,,N
S0200,jsw,2023,BRSR,"JSW Steel have established stringent healthcare and strengthening of public health system, monitoring systems and deployed advanced emission helping communities access basic sanitation & reduction technologies to ensure compliance with promoting hygiene, contributing towards water and environmental regulations.",model,V,0.5969,S,0.477,quantifier_count=0.00[NONE]; target_year=0.00[NONE]; vague_adj_ratio=0.13[ensure],,,,N
S0201,jsw,2023,BRSR,"It is designed as a special bag During FY 2022-23, the Company spent `243 crore filter based dry gas cleaning system for sinter plants towards CSR expenditure and the balance of `48 crore and has capabilities to treat up to 430,000 Nm3/hour, was deposited in an escrow account for CSR spending significantly reducing dust emissions.",model,V,0.5042,S,0.0,"vague_adj_ratio=0.00[NONE]; quantifier_count=1.00[crore|fy 2022|,000]; target_year=0.00[NONE]",,,,Y
S0202,jsw,2023,BRSR,The Company actively collaborates JSW Foundation all-encompassing approach to with local environmental organisations and societies education involves interventions at various stages to assess the impact on biodiversity and enhance the along a child’s learning journey.,model,V,0.5690,S,0.4,vague_adj_ratio=0.00[NONE]; quantifier_count=0.00[NONE]; target_year=0.00[NONE],,,,N
S0203,jsw,2023,BRSR,"to enhance health and nutrition services at all levels The purpose of these mini forests is to increase green of the healthcare systems by increasing awareness, cover that offer a plethora of benefits such as lowering contributing to infrastructure development, and the temperature, reducing air and noise pollution, and encouraging community engagement to support the absorbing up to 30 times more carbon.",model,V,0.5804,S,0.465,quantifier_count=0.00[NONE]; target_year=0.00[NONE]; specific_tech=0.00[NONE],,,,N
S0204,jsw,2023,BRSR,"Recognised as a Supplier Engagement Leader by Awards and Recognition on Environment: CDP for implementation of current best practices • Dolvi Works has received CAP 2.0 Award (Climate Action Programme 2022), under the Category for Vijayanagar Energy, Mining and Heavy Manufacturing Sector for outstanding Initiatives and achievement on • Won the IIM National Sustainability Award for best Environment and Energy Management at JSW Steel quality, registering highest product development, profit making, human resources management, and environmental performances during the year.",model,V,0.5391,S,0.4,vague_adj_ratio=0.00[NONE]; quantifier_count=0.00[NONE]; target_year=0.00[NONE],,,,Y
S0205,jsw,2023,BRSR,jswsteel.in/investors/. • Carbon Disclosure Project (CDP) 7) Directors and Key Management Personnel • Principles under United Nations Global Compact,model,V,0.5391,S,0.4,vague_adj_ratio=0.00[NONE]; quantifier_count=0.00[NONE]; target_year=0.00[NONE],,,,Y
S0206,jsw,2024,BRSR,"We were among the firsts to sign up and commit to the Indian Business and Biodiversity Initiative (IBBI), an initiative by the Confederation of Indian Industry (CII) in partnership with India’s Ministry of Environment, Forest & Climate Change.",model,V,0.5924,S,0.509,quantifier_count=0.00[NONE]; target_year=0.00[NONE]; specific_tech=0.00[NONE],,,,N
S0207,jsw,2024,BRSR,"JSW have taken up a Mangrove restoration project at Dolvi and planted more than a million saplings in the span of 4 years thereby bringing 340 hectares of land under forest cover which is estimated to have carbon capture, over a 25-year period, of approximately 185,000 tonnes.",model,S,0.5044,S,0.133,vague_adj_ratio=0.00[NONE]; target_year=0.00[NONE]; specific_tech=1.00[carbon capture|dolvi],,,,Y
S0208,jsw,2024,BRSR,"If the entity has undertaken any specific initiatives or used innovative technology or solutions to improve resource efficiency, or reduce impact due to emissions / effluent discharge/waste generated, please provide details of the same as well as the outcome of such initiatives, as per the following format: The company is undertaking measures to optimise its energy consumption and reduce carbon emissions through demand side energy management and transitioning to renewable sources of energy.",model,V,0.5690,S,0.4,vague_adj_ratio=0.00[NONE]; quantifier_count=0.00[NONE]; target_year=0.00[NONE],,,,N
S0209,jsw,2024,BRSR,Waste Details provided under Sustainability/Environment/Waste/Interventions and outcomes 6. Waste Water Details provided under Sustainability/Environment/Waste Water /Interventions and outcomes 7.,model,V,0.5690,S,0.4,vague_adj_ratio=0.00[NONE]; quantifier_count=0.00[NONE]; target_year=0.00[NONE],,,,N
S0210,jsw,2024,BRSR,Air Emissions Details provided under Sustainability/Environment/Air Emissions /Interventions and outcomes 8.,model,V,0.5690,S,0.4,vague_adj_ratio=0.00[NONE]; quantifier_count=0.00[NONE]; target_year=0.00[NONE],,,,N
S0211,jsw,2024,BRSR,"The Company is a member of various working groups to support the government in the following  Governance and administration  Economic Reforms  Sustainable business principles  Energy, water and other natural resources  Social and community development ",model,V,0.5874,S,0.504,quantifier_count=0.00[NONE]; target_year=0.00[NONE]; specific_tech=0.00[NONE],,,,N
S0212,jsw,2024,BRSR,"Details of beneficiaries of CSR projects: % of beneficiaries from No. of persons benefitted CSR Project vulnerable and marginalised from CSR Projects Health & Nutrition 6,07,260.00 75% Education 5,54,902.00 75% Waste Management 1,47,150.00 75% Agri Livelihood 51,612.00 75% Water, Environment & Sanitation 2,49,630.00 75% Skills Livelihood 18,821.00 75% Promotion of Sports 69,762.00 75% PRINCIPLE 9: Businesses should engage with and provide value to their consumers in a responsible manner Essential Indicators 1.",model,S,0.5149,S,0.062,"quantifier_count=1.00[75%|,260|,902|,150]; target_year=0.00[NONE]; specific_tech=1.00[esp|gri]",,,,Y
S0213,jsw,2024,BRSR,Turnover of products and/or services as a percentage of turnover from all products/services that carry information As a% to total turnover Environmental and social parameters relevant to the product Safe and responsible usage 100% Recycling and/or safe disposal 3.,model,V,0.5505,S,0.367,target_year=0.00[NONE]; verb_strength=0.10[NONE]; vague_adj_ratio=0.17[responsible],,,,N
S0214,jsw,2024,BRSR,"and Substances causing Pollution ('Green cess') EBiTDA per tonne was `11,394 during FY 2023-24, higher Act, 2013 ('Green cess Act') and thereby levied a by 37.5% y-o-y, primarily on account of the decline in cess on the handling or utilisation or consumption coking coal prices, lower power and fuel costs, partially or combustion or movement or transportation etc, offset by lower sales realisations and increase in iron ore of certain products / substances (including coal and coke) causing pollution in the state of Goa The domestic subsidiaries posted an operating EBiTDA ('Green cess') at the rate of 0.5% of the sale value.",model,V,0.5754,S,0.043,"quantifier_count=1.00[37.5%|0.5%|fy 2023|,394]; target_year=0.00[NONE]; specific_tech=0.00[NONE]",,,,N
S0215,jsw,2024,BRSR,"The HSM in April 2022, JUSL, a wholly owned subsidiary facility has capability of manufacturing plates, of JSW Steel, received the environmental coils and is equipped with advanced features clearance ('Ec') for setting up a 13.2 MTPA such as Digital Reheating Furnaces, Evaporative greenfield integrated Steel Plant ('iSP') cooling System, Waste Heat Recovery System, from the Union Ministry of Environment & Attached Edger in Finishing mills for accurate width Forest and climate change ('MoEF&cc').",model,V,0.5174,S,0.267,vague_adj_ratio=0.00[NONE]; target_year=0.00[NONE]; specific_tech=1.00[waste heat recovery|jsw steel],,,,Y
S0216,jsw,2024,BRSR,"NSL Green Steel Recycling Limited ('NGSRL') land, for which the Divisional Forest Officer, The company has embarked on the journey of Mangrove Forest Division ('WL'), Rajnagar & reducing its carbon footprint by setting a target the collector on January 4, 2024 delivered of 1.95 TcO/Ton of steel from 2.52 TcO by 2030.",model,V,0.5283,S,0.356,specific_tech=0.00[NONE]; verb_strength=0.10[NONE]; vague_adj_ratio=0.15[green],,,,Y
S0217,jsw,2024,BRSR,2 2 documents pertaining to the handing over One of the steps the company identified for of possession for the total forest land achieving targeted cO emission is an increase in the consumption of steel scrap.,model,V,0.5690,S,0.4,vague_adj_ratio=0.00[NONE]; quantifier_count=0.00[NONE]; target_year=0.00[NONE],,,,N
S0218,jsw,2024,BRSR,"product offerings, the VTD and DSR projects will The project is expected to be commissioned in allow JSWSUO access to the growing markets of HRc to support APi applications, off shore wind plate, and others as well as positioning JSWSUO as (III) Joint Venture Companies a player in USA's renewable energy supply chain / Strategic acquisitions and joint ventures 1) JSW JFE Electrical Steel Private Limited (Formerly The project is expected to be commissioned in known as JSW Electrical Steel Private Limited)",model,V,0.6304,S,0.4,vague_adj_ratio=0.00[NONE]; quantifier_count=0.00[NONE]; target_year=0.00[NONE],,,,N
S0219,jsw,2024,BRSR,"Key sustainability focus areas: • climate change The policy also enumerates that efforts will be made to maintain a dividend payout (including dividend distribution tax and dividend on preference shares, if any) in the range of 15% to 20% of the consolidated net profit of the company, • Water resources in any financial year, subject to compliance of covenants • Waste with lenders/bondholders.",model,V,0.5259,S,0.133,vague_adj_ratio=0.00[NONE]; target_year=0.00[NONE]; specific_tech=0.00[NONE],,,,Y
S0220,jsw,2024,BRSR,Wastewater 3) Energy • Air emissions The company has been steadily shifting towards cleaner • Biodiversity energy sources to optimise its business processes and • Local considerations minimise energy consumption.,model,V,0.5690,S,0.4,vague_adj_ratio=0.00[NONE]; quantifier_count=0.00[NONE]; target_year=0.00[NONE],,,,N
S0221,jsw,2024,BRSR,The company has set a • Human rights target to transition from thermal to renewable energy usage for which it has planned installation of 10 GW • indigenous people renewable energy capacities by 2030.,model,S,0.5096,S,0.133,vague_adj_ratio=0.00[NONE]; specific_tech=0.00[NONE]; verb_strength=0.10[NONE],,,,Y
S0222,jsw,2024,BRSR,"At present, JSW • cultural heritage Steel has achieved the operationalisation of a 225 • Business ethics MW captive solar power plant that provides renewable • Employee wellbeing energy for consumption in steelmaking.",model,V,0.6304,S,0.4,vague_adj_ratio=0.00[NONE]; quantifier_count=0.00[NONE]; target_year=0.00[NONE],,,,N
S0223,jsw,2024,BRSR,Supply chain sustainability The company had entered into Power Purchase • Sustainable mining Agreement for procurement of 958 MW of renewable • Social sustainability power (733 MW Wind and 225 MW Solar) earlier.,model,V,0.5403,S,0.393,target_year=0.00[NONE]; specific_tech=1.00[mw solar|mw wind]; verb_strength=0.10[NONE],,,,Y
S0224,jsw,2024,BRSR,Tackling Climate Change capacity of 225 MW was commissioned at Vijayanagar in Q1 of FY 2022-23 and the balance capacity of 733 JSW Steel recognises its role as an industry leader and its MW wind power will be progressively commissioned by responsibility towards creating a cleaner and sustainable end of Q2 of FY 2024-25 across various plant locations.,model,V,0.5538,S,0.089,quantifier_count=1.00[mw|fy 2022|fy 2024]; target_year=0.00[NONE]; specific_tech=1.00[esp|vijayanagar|jsw steel],,,,N
S0225,jsw,2024,BRSR,"To this end, the company has Subsequently, the company contracted for 79 MW developed a comprehensive climate action plan and (Solar and Wind) capacities at its Vijayanagar and Anjar has published its first “climate Action Report” publicly locations, which will be commissioned by Q2 of FY 2025- available at https://www.jswsteel.in/sites/default/files/ assets/industry/steel/iR/cSR/Sustainability%20Reports/ JSW-climate-Action-Report-2024-23052024.pdf.",model,V,0.5854,S,0.196,target_year=0.00[NONE]; vague_adj_ratio=0.10[comprehensive]; verb_strength=0.85[commissioned],,,,N
S0226,jsw,2024,BRSR,The The Board of Directors has now approved entering company is taking a number of steps in its journey into contract for procuring a hybrid renewable energy towards decarbonisation: generation capacity of 600 MW (200 MW Solar and 400 MW Wind) along with 320 MWh battery storage at •,model,V,0.5174,S,0.267,vague_adj_ratio=0.00[NONE]; target_year=0.00[NONE]; specific_tech=1.00[mw solar|mw wind],,,,Y
S0227,jsw,2024,BRSR,"The company has set a target to reduce its cO emission intensity by 42% by 2030 (from 2005 base the above renewable capacities are being set up under year), and become Net Neutral in carbon emissions the group captive norms prescribed under the Electricity for all operations under its direct control by 2050 •",model,S,0.5312,S,0.0,vague_adj_ratio=0.00[NONE]; quantifier_count=1.00[42%|by 2030|by 2050]; specific_tech=0.00[NONE],,,,Y
S0228,jsw,2024,BRSR,"The company has earmarked USD 1.25 billion dollars in addition to this, the company is continuously towards initiatives to reduce our cO emissions to achieve its 2030 target practices to conserve energy and optimise input costs.",model,V,0.5122,S,0.267,vague_adj_ratio=0.00[NONE]; specific_tech=0.00[NONE]; verb_strength=0.10[NONE],,,,Y
S0229,jsw,2024,BRSR,"This recognition of Karnataka -, propelling the company forward in reflects the company’s leadership and steadfast the production of low-carbon-emission steel commitment to sustainable practices, exemplified by its active involvement in developing the GreenPro Standard •",model,V,0.6056,V,0.609,quantifier_count=0.00[NONE]; target_year=0.00[NONE]; specific_tech=0.00[NONE],,,,N
S0230,jsw,2024,BRSR,"‘Sustainable Energy Environment and Decarbonisation’ ('SEED') at its operations to bring The GreenPro ecolabel is a Type-1 ecolabel, and in changes at the grass root level to remain both represents the pinnacle of environmental sustainability and product performance in the indian manufacturing operational and cO emission efficient •",model,V,0.5841,S,0.486,quantifier_count=0.00[NONE]; target_year=0.00[NONE]; specific_tech=0.00[NONE],,,,N
S0231,jsw,2024,BRSR,The company is also exploring for setting up a the company's automotive steel products empowers dedicated factory to cater the low carbon emission automotive manufacturers to prioritise sustainability in their supply chains.,model,V,0.5690,S,0.4,vague_adj_ratio=0.00[NONE]; quantifier_count=0.00[NONE]; target_year=0.00[NONE],,,,N
S0232,jsw,2024,BRSR,"To stay up-to-date with rapid developments related to in addition, the company has obtained Environmental climate change, JSW Steel has constituted a climate Product Declarations ('EPDs') for all its finished products Action Group ('cAG').",model,V,0.5541,S,0.4,vague_adj_ratio=0.00[NONE]; quantifier_count=0.00[NONE]; target_year=0.00[NONE],,,,N
S0233,jsw,2024,BRSR,EPDs enable the company to to formulate and drive the climate change mitigation transparently communicate environmental information strategy and actions towards a low-carbon future.,model,V,0.5938,S,0.541,quantifier_count=0.00[NONE]; target_year=0.00[NONE]; specific_tech=0.00[NONE],,,,N
S0234,jsw,2024,BRSR,5) Water Management 8) Biodiversity The company has set a target of achieving specific JSW Steel pursues the biodiversity conservation for the water consumption (in steel production) of 2.21 m3/ protection and management of biodiversity to obtain tcs by 2030.,model,S,0.5247,S,0.133,vague_adj_ratio=0.00[NONE]; verb_strength=0.10[NONE]; quantifier_count=0.67[m3|by 2030],,,,Y
S0235,jsw,2024,BRSR,The company continuously implements process enhancements to is conducting specific biodiversity assessments achieve better water conservation.,manual,V,1.00,V,0.585,quantifier_count=0.00[NONE]; target_year=0.00[NONE]; specific_tech=0.00[NONE],V,2,QA conflict resolution,N
S0236,jsw,2024,BRSR,"has been recognised for leadership in corporate At Vijayanagar, a biodiversity initiative to develop a green transparency and performance in water security by belt at Sasan Vana Biodiversity Park spanning 240 acres global environmental non-profit cDP, securing a place of land has been initiated.",manual,S,1.00,S,0.486,quantifier_count=0.00[NONE]; target_year=0.00[NONE]; specific_tech=1.00[vijayanagar|cdp],S,2,QA conflict resolution,N
S0237,jsw,2024,BRSR,"This recognition flora and fauna, promoting environmental sustainability underscores the company’s unwavering commitment to and preserving the region’s biodiversity.",model,V,0.5690,S,0.4,vague_adj_ratio=0.00[NONE]; quantifier_count=0.00[NONE]; target_year=0.00[NONE],,,,N
S0238,jsw,2024,BRSR,"At Salem, Mahavanam is an effort to grow ‘Mini Urban 6) Circular Economy Forests’ in the Mecheri Union to reduce the average The company has prioritised waste minimisation and temperature by 2°c.",model,V,0.5690,S,0.4,vague_adj_ratio=0.00[NONE]; quantifier_count=0.00[NONE]; target_year=0.00[NONE],,,,N
S0239,jsw,2024,BRSR,"The purpose of these mini forests is embraced circular economy models into its business to increase green cover and offer a plethora of benefits operations and has achieved more than 99% of utilisation such as lowering the temperature, reducing air and noise of all wastes generated during FY24.",model,V,0.6241,S,0.35,target_year=0.00[NONE]; specific_tech=0.00[NONE]; vague_adj_ratio=0.14[green],,,,N
S0240,jsw,2024,BRSR,"To push towards a pollution, and absorbing up to 30 times more carbon.",model,V,0.5690,S,0.4,vague_adj_ratio=0.00[NONE]; quantifier_count=0.00[NONE]; target_year=0.00[NONE],,,,N
S0241,jsw,2024,BRSR,interventions aim to leverage the long-standing trust and engagement with the communities to enable a self- 7) Air Emissions sustaining ecosystem of well-being.,model,V,0.6013,S,0.56,quantifier_count=0.00[NONE]; target_year=0.00[NONE]; specific_tech=0.00[NONE],,,,N
S0242,jsw,2024,BRSR,"helping communities access basic sanitation and JSW Steel has adopted several policies and measures promoting hygiene, contributing towards water and to prevent, manage, and mitigate air emissions.",model,V,0.5541,S,0.4,vague_adj_ratio=0.00[NONE]; quantifier_count=0.00[NONE]; target_year=0.00[NONE],,,,N
S0243,jsw,2024,BRSR,point-source (such as stack emissions) and non-point source (such as fugitive emissions) pollution.,model,V,0.5690,S,0.4,vague_adj_ratio=0.00[NONE]; quantifier_count=0.00[NONE]; target_year=0.00[NONE],,,,N
S0244,jsw,2024,BRSR,deployed advanced emission reduction technologies to The cSR spend done by the company has increased ensure compliance with environmental regulations.,model,V,0.6275,S,0.572,quantifier_count=0.00[NONE]; target_year=0.00[NONE]; specific_tech=0.00[NONE],,,,N
S0245,jsw,2024,BRSR,The Maximised Emission after set off was `298 crore.,model,V,0.5475,S,0.267,vague_adj_ratio=0.00[NONE]; target_year=0.00[NONE]; specific_tech=0.00[NONE],,,,Y
S0246,jsw,2024,BRSR,"Won cii iTc Sustainability Award under the category of significant achievement in Environment • Recognised as one of 100 best companies for Management, highlighting key achievements in Women in india by Avtar environment management • certified as Great Place to Work and recognised • Won cAP 2.0 Award: climate Action Programme as india’s Best Workplaces in Health and Wellness Award under Oriented’ category in Energy, Mining 2023 & Heavy Manufacturing ('EMHM') sector by cii (confederation of indian industry and cii- iTc centre • Only steel company globally to secure ""A"" rating in of Excellence for sustainable development •",model,V,0.6522,S,0.531,quantifier_count=0.00[NONE]; target_year=0.00[NONE]; specific_tech=0.00[NONE],,,,N
S0247,jsw,2024,BRSR,Received the “Best innovative technology for recycling award” organised by cii – SR industrial • Global Energy Transition changemakers Award at water waste management competition in August cOP28 in Dubai for SEED Project •,model,V,0.5690,S,0.4,vague_adj_ratio=0.00[NONE]; quantifier_count=0.00[NONE]; target_year=0.00[NONE],,,,N
S0248,jsw,2024,BRSR,Exceed OHS Other awards received by respective Plants award & conference 2022 in the Steel category Vijayanagar • Recognised with “Platinum award” for EcO innovative • Won the prestigious Gold award in the Waste product by Grow care india Management category at the 14th Exceed Green • Recognised with “Gold award” for Excellence in Future Award & conference 2023 Energy Efficiency by Grow care india • Declared as a Gold Award winner in the international • Recognised with “Gold award” for Excellence in Research institute for Manufacturing (iRiM)’s india Water Management by Grow care india Green Manufacturing challenge (iGMc) Awards 2023 • 16 teams participated and won 16 Gold (First category) awards in chapter convention on Quality •,model,V,0.5448,S,0.432,quantifier_count=0.00[NONE]; target_year=0.00[NONE]; specific_tech=1.00[esp|vijayanagar],,,,Y
S0249,jsw,2024,BRSR,"• carbon Disclosure Project ('cDP') Pursuant to the recommendation of the Nomination • Principles under United Nations Global compact and Remuneration committee, the Board of Directors of the company (Board) at its meeting held on January • National Guidelines on Responsible Business 25, 2024, had subject to the approval of the members conduct ('NGRBc') at the ensuing AGM of the company, approved the The necessary disclosures under these guidelines, re-appointment of Mr. Jayant Acharya as a Whole-time together with the articulation of company’s approach to Director of the company, designated as Jt.",model,V,0.5475,S,0.447,quantifier_count=0.00[NONE]; target_year=0.00[NONE]; specific_tech=1.00[esp|carbon disclosure project|cdp],,,,Y
S0250,jsw,2025,BRSR,"and emissions influencing steel makers to pursue industry among the top in global emissions, management decarbonisation actively.",model,V,0.5690,S,0.4,vague_adj_ratio=0.00[NONE]; quantifier_count=0.00[NONE]; target_year=0.00[NONE],,,,N
S0251,jsw,2025,BRSR,"With India’s a transition towards a carbon-neutral nationally determined contributions scenario requires set targets and strong (NDCs), it has become crucial to actions.",model,V,0.5690,S,0.4,vague_adj_ratio=0.00[NONE]; quantifier_count=0.00[NONE]; target_year=0.00[NONE],,,,N
S0252,jsw,2025,BRSR,"We have developed clear targets for proactively work on achieving the set decarbonisation, have a dedicated climate targets in the climate change arena.",model,V,0.5690,S,0.4,vague_adj_ratio=0.00[NONE]; quantifier_count=0.00[NONE]; target_year=0.00[NONE],,,,N
S0253,jsw,2025,BRSR,"Our energy policy predominantly straddles efficient energy use, implementation of innovative projects to reduce energy demand and proactively embracing renewable energy (RE).",model,V,0.5690,S,0.4,vague_adj_ratio=0.00[NONE]; quantifier_count=0.00[NONE]; target_year=0.00[NONE],,,,N
S0254,jsw,2025,BRSR,"product and is crucial for decarbonisation of steel with product upgradation leading to process process sector, and we also believe that this will efficiency.",model,V,0.5690,S,0.4,vague_adj_ratio=0.00[NONE]; quantifier_count=0.00[NONE]; target_year=0.00[NONE],,,,N
S0255,jsw,2025,BRSR,"Hazardous and non-hazardous economy several spills over effects, including waste is formed in the steelmaking process organic decay of matter that contributes are managed using an integrated strategy to GHG emissions and non-decay of for efficient waste management, which single use plastics that clog the natural considers environmental impact, social ecosystem.",model,V,0.5690,S,0.4,vague_adj_ratio=0.00[NONE]; quantifier_count=0.00[NONE]; target_year=0.00[NONE],,,,N
S0256,jsw,2025,BRSR,We follow a widely accepted ‘waste management hierarchy which follows a 'prevent reuse- recycle-dispose' value chain.,model,V,0.5690,S,0.4,vague_adj_ratio=0.00[NONE]; quantifier_count=0.00[NONE]; target_year=0.00[NONE],,,,N
S0257,jsw,2025,BRSR,"A have achieved cost savings, mitigated water significant need for the industry to acquisition risks and achieved overall better consciously manage its effluents and environmental performance and compliance.",model,V,0.6888,V,0.76,quantifier_count=0.00[NONE]; target_year=0.00[NONE]; specific_tech=0.00[NONE],,,,N
S0258,jsw,2025,BRSR,restrict discharge into natural water Our onsite Sewage Treatment Plants (STPs) bodies.,model,V,0.5690,S,0.4,vague_adj_ratio=0.00[NONE]; quantifier_count=0.00[NONE]; target_year=0.00[NONE],,,,N
S0259,jsw,2025,BRSR,"CII, National Action Plan on Climate Change, National Environmental Policy, UN Sustainable Development Goals, Global Reporting Initiative, Carbon Disclosure Project (CDP), Dow Jones Sustainability Index (DJSI) and Task Force on Climate- related Financial Disclosures (TCFD) and TNFD.",model,V,0.5539,S,0.483,quantifier_count=0.00[NONE]; target_year=0.00[NONE]; specific_tech=1.00[tcfd|carbon disclosure project|cdp],,,,N
S0260,jsw,2025,BRSR,"change, energy, water, waste, air emissions, biodiversity, safety, diversity, etc.",model,V,0.5690,S,0.4,vague_adj_ratio=0.00[NONE]; quantifier_count=0.00[NONE]; target_year=0.00[NONE],,,,N
S0261,jsw,2025,BRSR,"The topics covered include the Committee Meetings which have discussions 100.00 directors topics on all principles of BRSR including climate change, biodiversity, water, Sustainability Key Performance Indicators, Global trends on sustainability and best Practices in industry, external ratings and disclosures, Stakeholder engagement and Materiality, climate change Risks and Opportunities etc.",model,V,0.5690,S,0.4,vague_adj_ratio=0.00[NONE]; quantifier_count=0.00[NONE]; target_year=0.00[NONE],,,,N
S0262,jsw,2025,BRSR,"Principle (In INR) judicial institutions (Yes/No) Penalty/Fine 1 Principle 6 Chhattisgarh 360,000 Emission of smoke from duct canopy from the shed of No Environment SMS Unit and high emission from the chimney of the Conservation Board, sinter plant was observed by Regional officer and Chief Raipur (CG) Chemist of C.E.C.B. Penalty/Fine 2 Principle 6 Chhattisgarh 570,000 Penalty letters received from Chhattisgarh No Environment Environment Conservation Board (CECB) RO for Conservation Board Improper tarpaulin covering of Coal transporting truck.",model,V,0.5475,S,0.267,vague_adj_ratio=0.00[NONE]; target_year=0.00[NONE]; specific_tech=0.00[NONE],,,,Y
S0263,jsw,2025,BRSR,"A ction taken by JSW – M/s. Monnet Ispat & Energy Ltd. was taken over by JSW Steel Ltd. under the IBC Framework and hence filed an Application before the Sp. Judge, CBI seeking discharge under Section 32A, whereby liability of a corporate debtor for an offence committed prior to the CIRP shall cease and the corporate debtor shall not be prosecuted for such offence from the approval of the resolution plan.",model,V,0.5834,S,0.4,vague_adj_ratio=0.00[NONE]; quantifier_count=0.00[NONE]; target_year=0.00[NONE],,,,N
S0264,jsw,2025,BRSR,"3. Describe the processes in place to safely reclaim your products for reusing, recycling, and disposing at the end of life, for (a) Plastics (including packaging) (b) E-waste (c) Hazardous waste and (d) other waste.",model,V,0.5732,S,0.4,vague_adj_ratio=0.00[NONE]; quantifier_count=0.00[NONE]; target_year=0.00[NONE],,,,N
S0265,jsw,2025,BRSR,"JSW Steel also safely recycles plastic, e-waste, and hazardous waste by working with authorized recyclers and filing returns with relevant statutory bodies.",model,V,0.5541,S,0.4,vague_adj_ratio=0.00[NONE]; quantifier_count=0.00[NONE]; target_year=0.00[NONE],,,,N
S0266,jsw,2025,BRSR,"If yes, whether the waste collection plan is in line with the EPR plan submitted to Pollution Control Boards?",model,V,0.5690,S,0.4,vague_adj_ratio=0.00[NONE]; quantifier_count=0.00[NONE]; target_year=0.00[NONE],,,,N
S0267,jsw,2025,BRSR,"Of the products and packaging reclaimed at end of life of products, amount (in metric tonnes) reused, recycled, and safely disposed, as per the following format: Waste Details Current Financial Year Previous Financial Year REUSED Recycled Safely disposed REUSED Recycled Safely disposed Plastics (including packaging)",model,V,0.5980,S,0.4,vague_adj_ratio=0.00[NONE]; quantifier_count=0.00[NONE]; target_year=0.00[NONE],,,,N
S0268,jsw,2025,BRSR,"Overall, the Company has aligned its CSR programmes to the key areas of health and nutrition, education and learning, agri-initiatives, livelihood, sanitation, water conservation and augmentation, biodiversity promotion, skill enhancement and art, culture and sports.",model,V,0.5541,S,0.4,vague_adj_ratio=0.00[NONE]; quantifier_count=0.00[NONE]; target_year=0.00[NONE],,,,N
S0269,jsw,2025,BRSR,Provide the following details related to water discharged (in kilolitres): Current Financial Year Previous Financial Year Water discharge by destination and level of treatment (in kilolitres) (i) To Surface water No treatment 0.00 Kl 0.00 Kl With treatment – please specify level of treatment 0.00,model,V,0.5475,S,0.267,vague_adj_ratio=0.00[NONE]; target_year=0.00[NONE]; specific_tech=0.00[NONE],,,,Y
S0270,jsw,2025,BRSR,No treatment 0.00 Kl 0.00 Kl With treatment – please specify level of treatment 0.00 Kl 0.00 Kl Total water discharged (in kilolitres) 0.00 Kl 0.00 Kl Note: Indicate if any independent assessment/evaluation/assurance has been carried out by an external agency?,model,V,0.5475,S,0.267,vague_adj_ratio=0.00[NONE]; target_year=0.00[NONE]; specific_tech=0.00[NONE],,,,Y
S0271,jsw,2025,BRSR,"Yes, we have also adopted a range of measures for water security for us as well as communities in and around us that includes improving water consumption efficiency, increased recycling of treated waste water to reduce fresh water intake, selection of advanced water treatment technologies, sustained Zero Liquid Discharge for all plants and also rainwater harvesting, integrated watershed management projects beyond the fence.",model,V,0.5690,S,0.4,vague_adj_ratio=0.00[NONE]; quantifier_count=0.00[NONE]; target_year=0.00[NONE],,,,N
S0272,jsw,2025,BRSR,Please provide details of air emissions (other than GHG emissions) by the entity: Current Financial Year Previous Financial Year NOx 1.15 Kg/tcs 1.19 Kg/tcs SOx 1.66 Kg/tcs 1.66 Kg/tcs Particulate matter (PM),model,V,0.5690,S,0.4,vague_adj_ratio=0.00[NONE]; quantifier_count=0.00[NONE]; target_year=0.00[NONE],,,,N
S0273,jsw,2025,BRSR,"Provide details of greenhouse gas emissions (Scope 1 and Scope 2 emissions) and its intensity: Current Financial Year Previous Financial Year Total Scope 1 emissions (Break-up of the GHG into CO , CH , N O, HFCs, Ton CO 5,31,00,751.63 5,21,06,566.00 PFCs, SF , NF , if available) Total Scope 2 emissions (Break-up of the GHG into CO , CH , N O, HFCs, Ton CO 16,53,056.65 10,61,079.00 PFCs, SF , NF , if available) Total Scope 1 and Scope 2 emissions per rupee of turnover (Total Scope 1 and Scope 2 GHG emissions/Revenue from operations)",model,S,0.5261,S,0.0,"vague_adj_ratio=0.00[NONE]; quantifier_count=1.00[,751|,566|,056|,079]; target_year=0.00[NONE]",,,,Y
S0274,jsw,2025,BRSR,Ton CO /I 0.00004356 0.00003979 Total Scope 1 and Scope 2 emissions intensity per rupee of turnover Ton CO /USD 0.00090008 0.000891 adjusted for Purchasing Power Parity (PPP),model,V,0.5391,S,0.4,vague_adj_ratio=0.00[NONE]; quantifier_count=0.00[NONE]; target_year=0.00[NONE],,,,Y
S0275,jsw,2025,BRSR,(Total Scope 1 and Scope 2 GHG emissions/Revenue from operations adjusted for PPP),model,V,0.5391,S,0.4,vague_adj_ratio=0.00[NONE]; quantifier_count=0.00[NONE]; target_year=0.00[NONE],,,,Y
S0276,jsw,2025,BRSR,Total Scope 1 and Scope 2 emissions intensity in terms of physical outputTon,model,V,0.5391,S,0.4,vague_adj_ratio=0.00[NONE]; quantifier_count=0.00[NONE]; target_year=0.00[NONE],,,,Y
S0277,jsw,2025,BRSR,2.436 2.44 Total Scope 1 and Scope 2 emissions intensity (optional) – the relevant metric may be selected by the entity Note: Indicate if any independent assessment/evaluation/assurance has been carried out by an external agency?,model,V,0.5391,S,0.4,vague_adj_ratio=0.00[NONE]; quantifier_count=0.00[NONE]; target_year=0.00[NONE],,,,Y
S0278,jsw,2025,BRSR,Does the entity have any project related to reducing greenhouse gas emission?,model,V,0.5690,S,0.4,vague_adj_ratio=0.00[NONE]; quantifier_count=0.00[NONE]; target_year=0.00[NONE],,,,N
S0279,jsw,2025,BRSR,We have set ourselves an ambitious CO emission reduction target of 42% reduction over a base year of 2005 till 2030.,model,V,0.5475,S,0.267,vague_adj_ratio=0.00[NONE]; target_year=0.00[NONE]; specific_tech=0.00[NONE],,,,Y
S0280,jsw,2025,BRSR,Our roadmap to 2030 includes – a) Focus on Energy and Process Efficiency b) Energy Transition for De-carbonisation c) Improving the raw material quality d),manual,V,1.00,V,0.6,quantifier_count=0.00[NONE]; target_year=0.00[NONE]; specific_tech=0.00[NONE],V,2,QA conflict resolution,N
S0281,jsw,2025,BRSR,This has helped reduce GHG and also plastic menace.,model,V,0.5690,S,0.4,vague_adj_ratio=0.00[NONE]; quantifier_count=0.00[NONE]; target_year=0.00[NONE],,,,N
S0282,jsw,2025,BRSR,We are also collaborating with various technology and engineering companies to explore and evaluate various Carbon Capture Utilization and Storage (CCUS) options and their applications.,model,V,0.5391,S,0.4,vague_adj_ratio=0.00[NONE]; quantifier_count=0.00[NONE]; target_year=0.00[NONE],,,,Y
S0283,jsw,2025,BRSR,We are accelerating our Renewable energy uses into steel making.,model,V,0.5690,S,0.4,vague_adj_ratio=0.00[NONE]; quantifier_count=0.00[NONE]; target_year=0.00[NONE],,,,N
S0284,jsw,2025,BRSR,Currently we are already using RE power from 225 MW Solar plant and partly from 600 MW wind power plant which is under commissioning.,model,V,0.5174,S,0.267,vague_adj_ratio=0.00[NONE]; target_year=0.00[NONE]; specific_tech=1.00[solar plant|mw solar|mw wind],,,,Y
S0285,jsw,2025,BRSR,"Tonne/I 0.00001138 Tonnes/I Waste intensity per rupee of turnover adjusted for Purchasing Power Parity (PPP) (Total 0.000314 Tonnes/USD 0.000255 Tonnes/USD waste generated/Revenue from operations adjusted for PPP) Waste intensity in terms of physical output 0.850 Metric tonnes/ 0.70 Metric tonnes/ Metric tonnes of Metric tonnes of production production Waste intensity (optional) – the relevant metric may be selected by the entity For each category of waste generated, total waste recovered through recycling, re-using or other recovery operations (in metric tonnes)",model,V,0.6099,S,0.267,vague_adj_ratio=0.00[NONE]; target_year=0.00[NONE]; specific_tech=0.00[NONE],,,,N
S0286,jsw,2025,BRSR,"Category of waste (i) Recycled 1,65,46,749.8412 Tonne 1,50,76,412.0000 Tonne (ii) Re-used 0.00 Tonne 0.00 Tonne (iii) Other recovery operations 0.0000 Tonne 0.0000 Tonne Total 1,65,46,749.85 Tonne 1,50,76,412.00 Tonne",model,V,0.5678,S,0.0,"vague_adj_ratio=0.00[NONE]; quantifier_count=1.00[tonne|,749|,412]; target_year=0.00[NONE]",,,,N
S0287,jsw,2025,BRSR,"The fly ash generated from the company’s power plants is repurposed for brick manufacturing, while tar produced in the coke ovens is supplied to the carbon black industry.",model,V,0.5690,S,0.4,vague_adj_ratio=0.00[NONE]; quantifier_count=0.00[NONE]; target_year=0.00[NONE],,,,N
S0288,jsw,2025,BRSR,"Waste gases from production units are efficiently recovered and reused internally for heating and electricity generation, enhancing overall energy efficiency.",model,V,0.6304,S,0.4,vague_adj_ratio=0.00[NONE]; quantifier_count=0.00[NONE]; target_year=0.00[NONE],,,,N
S0289,jsw,2025,BRSR,"Through these integrated and forward-thinking practices, JSW Steel demonstrates a strong commitment to sustainable waste management and resource circularity, reinforcing its role as a leader in environmental stewardship through industrial innovation.",model,V,0.5727,S,0.504,quantifier_count=0.00[NONE]; target_year=0.00[NONE]; verb_strength=0.10[NONE],,,,N
S0290,jsw,2025,BRSR,"If the entity has operations/offices in/around ecologically sensitive areas (such as national parks, wildlife sanctuaries, biosphere reserves, wetlands, biodiversity hotspots, forests, coastal regulation zones, etc.) where environmental approvals/clearances are required, please specify details in the following format:",model,V,0.5690,S,0.4,vague_adj_ratio=0.00[NONE]; quantifier_count=0.00[NONE]; target_year=0.00[NONE],,,,N
S0291,jsw,2025,BRSR,"Is the entity compliant with the applicable environmental law/regulations/guidelines in India; such as the Water (prevention and control of pollution) Act, Air (prevention and control of pollution) Act, Environment Protection Act, and rules there under (Y/N).",model,V,0.5690,S,0.4,vague_adj_ratio=0.00[NONE]; quantifier_count=0.00[NONE]; target_year=0.00[NONE],,,,N
S0292,jsw,2025,BRSR,"Water withdrawal, consumption and discharge in areas of water stress (in kilolitres): For each facility/plant located in areas of water stress, provide the following information: i. Name of the area : Vijayanagar, Salem, Raigarh, Karnataka Mines ii.",model,V,0.5541,S,0.4,vague_adj_ratio=0.00[NONE]; quantifier_count=0.00[NONE]; target_year=0.00[NONE],,,,N
S0293,jsw,2025,BRSR,"Water withdrawal, consumption and discharge in the following format: Current Financial Year Previous Financial Year Water withdrawal by source (in kilolitres) (i) Surface water 59303549.05 Kl 55245020.00 Kl (ii) Groundwater 118140.00",model,V,0.5475,S,0.267,vague_adj_ratio=0.00[NONE]; target_year=0.00[NONE]; specific_tech=0.00[NONE],,,,Y
S0294,jsw,2025,BRSR,32105186.16 Kl 29934640.00 Kl Water intensity per rupee of turnover (Water consumed/turnover) 0.00002554 Kl/I 0.00002240 Kl/I Water intensity (optional) – the relevant metric may be selected by the entity Current Financial Year Previous Financial Year Water discharge by destination and level of treatment (in kilolitres) (i) Into Surface water No treatment 0.00 Kl 0.00 Kl With treatment – please specify level of treatment 0.00,model,V,0.5475,S,0.267,vague_adj_ratio=0.00[NONE]; target_year=0.00[NONE]; specific_tech=0.00[NONE],,,,Y
S0295,jsw,2025,BRSR,No treatment 0.00 Kl 0.00 Kl With treatment – please specify level of treatment 0.00 Kl 0.00 Kl Total water discharged (in kilolitres) 0.00 Kl 0.00 Kl Source-India water tool 3.0 for water stress area details.,model,V,0.5475,S,0.267,vague_adj_ratio=0.00[NONE]; target_year=0.00[NONE]; specific_tech=0.00[NONE],,,,Y
S0296,jsw,2025,BRSR,"Please provide details of total Scope 3 emissions & their intensity: Current Financial Year Previous Financial Year Total Scope 3 emissions (Break-up of the GHG into CO , CH , N O, HFCs, Ton CO 8693479.00 6967897.00 PFCs, SF , NF , if available) Total Scope 3 emissions per rupee of turnover Ton CO /I 0.00000691 0.00000521 Total Scope 3 emission intensity (optional) – the relevant metric may be selected by the entity Note:",model,V,0.5541,S,0.4,vague_adj_ratio=0.00[NONE]; quantifier_count=0.00[NONE]; target_year=0.00[NONE],,,,N
S0297,jsw,2025,BRSR,"We were among the firsts to sign up and commit to the Indian Business and Biodiversity Initiative (IBBI), an initiative by the Confederation of Indian Industry (CII) in partnership with India’s Ministry of Environment, Forest & Climate Change.",model,V,0.5924,S,0.509,quantifier_count=0.00[NONE]; target_year=0.00[NONE]; specific_tech=0.00[NONE],,,,N
S0298,jsw,2025,BRSR,"If the entity has undertaken any specific initiatives or used innovative technology or solutions to improve resource efficiency, or reduce impact due to emissions/effluent discharge/waste generated, please provide details of the same as well as the outcome of such initiatives: Sr. Initiative Outcome of the Details of the initiative (Web-link, if any, may be provided along-with summary) No. undertaken initiative 5.",model,V,0.5690,S,0.4,vague_adj_ratio=0.00[NONE]; quantifier_count=0.00[NONE]; target_year=0.00[NONE],,,,N
S0299,jsw,2025,BRSR,Turnover of products and/or services as a percentage of turnover from all products/services that carry information As a % to total turnover Environmental and social parameters relevant to the product 100.00 Safe and responsible usage 100.00 Recycling and/or safe disposal 100.00 3.,model,V,0.5719,S,0.5,quantifier_count=0.00[NONE]; target_year=0.00[NONE]; verb_strength=0.10[NONE],,,,N
S0300,jsw,2025,BRSR,"unit comprising a 0.9 MTPA DRI plant and auxiliary Accordingly, the Company had recognised a net facilities, to JSW Green Steel Limited, a wholly owned provision amounting to I342 crore on September subsidiary through a slump sale, as part of Company’s 30, 2024, pertaining to the underlying carrying value strategy to set up an integrated steel plant at Salav, of assets, inventory (excluding net impact of net aimed at reducing its carbon footprint.",model,V,0.5512,S,0.25,target_year=0.00[NONE]; specific_tech=0.00[NONE]; verb_strength=0.15[aim|aimed],,,,N
S0301,jsw,2025,BRSR,"right from manufacturing Pig Iron, DRI, Billets, HR Coils, The HSM facility has capability of manufacturing CR Coils, GP/GC Sheets, Precision Tubes, Black Pipe/GI plates/coils and is equipped with advanced features Pipe, Cable Tapes, Tor Steel, Carbon, and Special Alloy which can produce superior value-added grades.",model,V,0.5690,S,0.4,vague_adj_ratio=0.00[NONE]; quantifier_count=0.00[NONE]; target_year=0.00[NONE],,,,N
S0302,jsw,2025,BRSR,The Board of Directors had approved the capital expenditure to be incurred by JUSL for setting up: (a) a JUSL has received environmental clearance (EC) for setting up a 13.2 MTPA greenfield Integrated Steel Plant (“KMs”) from the Nuagaon mines to Jagatsinghpur; and (ISP) from the Union Ministry of Environment & Forest (b) an 8 MTPA pellet plant at Jagatsinghpur including land and Climate Change (MoEF&CC).,model,V,0.5475,S,0.267,vague_adj_ratio=0.00[NONE]; target_year=0.00[NONE]; specific_tech=0.00[NONE],,,,Y
S0303,jsw,2025,BRSR,NSL Green Steel Recycling Limited (NSL) or through third parties that may be able to set up the The Company has embarked on the journey of reducing its carbon footprint by setting a target of 1.95T CO /Ton of steel from 2.52 TCO /Ton of steel sale.,model,V,0.5891,S,0.514,quantifier_count=0.00[NONE]; target_year=0.00[NONE]; specific_tech=0.00[NONE],,,,N
S0304,jsw,2025,BRSR,achieving targeted CO emission is an increase in the 2 10.,model,V,0.5690,S,0.4,vague_adj_ratio=0.00[NONE]; quantifier_count=0.00[NONE]; target_year=0.00[NONE],,,,N
S0305,jsw,2025,BRSR,"The first phase of modernisation Increasingly, upcoming regulations across the world was completed and commissioned in FY 2021- is expected to source steel with low carbon footprint.",model,V,0.6099,S,0.267,vague_adj_ratio=0.00[NONE]; target_year=0.00[NONE]; specific_tech=0.00[NONE],,,,N
S0306,jsw,2025,BRSR,The second phase of the modernisation is The Carbon Border Adjustment Mechanism (CBAM) expected to be completed in FY 2026-27.,model,V,0.6099,S,0.267,vague_adj_ratio=0.00[NONE]; target_year=0.00[NONE]; specific_tech=0.00[NONE],,,,N
S0307,jsw,2025,BRSR,"The implementation by the European Union and the second phase of the modernisation of Baytown Government of India's initiatives to bring down carbon plate mill will allow JSW Steel (USA) Inc. to supply emission in the Steel industry and support it reach net plate for applications including heavy plates for zero by 2070 are likely to develop a global market for pressure vessels, bridges, mining and agricultural green steel.",model,V,0.5496,S,0.459,quantifier_count=0.00[NONE]; target_year=0.00[NONE]; specific_tech=1.00[jsw steel|gri],,,,Y
S0308,jsw,2025,BRSR,"Government projects are likely to mandate equipment, shipbuilding, utility structures, purchase of steel with low carbon emission in phased offshore structures for oil & gas production, and manner in near future.",model,V,0.5690,S,0.4,vague_adj_ratio=0.00[NONE]; quantifier_count=0.00[NONE]; target_year=0.00[NONE],,,,N
S0309,jsw,2025,BRSR,"In line with the Company’s strategy to set up a green T he unit produced 0.45 MNTPA of plates and steel plant in order to cater to the export requirements, 0.041 MNTPA of pipes with capacity utilisation of manufacturing steel with low carbon emissions, the 47% and 7%, respectively.",manual,S,1.00,S,0.092,quantifier_count=1.00[47%|7%|mnt]; target_year=0.00[NONE]; verb_strength=0.10[NONE],S,2,QA conflict resolution,N
S0310,jsw,2025,BRSR,"JSW Steel (USA) reported requirement to track the CO emissions separately and 2 an EBITDA of $20.2 million (I174 crore), compared exploring new technology like green hydrogen usage to $113.3 million (I940 crore) in FY 2023-24.",manual,S,1.00,S,0.133,quantifier_count=1.00[million|crore|fy 2023]; target_year=0.00[NONE]; verb_strength=0.85[reported],S,2,QA conflict resolution,N
S0311,jsw,2025,BRSR,Since then JSW MI Steel renewable energy leading to accelerated growth of high Service Center Private Limited has established a mark in efficiency transformer demand.,model,V,0.5690,S,0.4,vague_adj_ratio=0.00[NONE]; quantifier_count=0.00[NONE]; target_year=0.00[NONE],,,,N
S0312,jsw,2025,BRSR,"JSW MI presently has 4 major steel service electricity to every household) thereby widening centres across India in the locations of Pune, Palwal, transmission and distribution grid coverage, high Chennai and Ahmedabad with a total installed capacity growth in renewable energy power generation capacity of 1.15 MTPA.",model,V,0.5954,S,0.267,vague_adj_ratio=0.00[NONE]; target_year=0.00[NONE]; verb_strength=0.85[installed],,,,N
S0313,jsw,2025,BRSR,"The associated technology package were considered material are: Climate change, Energy, from the thyssenkrupp group has been transferred Resources, Water resources, Waste, Wastewater, Air to the Company.",model,V,0.5690,S,0.4,vague_adj_ratio=0.00[NONE]; quantifier_count=0.00[NONE]; target_year=0.00[NONE],,,,N
S0314,jsw,2025,BRSR,"The total purchase consideration emissions, Biodiversity, Local considerations, Human for the transaction (including closing adjustments) rights, Indigenous people, Cultural heritage, Business is I4,159 crore.",model,V,0.5475,S,0.267,vague_adj_ratio=0.00[NONE]; target_year=0.00[NONE]; specific_tech=0.00[NONE],,,,Y
S0315,jsw,2025,BRSR,"The acquisition provides integrates sustainability principles across its business the Company with access to cutting-edge technology operations, with a strong focus on decarbonisation, thereby aligning with its strategy of enhancing its value- circular economy practices, inclusive development, added portfolio.",model,V,0.6114,S,0.477,quantifier_count=0.00[NONE]; target_year=0.00[NONE]; specific_tech=0.00[NONE],,,,N
S0316,jsw,2025,BRSR,"The Company has been investing in https://www.jswsteel.in/sites/default/files/assets/ low-carbon process technologies, alternative raw industry/steel/IR/CSR/Sustainability%20Reports/ materials, and digital solutions to improve performance.",model,V,0.5891,S,0.514,quantifier_count=0.00[NONE]; target_year=0.00[NONE]; specific_tech=0.00[NONE],,,,N
S0317,jsw,2025,BRSR,"In particular, JSW’s R&D efforts focus on reducing The Company’s climate change ambitions, strategy, carbon emissions through innovations in steelmaking targets and plans are well documented in the report.",model,V,0.5954,S,0.527,quantifier_count=0.00[NONE]; target_year=0.00[NONE]; specific_tech=0.00[NONE],,,,N
S0318,jsw,2025,BRSR,"processes, enhancing energy and resource efficiency, Whilst the Company has set a target to achieve 42% and developing sustainable product alternatives reduction in its CO emissions by 2030, it has made like high-strength and low-weight steels for green 2 significant progress in achieving its commitment mobility and infrastructure.",model,V,0.5523,S,0.476,specific_tech=0.00[NONE]; verb_strength=0.10[NONE]; quantifier_count=0.67[42%|by 2030],,,,N
S0319,jsw,2025,BRSR,"By embedding R&D into its towards climate change mitigation by reducing its CO sustainability strategy, JSW Steel is not only addressing 2 emission intensity by 30% from its base year of 2005 in environmental risks but also positioning itself as a FY 25.",model,V,0.5325,S,0.267,vague_adj_ratio=0.00[NONE]; target_year=0.00[NONE]; verb_strength=0.10[NONE],,,,Y
S0320,jsw,2025,BRSR,"To create long-term to formulate and drive our climate change mitigation value for all stakeholders, the Company has set specific strategy and actions towards a low-carbon future.",model,V,0.6183,V,0.683,quantifier_count=0.00[NONE]; target_year=0.00[NONE]; specific_tech=0.00[NONE],,,,N
S0321,jsw,2025,BRSR,"JSW Steel has achieved issues periodically, JSW Steel has been undertaking the operationalisation of a 225 MW captive solar power extensive planning and process optimisation and plant and 557 MW of wind capacity, totalling to 782 MW investing in technology and innovation to limit out of proposed 825 MW that provides renewable energy sustainability risks and is committed to building a (RE) for consumption in steelmaking.",model,V,0.5747,S,0.338,target_year=0.00[NONE]; vague_adj_ratio=0.12[committed to]; quantifier_count=0.33[mw],,,,N
S0322,jsw,2025,BRSR,Board has already approved 2.5GW of RE capacity installation combined with 320MWh of battery storage (such as fugitive emissions) pollution.,model,V,0.5259,S,0.133,vague_adj_ratio=0.00[NONE]; target_year=0.00[NONE]; specific_tech=0.00[NONE],,,,Y
S0323,jsw,2025,BRSR,The Company is established stringent monitoring systems and deployed continuously introducing and adopting energy-efficient advanced emission reduction technologies to ensure systems and practices to conserve energy and optimise compliance with environmental regulations.,model,V,0.6146,S,0.496,quantifier_count=0.00[NONE]; target_year=0.00[NONE]; specific_tech=0.00[NONE],,,,N
S0324,jsw,2025,BRSR,Water Management advanced pollution control systems while pursuing expansion and advancement in its strategies.,model,V,0.5690,S,0.4,vague_adj_ratio=0.00[NONE]; quantifier_count=0.00[NONE]; target_year=0.00[NONE],,,,N
S0325,jsw,2025,BRSR,The The Company has achieved a specific water Maximised Emission Reduction of Sintering (MEROS) consumption level of 2.35 m3/tcs in FY 25 and has with Waste Gas Recirculation (WGR) System at Dolvi set a target of achieving specific water consumption and Vijayanagar is designed as a special bag filter (in steel production) of 2.21 m3/tcs by 2030.,model,V,0.5242,S,0.133,vague_adj_ratio=0.00[NONE]; specific_tech=1.00[vijayanagar|dolvi]; verb_strength=0.85[achieved],,,,Y
S0326,jsw,2025,BRSR,"At based dry gas cleaning system for sinter plants and has present, all Company's operational sites maintain capabilities to significantly reduce dust emissions.",model,V,0.5690,S,0.4,vague_adj_ratio=0.00[NONE]; quantifier_count=0.00[NONE]; target_year=0.00[NONE],,,,N
S0327,jsw,2025,BRSR,"All the plants have robust water The Company is committed to the protection and management strategies in place to advance water management of biodiversity, with a target of achieving stewardship goals. ’",model,V,0.5954,S,0.527,quantifier_count=0.00[NONE]; target_year=0.00[NONE]; specific_tech=0.00[NONE],,,,N
S0328,jsw,2025,BRSR,"The Company is conducting The Company’s water stewardship approach specific biodiversity assessments and drawing up emphasises careful sourcing, and innovative and management plans for all its operational sites - to align efficient water use.",model,V,0.5690,S,0.4,vague_adj_ratio=0.00[NONE]; quantifier_count=0.00[NONE]; target_year=0.00[NONE],,,,N
S0329,jsw,2025,BRSR,"This will help to conserve, reuse, and recycle a specific case-study by the GRI biodiversity pilot case water to promote responsible water use.",model,V,0.5965,S,0.7,quantifier_count=0.00[NONE]; target_year=0.00[NONE]; specific_tech=1.00[esp|gri],,,,N
S0330,jsw,2025,BRSR,"Air Emissions part of its broader human rights programme, through The Company has adopted several policies and measures which it endeavours to proactively identify, address, to prevent, manage, and mitigate air emissions.",model,V,0.5932,S,0.514,quantifier_count=0.00[NONE]; target_year=0.00[NONE]; specific_tech=0.00[NONE],,,,N
S0331,jsw,2025,BRSR,"The Company Company strategy focuses on reducing both point- is an active member of United Nations Global Compact source (such as stack emissions) and non-point source (UNGC) that promotes adoption of universal principles of human rights, labour, environment and anti-corruption towards CSR expenditure and the balance of I108 crore and take actions that advance societal goals.",model,V,0.5623,S,0.326,target_year=0.00[NONE]; specific_tech=0.00[NONE]; vague_adj_ratio=0.10[promotes],,,,N
S0332,jsw,2025,BRSR,"The Report which forms a part of the Annual Report, along with all the related  Carbon Disclosure Project (CDP) policies, can also be viewed on the Company’s website:  Principles under United Nations Global Compact https://www.jswsteel.in/investors/jsw-steel-financials- (UNGC) annual-reports. ",model,V,0.5391,S,0.4,vague_adj_ratio=0.00[NONE]; quantifier_count=0.00[NONE]; target_year=0.00[NONE],,,,Y
S0333,tata,2019,BRR,"The iron and steel making process involves the use of natural resources such as iron ore, coal, limestone and ferro- alloys and is water and energy intensive.",model,V,0.5690,S,0.4,vague_adj_ratio=0.00[NONE]; quantifier_count=0.00[NONE]; target_year=0.00[NONE],,,,N
S0334,tata,2019,BRR,The GHG (particularly CO ) and dust emissions emitted during the process are key contributors to air pollution and global warming.,model,V,0.5690,S,0.4,vague_adj_ratio=0.00[NONE]; quantifier_count=0.00[NONE]; target_year=0.00[NONE],,,,N
S0335,tata,2019,BRR,Maintaining sustainable operations and continually making improvements to our products and processes help us minimise our environmental Featured among top integrated steel companies globally in CDP 2018 Y-o-Y reduction in specific water consumption: LD slag utilisation at We are in constant pursuit of minimising ou impacts and conserving the natural environ To achieve industry leadership in Corporate Social Responsibility and Safety Health & Environment.,model,V,0.5502,S,0.462,quantifier_count=0.00[NONE]; target_year=0.00[NONE]; specific_tech=1.00[esp|cdp],,,,N
S0336,tata,2019,BRR,"We plan to achieve this by adopting breakthrough technologies for raw materials management, higher utilisation of LD slag, setting up the steel recycling business, achieving zero water discharge, carrying out lifecycle assessments of our products and embedding the principles of circular economy in our operations.",model,V,0.5690,S,0.4,vague_adj_ratio=0.00[NONE]; quantifier_count=0.00[NONE]; target_year=0.00[NONE],,,,N
S0337,tata,2019,BRR,Managing environmental impact of operations We have policies and processes in place for reducing energy usage and minimising our environmental footprint across the value chain.,model,V,0.5690,S,0.4,vague_adj_ratio=0.00[NONE]; quantifier_count=0.00[NONE]; target_year=0.00[NONE],,,,N
S0338,tata,2019,BRR,"We have set stringent targets for energy intensity, greenhouse gas emission, and water conservation.",model,V,0.5690,S,0.4,vague_adj_ratio=0.00[NONE]; quantifier_count=0.00[NONE]; target_year=0.00[NONE],,,,N
S0339,tata,2019,BRR,"GHG emission intensity Zero effluent discharge by 2025 Sustain LD slag utilisation at 100% Ensure no net loss of biodiversity at our mining locations Rain Water Harvesting, Noamundi Iron Mine NATURAL CAPITAL (Continued)",model,V,0.5145,S,0.242,specific_tech=0.00[NONE]; verb_strength=0.15[ensure]; vague_adj_ratio=0.18[ensure],,,,Y
S0340,tata,2019,BRR,"In Financial Year 2018-19, we spen pillars of emission, water management, circular economy and biodiv Four pillars for environmental management Emissions performance Water management Emissions performance The Paris agreement aims at arresting the global warming to <2 degrees celsius for which the key requirement is to make CO emission net zero by 2050.",manual,S,1.00,S,0.339,target_year=1.00[|net zero by 2050]; specific_tech=0.00[NONE]; vague_adj_ratio=0.12[aims],S,2,QA conflict resolution,N
S0341,tata,2019,BRR,The steel industry contributes to about 6-8% of global emission and is considered to be a ‘hard to abate sector’ since carbon is used as a reductant in the steelmaking process and low carbon steelmaking technologies are yet to be commercialised.,model,V,0.5475,S,0.267,vague_adj_ratio=0.00[NONE]; target_year=0.00[NONE]; specific_tech=0.00[NONE],,,,Y
S0342,tata,2019,BRR,"Cognisant of India’s commitment and the sectoral requirements, Tata Steel has set an aspirational goal of <2 tCO/tcs emission by 2025.",model,V,0.5122,S,0.267,vague_adj_ratio=0.00[NONE]; specific_tech=0.00[NONE]; verb_strength=0.10[NONE],,,,Y
S0343,tata,2019,BRR,"Over the years, the adoption of best available technologies for waste heat recovery such as Top Recovery Turbine (TRT), Coke Dry Quenching (CDQ), use of by-product gases in power generation and other energy efficiency initiatives have resulted in improving resource efficiency as well as reducing carbon footprint.",model,V,0.5391,S,0.4,vague_adj_ratio=0.00[NONE]; quantifier_count=0.00[NONE]; target_year=0.00[NONE],,,,Y
S0344,tata,2019,BRR,We continue to implement Internal Carbon Pricing in our capital expenditure appraisal process with the shadow price of carbon at US$ 15 /tCO.,model,V,0.5690,S,0.4,vague_adj_ratio=0.00[NONE]; quantifier_count=0.00[NONE]; target_year=0.00[NONE],,,,N
S0345,tata,2019,BRR,A benchmark for the industry Tata Steel Jamshedpur is the Indian benchmark for CO emission intensity at 2.29 tCO/tcs and energy intensity at 5.67 GCal/tcs for steel production through Blast Furnace - Basic Oxygen Furnace (BF-BOF) route.,model,V,0.5391,S,0.4,vague_adj_ratio=0.00[NONE]; quantifier_count=0.00[NONE]; target_year=0.00[NONE],,,,Y
S0346,tata,2019,BRR,Some such • Carbon Capture and Use (CCU) at Tata Steel Jamshedpur and at the Ferro-Chrome plant at Bamnipal •,model,V,0.5391,S,0.4,vague_adj_ratio=0.00[NONE]; quantifier_count=0.00[NONE]; target_year=0.00[NONE],,,,Y
S0347,tata,2019,BRR,"Assessing renewable energy potential across our locations in India • Maximising scrap utilisation in steelmaking NATURAL CAPITAL (Continued) GHG emission from our steelmaking operations (Absolute emission in million tCO) TSJ & TSK - GHG emission intensity (tCOe/tcs) Minimising dust and gaseous emissions Over the last two decades, Tata Steel has made investments in installation a manufacturing sites.",model,V,0.5690,S,0.4,vague_adj_ratio=0.00[NONE]; quantifier_count=0.00[NONE]; target_year=0.00[NONE],,,,N
S0348,tata,2019,BRR,Dust emission (PM2.5 and PM10) is also a in the midst of the city.,model,V,0.5690,S,0.4,vague_adj_ratio=0.00[NONE]; quantifier_count=0.00[NONE]; target_year=0.00[NONE],,,,N
S0349,tata,2019,BRR,"These efforts have resulted in 68% reduction in dust doubled since 2005, absolute dust emission has reduced by approximately ramp-up at our Kalinganagar facility, resulting in a reduction of almost 9% d",model,V,0.5743,S,0.133,vague_adj_ratio=0.00[NONE]; target_year=0.00[NONE]; verb_strength=0.85[reduced],,,,N
S0350,tata,2019,BRR,TSJ and TSK - Dust emissions intensity (kg/tcs) TSJ and TSK – Nitrogen ox Steelmaking Sites Particulars FY15 FY16 FY17 FY18 India (TSJ + TSK),model,V,0.5690,S,0.4,vague_adj_ratio=0.00[NONE]; quantifier_count=0.00[NONE]; target_year=0.00[NONE],,,,N
S0351,tata,2019,BRR,Scope 1 21.10 21.02 25.53 26.52 Scope 1.1 2.27 2.31 3.69 3.96 Scope 2 0.72 0.74 1.11 1.17 Scope 3 -1.08 -1.19 -2.21 -1.99 Overall 23.02 22.89 28.11 29.66 Europe (incl.,model,V,0.5391,N,0.0,quantifier_count=0.00[NONE]; verb_strength=0.05[NONE]; vague_adj_ratio=0.00[NONE],,,,Y
S0352,tata,2019,BRR,"In recognising the tangible business benefits of disclosure through Carbon Disclosure Project (CDP), Tata Steel is well placed to take meaningful steps to address its environmental impacts.",model,V,0.5618,S,0.527,quantifier_count=0.00[NONE]; target_year=0.00[NONE]; specific_tech=1.00[carbon disclosure project|cdp],,,,N
S0353,tata,2019,BRR,"An online stack monitoring system has been key material issue especially at TSJ, since the steel plant is located t emission at TSJ since 2005.",model,V,0.5541,S,0.4,vague_adj_ratio=0.00[NONE]; quantifier_count=0.00[NONE]; target_year=0.00[NONE],,,,N
S0354,tata,2019,BRR,Pollution control facilities were fully commissioned during the dust emission over the past year.,model,V,0.6304,S,0.4,vague_adj_ratio=0.00[NONE]; quantifier_count=0.00[NONE]; target_year=0.00[NONE],,,,N
S0355,tata,2019,BRR,"Tata Steel Bara Tertiary Treatment Plant, Jamshedpur ‘Industrial Water Project of the Year 2019’ Award by the Glob TSJ and TSK – Specific water consumption* TSJ and TSK – Effluent discharge intensity (m3/tcs)",model,V,0.5541,S,0.4,vague_adj_ratio=0.00[NONE]; quantifier_count=0.00[NONE]; target_year=0.00[NONE],,,,N
S0356,tata,2019,BRR,"* S pecific water consumption is defined as freshwater consumption per tonnne of crude steel produced (at TSK water loss at clarifier is excluded in the calculation) bal Water Intelligence (GWI) NATURAL CAPITAL (Continued) Towards circular economy Solid waste utilisation Steel industry is favourably placed for implementing circular economy principles, given the ability to recycle steel as well as use solid waste by-products.",model,V,0.5690,S,0.4,vague_adj_ratio=0.00[NONE]; quantifier_count=0.00[NONE]; target_year=0.00[NONE],,,,N
S0357,tata,2019,BRR,"TSJ and TSK – Solid waste utilisation (%) Tata Aggreto used as a Replacement of Natural Aggregates in Road Construction Steel recycling business Steel is 100% recyclable and can be recycled infinitely to create new steel products, making it suitable for a circular economy.",model,V,0.6099,S,0.267,vague_adj_ratio=0.00[NONE]; target_year=0.00[NONE]; specific_tech=0.00[NONE],,,,N
S0358,tata,2019,BRR,This could reduce carbon emission by 50-60% as compared to traditional steel production.,model,V,0.5475,S,0.267,vague_adj_ratio=0.00[NONE]; target_year=0.00[NONE]; specific_tech=0.00[NONE],,,,Y
S0359,tata,2019,BRR,"Regional Initiative for Safe Sexual Adolescents (RISHTA) RISHTA focusses on working with the a the importance of nutrition and their r The RISHTA Android application enable of each adolescent over the project pe inerventions and linkage to governme Outreach clinical healthcare servic We invest in Mobile Medical Units (MM screenings, surgeries and provision of e Mobile Eye Surgical Units (MESU) - a Sa collaboration–takes world-class catara locations in Jharkhand through a fully HIV-AIDS and leprosy We are working with the LEPRA Society provide treatment and rehabilitation to truckers intervention to raise awarenes We install and repair drinking water fac and deep bore wells, and piped drinkin solar-powered drinking water projects The Springs initiative was an experime contamination of natural perennial spr clean water to five villages throughout hich impact core development gaps focus on communities in operating areas then its CSR governance and consolidate ugh the Tata Steel Foundation.",model,V,0.5774,S,0.424,quantifier_count=0.00[NONE]; target_year=0.00[NONE]; specific_tech=0.00[NONE],,,,N
S0360,tata,2019,BRR,"Beyond the R&R guidelines, Tata Steel is planning to develop model colonies with self-contained facilities such as portable water supply, water treatment plant, rain water harvesting, and solid waste management.",model,V,0.5901,S,0.496,quantifier_count=0.00[NONE]; target_year=0.00[NONE]; specific_tech=0.00[NONE],,,,N
S0361,tata,2020,BRR,"2,52,681 Natural Capital ‐ TSJ - Energy intensity (Gcal/tcs) 5.63 ‐ TSK - Energy intensity (Gcal/tcs) 6.27 ‐ TSL - Specific water consumption (m3/tcs)",model,V,0.5475,S,0.267,vague_adj_ratio=0.00[NONE]; target_year=0.00[NONE]; specific_tech=0.00[NONE],,,,Y
S0362,tata,2020,BRR,127 ‐ LTIFR (Index) 0.52 product sales Natural Capital ‐ TSL - Solid waste utilisation (%) 100 ‐ TSL - GHG emission intensity (tCO/tcs) 2.31 ‐ TSL - Dust emission intensity (kg/tcs) 0.38,model,V,0.5690,S,0.4,vague_adj_ratio=0.00[NONE]; quantifier_count=0.00[NONE]; target_year=0.00[NONE],,,,N
S0363,tata,2020,BRR,By-products ‐ TSL - Effluent discharge intensity (m3/tcs) 0.73 generated ‐ Total raw materials sites covered under 100 biodiversity management plans (%) Social and Relationship Capital ‐ Suppliers assessed based on safety (Nos.),model,V,0.5690,S,0.4,vague_adj_ratio=0.00[NONE]; quantifier_count=0.00[NONE]; target_year=0.00[NONE],,,,N
S0364,tata,2020,BRR,Tata Steel Jamshedpur is already a national benchmark in CO emission.,model,V,0.5541,S,0.4,vague_adj_ratio=0.00[NONE]; quantifier_count=0.00[NONE]; target_year=0.00[NONE],,,,N
S0365,tata,2020,BRR,"We have constituted a Centre of Excellence on Climate Change to implement various technology-enabled projects for CO reduction (use of hydrogen as a potential alternate fuel, carbon capture and use, beneficiation of low-grade raw materials, etc.).",model,V,0.5541,S,0.4,vague_adj_ratio=0.00[NONE]; quantifier_count=0.00[NONE]; target_year=0.00[NONE],,,,N
S0366,tata,2020,BRR,Tata Steel has also ventured into the steel recycling business to explore an alternative business model that will leverage India’s expected increase in scrap availability to produce steel with a lower carbon footprint.,model,V,0.5690,S,0.4,vague_adj_ratio=0.00[NONE]; quantifier_count=0.00[NONE]; target_year=0.00[NONE],,,,N
S0367,tata,2020,BRR,The Company is focussed on reducing its carbon affect credit appetite for the steel sector.,model,V,0.5690,S,0.4,vague_adj_ratio=0.00[NONE]; quantifier_count=0.00[NONE]; target_year=0.00[NONE],,,,N
S0368,tata,2020,BRR,"Strategic Objectives Capitals Impacted SO4 Financial, Natural, Social and Relationship, Manufactured Stringent climate laws and regulations for Mitigation strategies accelerating transition to a low-carbon economy, The Company has adopted the Task Force on Climate-related Financial Disclosures (TCFD) technology disruptions and shifting customer framework and strengthened its internal governance, disclosures and policy advocacy for preferences to alternative materials may transitioning to a lower carbon regime of operations.",model,V,0.5632,S,0.451,quantifier_count=0.00[NONE]; target_year=0.00[NONE]; vague_adj_ratio=0.09[low-carbon],,,,N
S0369,tata,2020,BRR,"Over the last five years, there has been significant reduction in coke rates and dust emissions along with 100% slag utilisation, increase in scrap usage and focus on scrap recycling.",model,V,0.6093,S,0.594,target_year=0.00[NONE]; specific_tech=0.00[NONE]; verb_strength=0.15[focus on],,,,N
S0370,tata,2020,BRR,"To build internal R&D capabilities in carbon reduction and other sustainability measures, the Company is looking at collaborations with R&D institutes, academia and technology suppliers.",model,V,0.5690,S,0.4,vague_adj_ratio=0.00[NONE]; quantifier_count=0.00[NONE]; target_year=0.00[NONE],,,,N
S0371,tata,2020,BRR,"Talent retention ‐ Better healthcare facilities ‐ Health, safety and human efficiency and waste ‐ Local sourcing of labour ‐ Address water scarcity rights management ‐ Welfare practices for ‐ Livelihood generation and skill ‐ Carbon emission, water ‐ Education in community non-officers development and energy development ‐ Embed sustainability in ‐ Setting agenda for future supply chain and promote regulations and going circular economy beyond compliance Actions to realise our priorities",model,V,0.5904,S,0.498,quantifier_count=0.00[NONE]; target_year=0.00[NONE]; specific_tech=0.00[NONE],,,,N
S0372,tata,2020,BRR,"Through our corporate governance policies and frameworks, we embed sustainability in Dairy farming activities at Gopalpur Thousand Schools Programme at Joda Mines Dow Jones Sustainability Ranked fourth in global steel sector Rated ‘B’ in Climate Change and Water related disclosures World Steel Association ‘Steel Sustainability three years in a row Great Place to Work®",model,V,0.5690,S,0.4,vague_adj_ratio=0.00[NONE]; quantifier_count=0.00[NONE]; target_year=0.00[NONE],,,,N
S0373,tata,2020,BRR,"Poor’s (S&P) and Brickworks have waste reduction and recycling, energy retained their existing credit rating on efficiency and procurement optimisation.",model,V,0.5690,S,0.4,vague_adj_ratio=0.00[NONE]; quantifier_count=0.00[NONE]; target_year=0.00[NONE],,,,N
S0374,tata,2020,BRR,"In FY 2019-20, the we have also lowered our coke rate, reduced to 1,200 million pascals tensile strength, 2,050 fuel rate at the blast furnace was improved waste generation, improved waste utilisation mm width and 25 mm thickness of Hot substantially through increased Pulverised and maximised energy and material Rolled Coils).",manual,V,1.00,S,0.155,"quantifier_count=1.00[million|fy 2019|,200|,050]; target_year=0.00[NONE]; verb_strength=0.85[reduced]",V,2,QA conflict resolution,N
S0375,tata,2020,BRR,The facility produced over 10 MnT CO emission and energy intensity.,model,V,0.5475,S,0.267,vague_adj_ratio=0.00[NONE]; target_year=0.00[NONE]; specific_tech=0.00[NONE],,,,Y
S0376,tata,2020,BRR,"Also, IBMD supplied its highest ever scrap of 960 kilotonnes to steel melt shops, facilitating lower volume GHG emissions at TSJ and TSK.",model,V,0.5690,S,0.4,vague_adj_ratio=0.00[NONE]; quantifier_count=0.00[NONE]; target_year=0.00[NONE],,,,N
S0377,tata,2020,BRR,"Integrated charging waste, R&D has successfully established a innovative coatings on steel, development infrastructure for Electric Vehicles (EV) offers process for using water-cooled and air-cooled of carbon capture and usage technologies, significant market potential.",manual,V,1.00,S,0.592,quantifier_count=0.00[NONE]; target_year=0.00[NONE]; verb_strength=0.10[NONE],V,2,QA conflict resolution,N
S0378,tata,2020,BRR,Specific water consumption Specific dust emission Capital spend on environment Trees planted across locations using the eco-restoration methodology and Miyawaki plantation techniques Corporate Overview Performance Review,model,V,0.5690,S,0.4,vague_adj_ratio=0.00[NONE]; quantifier_count=0.00[NONE]; target_year=0.00[NONE],,,,N
S0379,tata,2020,BRR,"Our Strategy Strategic Review Statutory Reports Financial Statements 02 20 28 46 84 206 Strategic linkage Material issues addressed ‐ CO emission ‐ Achieve <2 tCO/tcs GHG emission ‐ Water consumption and effluent discharge intensity by 2025 ‐ Waste management ‐ Achieve specific water consumption ‐ Renewable and clean energy <3 m3/tcs by 2025 ‐ Biodiversity ‐ Sustain LD slag utilisation at 100% ‐ Energy efficiency ‐ Ensure no net loss of biodiversity at ‐ Air pollution our mining locations ‐ Circular economy ‐ Supply chain sustainability SO2 - Consolidate position as a global cost leader SO4 - Industry leadership in Corporate Social Responsibility, and Safety, Health and Environment",model,S,0.5347,S,0.041,quantifier_count=1.00[100%|m3|by 2025]; vague_adj_ratio=0.07[ensure]; verb_strength=0.15[ensure],,,,Y
S0380,tata,2020,BRR,The traditional method of steel production of Excellence with cross-functional members DUST AND GASEOUS EMISSION through the blast furnace route is is working to identify and implement Air pollution (specially dust emissions) resource-intensive and has significant carbon projects for CO reduction.,model,V,0.5835,S,0.566,quantifier_count=0.00[NONE]; target_year=0.00[NONE]; verb_strength=0.10[NONE],,,,N
S0381,tata,2020,BRR,"We aspire to take our carbon integrated steel operations at Jamshedpur Jamshedpur unit is in the midst of the emissions to <2 tCO/tcs for our and Kalinganagar abated 0.5 MnT of CO by city, our efforts in upgrading air pollution India operations, attain zero waste and implementing process improvements and control equipment and better environment reduce specific water consumption to energy conservation projects.",model,V,0.5457,S,0.4,target_year=0.00[NONE]; specific_tech=1.00[jamshedpur|kalinganagar]; verb_strength=0.15[aspire],,,,Y
S0382,tata,2020,BRR,in dust emission since FY 2016-17.,model,V,0.5475,S,0.267,vague_adj_ratio=0.00[NONE]; target_year=0.00[NONE]; specific_tech=0.00[NONE],,,,Y
S0383,tata,2020,BRR,"With the The R&D team is collaborating with crude steel production ramping up to We continue our pursuit of establishing technology companies and academia to best-in-class facilities and constantly invest work on a wide range of technologies, which operations of pollution control system have to upgrade manufacturing and distribution includes carbon capture, use and storage resulted in a 56% reduction in dust emissions facilities to improve operational and (CCUS), hydrogen-based steelmaking and new from the first year of operations in FY 2016-17.",model,S,0.5044,S,0.133,vague_adj_ratio=0.00[NONE]; target_year=0.00[NONE]; specific_tech=1.00[ccus|carbon capture],,,,Y
S0384,tata,2020,BRR,"₹283 crore was invested on environmental With an objective of greening the power mix, WATER MANAGEMENT management system upgradations focussed a study was undertaken with the help of Water is a critical resource in steelmaking on improvement in air emissions, water The Energy and Resources Institute to assess and is used extensively as a coolant.",model,V,0.6099,S,0.267,vague_adj_ratio=0.00[NONE]; target_year=0.00[NONE]; specific_tech=0.00[NONE],,,,N
S0385,tata,2020,BRR,"Since management, imbibing circular economy the deployment potential of renewable our operations in India are located near rivers principles and conservation of biodiversity.",model,V,0.5690,S,0.4,vague_adj_ratio=0.00[NONE]; quantifier_count=0.00[NONE]; target_year=0.00[NONE],,,,N
S0386,tata,2020,BRR,"A significant (Subarnarekha for Jamshedpur plant and We have implemented environmental renewable energy potential (~180 MW) Baitarani for Kalinganagar plant), it provides management systems in accordance with has been identified and projects are being a strategic advantage.",model,V,0.5534,S,0.467,target_year=0.00[NONE]; specific_tech=1.00[jamshedpur|kalinganagar]; verb_strength=0.10[NONE],,,,N
S0387,tata,2020,BRR,"We continue to work on developing HIsarna, We maintain accredited laboratories for a new smelting reduction technology for While there is a huge manmade water environmental performance assessment.",model,V,0.5690,S,0.4,vague_adj_ratio=0.00[NONE]; quantifier_count=0.00[NONE]; target_year=0.00[NONE],,,,N
S0388,tata,2020,BRR,"reservoir, Dimna Lake in Jamshedpur, which This technology will facilitate steelmaking supplements the drinking water requirement without the need for coke making or of the township, a river basin study was We recognise our obligation to work towards agglomeration processes, thereby improving undertaken in FY 2019-20 with the help of CII mitigation of climate change related risks and efficiency, reducing energy consumption Triveni Water Institute to assess watershed are committed to addressing the challenges and lowering CO emissions.",model,V,0.5533,S,0.359,target_year=0.00[NONE]; verb_strength=0.15[work towards|committed to]; vague_adj_ratio=0.15[work towards|committed to],,,,N
S0389,tata,2020,BRR,The pilot plant level risks for long-term supply of water for of transitioning to a lower carbon regime.,manual,V,1.00,V,0.6,quantifier_count=0.00[NONE]; target_year=0.00[NONE]; specific_tech=0.00[NONE],V,2,QA conflict resolution,N
S0390,tata,2020,BRR,"The findings will solution for the transition due to its unique options to scale up HIsarna in India with a view be used to plan and implement water property of infinite recyclability, albeit with of developing a strategic roadmap to achieve conservation initiatives at the river basin level some risk of downcycling.",model,V,0.5690,S,0.4,vague_adj_ratio=0.00[NONE]; quantifier_count=0.00[NONE]; target_year=0.00[NONE],,,,N
S0391,tata,2020,BRR,a quantum reduction in emissions over 2030 to sustain river flow in the long term.,model,V,0.6155,V,0.666,quantifier_count=0.00[NONE]; target_year=0.00[NONE]; specific_tech=0.00[NONE],,,,N
S0392,tata,2020,BRR,"the objective of harnessing ‘Value from Waste to cover all our operating sites and also include In FY 2019-20, a 100-hectare Tata Biodiversity Park & By-Products’, we are committed to becoming the products under our New Material Business was developed in West Bokaro in Jharkhand by a knowledge-driven business unit leveraging through the LCA study.",model,V,0.5652,S,0.342,target_year=0.00[NONE]; specific_tech=0.00[NONE]; vague_adj_ratio=0.12[committed to],,,,N
S0393,tata,2020,BRR,aggregates for road construction replacing BIODIVERSITY MANAGEMENT gallons of rainwater.,model,V,0.5690,S,0.4,vague_adj_ratio=0.00[NONE]; quantifier_count=0.00[NONE]; target_year=0.00[NONE],,,,N
S0394,tata,2020,BRR,We achieved benchmark of 100% steel GHG EMISSIONS FROM INDIAN STEELMAKING OPERATIONS slag utilisation at our facilities in Jamshedpur and Kalinganagar.,model,V,0.5808,S,0.267,vague_adj_ratio=0.00[NONE]; target_year=0.00[NONE]; specific_tech=1.00[jamshedpur|kalinganagar],,,,N
S0395,tata,2020,BRR,"We won the Environmental Steelmaking Sites Scope FY16 FY17 FY18 FY19 FY20 Stewardship award at ET Now and World India (TSJ+TSK) Scope1 21.02 25.53 26.52 27.14 26.53 CSR Congress, for our sustainable usage of Scope 1.1 2.31 3.69 3.96 4.53 4.53 steelmaking slag in road applications.",model,V,0.5807,S,0.55,quantifier_count=0.00[NONE]; target_year=0.00[NONE]; verb_strength=0.10[NONE],,,,N
S0396,tata,2020,BRR,Scope 2 0.74 1.11 1.17 1.17 1.08 CIRCULAR ECONOMY Scope 3 -1.19 -2.21 -1.99 -1.81 -1.75 Steel has a unique property of being infinitely Overall 22.89 28.11 29.66 31.03 30.39 recyclable with some risk of downcycling.,model,V,0.5391,S,0.4,vague_adj_ratio=0.00[NONE]; quantifier_count=0.00[NONE]; target_year=0.00[NONE],,,,Y
S0397,tata,2020,BRR,"Emissions based on CO2 data collection user guide, version 9, World Steel Association Primarily, the Electric Arc Furnace (EAF) method for steelmaking, with lower carbon footprint, is used for re-melting of steel.",model,V,0.5391,S,0.4,vague_adj_ratio=0.00[NONE]; quantifier_count=0.00[NONE]; target_year=0.00[NONE],,,,Y
S0398,tata,2020,BRR,"In line with our strategic goal of being the industry leader in environmental management, we will continue investing in technologies and processes to further improve our performance in GHG emissions, water management, waste utilisation and biodiversity management.",model,V,0.5690,S,0.4,vague_adj_ratio=0.00[NONE]; quantifier_count=0.00[NONE]; target_year=0.00[NONE],,,,N
S0399,tata,2020,BRR,"We are also accounting for possible regulatory, market and climate changes in the future by continually evaluating risks and opportunities and adapting accordingly through various interventions such as expanding our steel recycling business, improving by-product business, carrying out life cycle assessments and embedding the principles of circular economy.",model,V,0.5690,S,0.4,vague_adj_ratio=0.00[NONE]; quantifier_count=0.00[NONE]; target_year=0.00[NONE],,,,N
S0400,tata,2020,BRR,"9.39 6.49 9.69 001 #Defined as amount of nitrogen oxides (in kilograms) emitted from stacks for producing one ton of crude steel ##Defined as amount of sulphur oxides (in kilograms) emitted from stacks for producing one ton of crude steel *Defined as freshwater consumption per tonne of crude steel produced (at TSK, water loss at clarifier is excluded in the calculation) $ Defined as effluent discharged (in cubic metres) from operational premises for producing one ton of crude steel @Defined as amount of solid waste used internally or externally + sold outside as a percentage of total solid waste generation Corporate Overview Performance Review Our Strategy Strategic Review Statutory Reports Financial Statements 02 20 28 46 84 206 Social and relationship capital Co-creating a shared future At Tata Steel, we believe a successful business is built on FY 2019-20 Highlights time-tested relationships based on mutual trust, respect and benefits.",model,V,0.5325,S,0.267,vague_adj_ratio=0.00[NONE]; target_year=0.00[NONE]; verb_strength=0.10[NONE],,,,Y
S0401,tata,2021,BRR,"However, steelmaking is a resource-intensive process and creates environmental impact in form of emissions and effluents.",model,V,0.5690,S,0.4,vague_adj_ratio=0.00[NONE]; quantifier_count=0.00[NONE]; target_year=0.00[NONE],,,,N
S0402,tata,2021,BRR,Reduction in specific fresh water Reduction in stack dust emission consumption since FY 2016-17 intensity since FY 2016-17 Impact on SDGs Rated ‘A-’ (Leadership band) for Climate Change and Supply Chain disclosure in CDP 2020,model,V,0.5325,S,0.267,vague_adj_ratio=0.00[NONE]; target_year=0.00[NONE]; verb_strength=0.10[NONE],,,,Y
S0403,tata,2021,BRR,Governance Snapshot Tata Steel and Materiality Reports Statements Strategic linkage Key #CombatCo2v02i5d G1o9a lsinitiatives in FY21 2030 Goals Climate change Achieve CO emission intensity of <2 tCO /tcs for Achieve CO emission intensity of <1.8 tCO/tcs Tata Steel India for Tata Steel India Water Achieve specific freshwater consumption of » Achieve specific freshwater consumption of 2 m3/tcs across all steelmaking sites <1.5 m3/tcs across all steel making sites » Aim for water neutrality Circular economy Achieve material efficiency of 99% at all » Sustain material efficiency at 100% at all steelmaking sites steelmaking sites » Increase IBMD EBITDA by 2.4 times over 2020 » Build recycling business in steel and other materials (>5 MnTPA) Biodiversity Develop and implement Biodiversity Aspire for no net loss of biodiversity Management Plans (BMPs) for all operations sites (including raw material locations),model,V,0.5039,S,0.059,quantifier_count=1.00[99%|100%|m3|mnt]; target_year=0.00[NONE]; vague_adj_ratio=0.10[aim|aspire],,,,Y
S0404,tata,2021,BRR,"Dust emission Achieve specific dust emission intensity of Achieve benchmark dust emission intensity by 0.4 kg/tcs for Tata Steel India adopting best available technology Supply chain Coverage of 100% critical supply chain partners Integrate ESG performance of partners in for ESG risk assessment and collaborate for procurement decision-making risk mitigation Product Cover 100% of steelmaking and downstream Disclose environment performance of 100% sites under Life Cycle Assessment of products ResponsibleSteelTM Certification of all steelmaking sites - Material issues addressed » CO emission » Renewable and clean energy » Circular economy » Water consumption and effluent » Biodiversity » Supply chain sustainability » Energy efficiency » Waste management » Air pollution Our approach to managing natural capital We focus on operational excellence through our ‘Prevent, is underpinned by our strategies on low Minimise, Recover, Reuse and Recycle’ approach.",model,V,0.5415,S,0.293,target_year=0.00[NONE]; vague_adj_ratio=0.04[focus on]; verb_strength=0.15[focus on],,,,Y
S0405,tata,2021,BRR,"We invest regularly to upgrade manufacturing and distribution carbon transition, reducing dependence on facilities to improve operational and environmental freshwater consumption, pollution control, performance.",model,V,0.5690,S,0.4,vague_adj_ratio=0.00[NONE]; quantifier_count=0.00[NONE]; target_year=0.00[NONE],,,,N
S0406,tata,2021,BRR,"We have implemented environmental maximising value from waste and exploring management systems in accordance with ISO 14001:2015, opportunities in the circular economy and which provides the necessary framework for managing compliance and improving environmental performance.",model,V,0.5541,S,0.4,vague_adj_ratio=0.00[NONE]; quantifier_count=0.00[NONE]; target_year=0.00[NONE],,,,N
S0407,tata,2021,BRR,"During FY 2020-21 ₹32.72 crore was invested on environmental management system upgradations focussed on improving air emissions, water management, imbibing circular economy principles and conservation of biodiversity.",model,V,0.5890,S,0.133,vague_adj_ratio=0.00[NONE]; target_year=0.00[NONE]; specific_tech=0.00[NONE],,,,N
S0408,tata,2021,BRR,disposal We strive to reduce the negative impact of our Recycling End of life operations on the quality of air through maintenance Life Cycle Assessment (LCA) is a method for and upgradation of Air Pollution Control Equipment assessing a product’s environmental impact (APCE).,model,V,0.5908,S,0.5,quantifier_count=0.00[NONE]; target_year=0.00[NONE]; specific_tech=0.00[NONE],,,,N
S0409,tata,2021,BRR,"areas within a radius of 20 kilometres to identify key sources of air pollution, their contribution We use LCA effectively to understand our products’ to overall ambient air quality in the region, and environmental impact as well as to use its outcome accordingly develop air quality management plans.",model,V,0.5690,S,0.4,vague_adj_ratio=0.00[NONE]; quantifier_count=0.00[NONE]; target_year=0.00[NONE],,,,N
S0410,tata,2021,BRR,"Our continuous efforts for reducing stack emission During FY 2020-21, a comparative LCA study was load has resulted in the reduction of dust emission carried out between our HabiNest structure and a intensity by 34% and 62% since FY 2016-17 at TSJ and similar type of conventional structure.",model,V,0.5042,S,0.0,vague_adj_ratio=0.00[NONE]; quantifier_count=1.00[34%|62%|fy 2020|fy 2016]; target_year=0.00[NONE],,,,Y
S0411,tata,2021,BRR,Performance About Stakeholders Statutory Financial Leadership Strategy Capitals Governance Snapshot Tata Steel and Materiality Reports Statements GHG management Jamshedpur Works GHG emissions from Indian steelmaking operations (million tCO2),model,V,0.5391,S,0.4,vague_adj_ratio=0.00[NONE]; quantifier_count=0.00[NONE]; target_year=0.00[NONE],,,,Y
S0412,tata,2021,BRR,Steelmaking Sites Scope FY17 FY18 FY19 FY20 FY21 Tata Steel Limited (TSJ+TSK) Scope 1 25.53 26.52 27.14 26.53 24.84 Scope 1.1 3.69 3.96 4.53 4.53 4.51 Scope 2 1.11 1.17 1.17 1.08 0.95 Scope 3 (2.21) (1.99) (1.81) (1.75) (1.98),model,V,0.5391,N,0.0,quantifier_count=0.00[NONE]; verb_strength=0.05[NONE]; vague_adj_ratio=0.00[NONE],,,,Y
S0413,tata,2021,BRR,"Overall 28.11 29.66 31.03 30.39 28.31 Emissions based on CO Data Collection User Guide V9.5, Worldsteel Association We are committed to steering the business to low carbon pathways and prepare future-ready portfolio by building resilience for transition and physical climate change risks.",model,V,0.5901,S,0.496,quantifier_count=0.00[NONE]; target_year=0.00[NONE]; specific_tech=0.00[NONE],,,,N
S0414,tata,2021,BRR,"Additionally, Tata Steel and the Council of solution for transitioning to a low-carbon economy, Scientific & Industrial Research (CSIR) have signed an MoU we recognise the significant challenge which the steel to collaborate on CCUS.",model,V,0.6142,S,0.743,quantifier_count=0.00[NONE]; target_year=0.00[NONE]; verb_strength=0.10[NONE],,,,N
S0415,tata,2021,BRR,sector is besieged with for deep decarbonisation.,model,V,0.5690,S,0.4,vague_adj_ratio=0.00[NONE]; quantifier_count=0.00[NONE]; target_year=0.00[NONE],,,,N
S0416,tata,2021,BRR,"We We are a signatory to the Task Force on Climate-related are working on deployment of key enablers for deep Financial Disclosures (TCFD) for climate change and decarbonisation, including the use of more scrap in have identified transition risks and opportunities to steelmaking, use of alternate fuels such as natural gas decarbonise our operations in the long-term.",model,V,0.5674,S,0.475,quantifier_count=0.00[NONE]; target_year=0.00[NONE]; verb_strength=0.10[NONE],,,,N
S0417,tata,2021,BRR,"and hydrogen, and deployment of carbon capture and Specific mitigation and contingency plans for each of the storage/utilisation technologies.",model,V,0.5541,S,0.4,vague_adj_ratio=0.00[NONE]; quantifier_count=0.00[NONE]; target_year=0.00[NONE],,,,N
S0418,tata,2021,BRR,Renewable energy projects with a combined improvement of resource efficiency as well as reduction potential of ~150 MW have been initiated based on a of carbon footprint.,model,V,0.5475,S,0.267,vague_adj_ratio=0.00[NONE]; target_year=0.00[NONE]; specific_tech=0.00[NONE],,,,Y
S0419,tata,2021,BRR,"Our engagements We are actively engaging with technology companies, and support in leading initiatives such as Responsible academia, companies from other sectors having similar Steel, Net Zero Steel Pathway methodology project, challenges on development and scale-up of deep Assessment of Low-Carbon Transition (ACT), World decarbonisation technologies such as CCUS, hydrogen Economic Forum’s Mining and Metal Blockchain Initiative generation and its use in steelmaking, use of biomass and and worldsteel's STEP-UP programme demonstrate our other alternate ironmaking routes.",manual,S,1.00,S,0.489,quantifier_count=0.00[NONE]; target_year=0.00[NONE]; specific_tech=1.00[ccus|esp],S,2,QA conflict resolution,N
S0420,tata,2021,BRR,Tata Steel has signed resolve towards long-term decarbonisation strategy.,model,V,0.6155,V,0.666,quantifier_count=0.00[NONE]; target_year=0.00[NONE]; specific_tech=0.00[NONE],,,,N
S0421,tata,2021,BRR,"for improvement in energy efficiency, optimisation of demand around carbon-intensive products and services Water management Water Pond, CRM Bara, Jamshedpur Steel plants use a large Our operations in India are located in the city and treated water from near rivers (Subarnarekha for the STPs is being reused in plant amount of water for a variety Jamshedpur plant and Baitarani for operations.",model,V,0.5541,S,0.4,vague_adj_ratio=0.00[NONE]; quantifier_count=0.00[NONE]; target_year=0.00[NONE],,,,N
S0422,tata,2021,BRR,"Our efforts Bara Rejuvenation Project resulting cleaning, temperature on water conservation hinge on in the creation of a larger rainwater minimising withdrawal of fresh water harvesting facility, improvement in control (heat treatment), and from rivers and maximising the water table of local area and increase transport of waste materials recycling of treated effluents within in biological diversity.",model,V,0.5690,S,0.4,vague_adj_ratio=0.00[NONE]; quantifier_count=0.00[NONE]; target_year=0.00[NONE],,,,N
S0423,tata,2021,BRR,"advances coupled with adoption Specific fresh water consumption of of best practices, such as reusing TSJ (2.25 m3/tcs in FY 2020-21, of treated town sewage water for excluding drinking water industrial purpose at Jamshedpur consumption) is one of the lowest works, recycling of industrial effluent in the steel industry in India.",model,V,0.5108,S,0.133,vague_adj_ratio=0.00[NONE]; target_year=0.00[NONE]; verb_strength=0.10[NONE],,,,Y
S0424,tata,2021,BRR,"In our at all sites and recovery of storm pursuit to make Jamshedpur the first runoff water at Kalinganagar works city in India to achieve zero sewage has enabled reduction of specific fresh discharge into the river, two Sewage water consumption by 41% and 46% Treatment Plants (STPs) with capacity at TSJ and TSK, respectively since of 45 million litres per day (MLD) FY 2016-17.",model,S,0.5261,S,0.0,vague_adj_ratio=0.00[NONE]; quantifier_count=1.00[41%|46%|million|fy 2016]; target_year=0.00[NONE],,,,Y
S0425,tata,2021,BRR,"Performance About Stakeholders Statutory Financial Leadership Strategy Capitals Governance Snapshot Tata Steel and Materiality Reports Statements Circular economy Steel Recycling Plant, Rohtak, Haryana Solid waste management Tata Steel endeavours to remain an industry benchmark in managing solid waste and creating value using 3R (Reduce, Reuse & Recycle) principles of the circular economy.",model,V,0.5830,S,0.456,quantifier_count=0.00[NONE]; target_year=0.00[NONE]; specific_tech=0.00[NONE],,,,N
S0426,tata,2021,BRR,"Primarily, the Electric Arc Furnace (EAF) method for steelmaking, with lower carbon footprint, is used for re-melting of steel.",model,V,0.5391,S,0.4,vague_adj_ratio=0.00[NONE]; quantifier_count=0.00[NONE]; target_year=0.00[NONE],,,,Y
S0427,tata,2021,BRR,Steel scrap is procured from market segments such as End of Dust Emission Nitrogen Oxides (NOx) (kg/tcs),model,V,0.5690,S,0.4,vague_adj_ratio=0.00[NONE]; quantifier_count=0.00[NONE]; target_year=0.00[NONE],,,,N
S0428,tata,2021,BRR,Intensity Emission Intensity ** (kg/tcs) GHG Emission Specific Fresh Water (m3/tcs),model,V,0.5690,S,0.4,vague_adj_ratio=0.00[NONE]; quantifier_count=0.00[NONE]; target_year=0.00[NONE],,,,N
S0429,tata,2021,BRR,"Effluent Discharge Sulphur Oxides (SOx) (m3/tcs) Emission Intensity *** Good if increases Good if decreases * Defined as freshwater consumption per tonne of crude steel produced excluding drinking water consumption **Defined as amount of nitrogen oxides (in kilograms) emitted from stacks for producing one ton of crude steel ***Defined as amount of sulphur oxides (in kilograms) emitted from stacks for producing one ton of crude steel ****Defined as effluent discharged (in cubic metres) from operational premises for producing one ton of crude steel In line with our strategic goal of being the industry leader in sustainability, we will continue investing in technologies and processes to further improve our performance on GHG emissions, water management, waste utilisation and biodiversity management.",model,V,0.5690,S,0.4,vague_adj_ratio=0.00[NONE]; quantifier_count=0.00[NONE]; target_year=0.00[NONE],,,,N
S0430,tata,2021,BRR,"We are also accounting for possible regulatory, market and climate change in the future by continually evaluating risks and opportunities and adapting accordingly through various interventions such as expanding our steel recycling business, improving by-product business, carrying out life cycle assessments and embedding the principles of circular economy 99 001 001 001 001 7.99 9.39 6.49 9.69 001 9.89 001 Performance About Stakeholders Statutory Financial Leadership Strategy Capitals Governance Snapshot Tata Steel and Materiality Reports Statements Tata Steel regularly organises tree plantation drives across locations *Defined as amount of solid waste used internally or externally + sold outside as a percentage of total solid waste generation Social and Relationship capital At Tata Steel, we believe that to sustain a successful business, it is imperative to build long-term relationships based on mutual trust, respect and benefits.",model,V,0.5588,S,0.426,quantifier_count=0.00[NONE]; target_year=0.00[NONE]; vague_adj_ratio=0.04[long-term],,,,N
S0431,tata,2021,BRR,"The four key In view of the highly dynamic and ever- Steel interact with global CEOs and areas for collaboration focusses on changing business landscape impacted leadership team of select strategic carbon capture, usage and storage, with the pandemic, global geopolitical suppliers.",model,V,0.5541,S,0.4,vague_adj_ratio=0.00[NONE]; quantifier_count=0.00[NONE]; target_year=0.00[NONE],,,,N
S0432,tata,2021,BRR,"Vendor capability and skill India, by ensuring availability of vehicles, carbon emission development training programmes in racks and issuing letters for hassle-free TQM, finance, specific trade-related skill transportation.",model,V,0.5690,S,0.4,vague_adj_ratio=0.00[NONE]; quantifier_count=0.00[NONE]; target_year=0.00[NONE],,,,N
S0433,tata,2021,BRR,"Sustainability is deep rooted in The sustainability approach of the Company is articulated in Sustainability Policy which is supported by other policies such as the culture of the organisation Corporate Social Responsibility, Environment, Energy, Climate Change, and this commitment is Biodiversity Management, Affirmative Action, Social Accountability, Responsible Supply Chain, Human Resource policies, etc.",model,V,0.5656,S,0.465,quantifier_count=0.00[NONE]; target_year=0.00[NONE]; verb_strength=0.10[NONE],,,,N
S0434,tata,2021,BRR,"Performance About Stakeholders Statutory Financial Leadership Strategy Capitals Governance Snapshot Tata Steel and Materiality Reports Statements A Municipal Solid Waste Dump in Jamshedpur has been converted into Dalma View Point, a 5-acre green Awards and recognition ‘Best Company to Excellence in Waste Excellence in Water Work For’ in 2020 Management Management 2020 Business Today Confederation of Indian Confederation of Indian Industry Industry 3R Awards 2020 National Award Certified as the Top Employer for Advanced 4th Industrial Best Workplace in LGBT+ inclusion Revolution Lighthouse Manufacturing 2021 (Tata Steel’s Jamshedpur India Workplace Equality Index (IWEI) Steel Plant)",model,V,0.6219,S,0.434,quantifier_count=0.00[NONE]; target_year=0.00[NONE]; vague_adj_ratio=0.06[green],,,,N
S0435,tata,2022,BRSR,"Incorporating the latest technologies, being mindful about proper waste management, prudent resource allocation, energy-saving initiatives, and other measures, are topmost priorities for us.",model,V,0.5690,S,0.4,vague_adj_ratio=0.00[NONE]; quantifier_count=0.00[NONE]; target_year=0.00[NONE],,,,N
S0436,tata,2022,BRSR,Solid waste utilisation Steel producer to join Sea Cargo Charter to reduce Scope 3 emission Coal Bed Methane Injection trial in Blast Furnace First of its kind in the world MATERIAL ISSUES,model,V,0.5391,S,0.4,vague_adj_ratio=0.00[NONE]; quantifier_count=0.00[NONE]; target_year=0.00[NONE],,,,Y
S0437,tata,2022,BRSR,ADDRESSED Strategic Linkage SO4 SE › CO emission › Biodiversity › Going beyond compliance › Water consumption and › Energy efficiency and setting trends for effluent discharge › Air pollution future regulations › Waste management › Circular economy › Responsible advocacy for the steel › Renewable and clean energy › Supply chain sustainability and mining sector Performance About Stakeholders Value Statutory Financial Snapshot Tata Steel Leadership Strategy and Materiality Creation Reports Statements Optimising resources and investing for a sustainable future Steel is integral to economic channelising investments to upgrade impact was to establish and maintain development and nation-building.,model,V,0.5670,S,0.473,quantifier_count=0.00[NONE]; target_year=0.00[NONE]; verb_strength=0.10[NONE],,,,N
S0438,tata,2022,BRSR,"It is essential that we stay intensive process and creates environmental management systems in updated with global developments in environmental impact in the form accordance with ISO 14001:2015, which pollution control technology.",model,V,0.5541,S,0.4,vague_adj_ratio=0.00[NONE]; quantifier_count=0.00[NONE]; target_year=0.00[NONE],,,,N
S0439,tata,2022,BRSR,"We are provides the necessary framework for data sets captured annually across committed to using the most efficient managing compliance and improving all locations were unified through production routes, minimising waste environmental performance.",model,V,0.5901,S,0.496,quantifier_count=0.00[NONE]; target_year=0.00[NONE]; specific_tech=0.00[NONE],,,,N
S0440,tata,2022,BRSR,"We are using system upgradations, focussed on online audits, unified dashboard Our approach to managing natural the improvement in air emissions, CO and real-time measurements to gain capital is underpinned by our abatement, water management and better and meaningful insights.",manual,V,1.00,V,0.592,quantifier_count=0.00[NONE]; target_year=0.00[NONE]; specific_tech=0.00[NONE],V,2,QA conflict resolution,N
S0441,tata,2022,BRSR,"Our strategies on low-carbon transition, imbibing circular economy principles.",model,V,0.6285,V,0.743,quantifier_count=0.00[NONE]; target_year=0.00[NONE]; specific_tech=0.00[NONE],,,,N
S0442,tata,2022,BRSR,"continuous efforts have resulted in an reducing dependence on freshwater We maintain state-of-the-art accredited overall reduction of 29% in stack dust consumption, pollution control, laboratories for environmental emission intensity since FY 2017-18.",model,V,0.5259,S,0.133,vague_adj_ratio=0.00[NONE]; target_year=0.00[NONE]; specific_tech=0.00[NONE],,,,Y
S0443,tata,2022,BRSR,"Tata with new coke oven batteries 6A and Steel responsibly strives towards The Company focusses on operational 6B (1 MnTPA), having technologies for minimising its air emissions to ensure excellence through the ‘Prevent, latest pollution control equipment, healthy air quality in the communities Reduce, Recover, Reuse and Recycle’ higher energy efficiency and lower where it operates.",model,V,0.5595,S,0.393,target_year=0.00[NONE]; verb_strength=0.15[strive|strives|ensure]; vague_adj_ratio=0.21[strives|ensure],,,,N
S0444,tata,2022,BRSR,We continue our pursuit of fugitive emissions.,model,V,0.5690,S,0.4,vague_adj_ratio=0.00[NONE]; quantifier_count=0.00[NONE]; target_year=0.00[NONE],,,,N
S0445,tata,2022,BRSR,"Additionally, journey so far in minimising air emission establishing best-in-class facilities and JN Tata Park, West Bokaro we are conducting Source Apportionment studies in the The expected results of Roadmap Plus are mentioned below: steel plant and surrounding area (20-kilometer radius) to identify key sources of air pollution, their contribution to the overall ambient air quality in the region and thereby › By 2022, a 50% reduction in the emission of develop air quality management plans to improve the Polycyclic aromatic hydrocarbons (PAH) ambient air quality of Jamshedpur.",model,S,0.5119,S,0.18,vague_adj_ratio=0.08[plans to]; verb_strength=0.15[plans to]; quantifier_count=0.67[50%|by 2022],,,,Y
S0446,tata,2022,BRSR,"Going forward, we seek › By 2023, a significant reduction of several to enhance our capability to assess real-time impact and emissions including: introduce predictive analysis of environment pollution.",model,V,0.5843,S,0.646,specific_tech=0.00[NONE]; verb_strength=0.15[seek]; quantifier_count=0.33[by 2023],,,,N
S0447,tata,2022,BRSR,"− Reduction of approximately 85% odour emissions experienced by the surrounding At our UK operations, we pursue targeted investment in environmental control technology to achieve reductions in our impact.",model,V,0.5475,S,0.267,vague_adj_ratio=0.00[NONE]; target_year=0.00[NONE]; specific_tech=0.00[NONE],,,,Y
S0448,tata,2022,BRSR,"In the summer of 2021, we commissioned a new − Reduction in emissions of heavy metals by 55%, emissions control unit at our Port Talbot sinter plant after an lead emissions by 70%, as well as the spreading investment of more than £20 million in new filtration systems.",model,V,0.5529,S,0.0,vague_adj_ratio=0.00[NONE]; quantifier_count=1.00[55%|70%|million]; target_year=0.00[NONE],,,,N
S0449,tata,2022,BRSR,of particulate matter by 35% These are now delivering a substantially reduced level of › Expected reduction of 30% in the emission of particulate emissions.,model,V,0.6235,S,0.333,target_year=0.00[NONE]; specific_tech=0.00[NONE]; verb_strength=0.85[reduced],,,,N
S0450,tata,2022,BRSR,"nitrogen oxides (NOx) by 2025 At our Netherlands operations, we launched the ‘Roadmap Plus’ programme in December 2020 (worth ~€300 million) Through Roadmap Plus, Tata Steel Netherlands has already intended to improve local environmental performance made significant improvements in reducing emissions in between 2020 and 2025 by addressing the concerns of recent years.",model,V,0.5596,S,0.352,specific_tech=0.00[NONE]; quantifier_count=0.67[million|by 2025]; vague_adj_ratio=0.36[intended|significant|significant],,,,N
S0451,tata,2022,BRSR,Odour emissions from multiple sources like furnaces at Coking Plant 2 and heating of steel pans at the steel plant have already been reduced by 50%.,model,V,0.6099,S,0.267,vague_adj_ratio=0.00[NONE]; target_year=0.00[NONE]; specific_tech=0.00[NONE],,,,N
S0452,tata,2022,BRSR,"A major project that we are taking up under this programme is a new high-tech environmental installation at the Pelletising Plant, that will significantly contribute towards reduction of emission of heavy metals and particulate matter using a new technology that has not yet been applied on this scale elsewhere in the steel industry.",model,V,0.5690,S,0.4,vague_adj_ratio=0.00[NONE]; quantifier_count=0.00[NONE]; target_year=0.00[NONE],,,,N
S0453,tata,2022,BRSR,"We are undertaking concrete actions in the short term, while continuing to invest in sustainable solutions to produce climate-neutral steel in Water management Water is a key material issue for Tata Steel as most of our operations in India are located near rivers (Jamshedpur Dust suppression at Noamundi Mine through water sprinkling and Gamharia plants near the Subarnarekha river, and Performance About Stakeholders Value Statutory Financial Snapshot Tata Steel Leadership Strategy and Materiality Creation Reports Statements Kalinganagar and Meramandali plants near Brahmani river).",model,V,0.5462,S,0.44,quantifier_count=0.00[NONE]; target_year=0.00[NONE]; specific_tech=1.00[jamshedpur|kalinganagar],,,,Y
S0454,tata,2022,BRSR,"reduce, reuse, recycle and recover, with continuous efforts to transform steelmaking into a more water efficient business.",model,V,0.5690,S,0.4,vague_adj_ratio=0.00[NONE]; quantifier_count=0.00[NONE]; target_year=0.00[NONE],,,,N
S0455,tata,2022,BRSR,"Also, upgradation of the common purposes, including cooling, dust suppression, cleaning, effluent treatment plant (CETP) is on track at Jamshedpur and temperature control (heat treatment).",model,V,0.5541,S,0.4,vague_adj_ratio=0.00[NONE]; quantifier_count=0.00[NONE]; target_year=0.00[NONE],,,,N
S0456,tata,2022,BRSR,Pertaining to Works to make it a zero effluent discharge facility.,model,V,0.5690,S,0.4,vague_adj_ratio=0.00[NONE]; quantifier_count=0.00[NONE]; target_year=0.00[NONE],,,,N
S0457,tata,2022,BRSR,"Use of large amount of water also generates huge quantity of effluents, which contain suspended solids, dissolved substances and chemicals.",model,V,0.5690,S,0.4,vague_adj_ratio=0.00[NONE]; quantifier_count=0.00[NONE]; target_year=0.00[NONE],,,,N
S0458,tata,2022,BRSR,"To minimise the withdrawal of fresh water from rivers and to make Jamshedpur a zero-sewage discharge city, we are reusing the treated municipal wastewater from two sewage treatment plants (STPs) of 45 and 16 MLD (million litres per day) capacities into our operations.",model,V,0.5325,S,0.267,vague_adj_ratio=0.00[NONE]; target_year=0.00[NONE]; verb_strength=0.10[NONE],,,,Y
S0459,tata,2022,BRSR,"Water treatment plant at Noamundi, Jharkhand All our sites are continuously taking actions to prevent the Circular economy risk of contaminating local water resources and achieving Ferrous scrap recycling zero effluent discharge.",model,V,0.5690,S,0.4,vague_adj_ratio=0.00[NONE]; quantifier_count=0.00[NONE]; target_year=0.00[NONE],,,,N
S0460,tata,2022,BRSR,"The following new technologies Producing steel from the infinitely recyclable ferrous scrap have been adopted by Tata Steel for the prevention of has a lower carbon footprint, as opposed to producing it water pollution: from iron ore.",model,V,0.5690,S,0.4,vague_adj_ratio=0.00[NONE]; quantifier_count=0.00[NONE]; target_year=0.00[NONE],,,,N
S0461,tata,2022,BRSR,"Tata Steel is the first company Removal of chloride by synergy with hybrid to set up a scrap collection and shredding facility at Rohtak membrane and chemo dialysis from coke (Delhi-NCR) and has plans to replicate such facilities across plant wastewater at Hooghly Met Coke, Haldia India.",model,V,0.5868,S,0.477,quantifier_count=0.00[NONE]; target_year=0.00[NONE]; specific_tech=0.00[NONE],,,,N
S0462,tata,2022,BRSR,"from wastewater at Meramandali The scrap is procured through the digital FerroHaat app, a New Ultraviolet (UV)-Oxidation technology first-of-its-kind in the world.",model,V,0.5690,S,0.4,vague_adj_ratio=0.00[NONE]; quantifier_count=0.00[NONE]; target_year=0.00[NONE],,,,N
S0463,tata,2022,BRSR,"for cyanide removal from coke oven wastewater at Meramandali There has been a dedicated effort to increase scrap charging Solid waste utilisation in our steel melting shops, which is one of the key enablers for reduction in carbon footprint.",model,V,0.5690,S,0.4,vague_adj_ratio=0.00[NONE]; quantifier_count=0.00[NONE]; target_year=0.00[NONE],,,,N
S0464,tata,2022,BRSR,"Tata Steel aims for comprehended through the pioneering and materialised a ‘Zero Waste’ goal using the 3R (Reduce, Reuse & Recycle) technologies as well as the innovation pipeline pertaining principles of circular economy.",model,V,0.5924,S,0.509,quantifier_count=0.00[NONE]; target_year=0.00[NONE]; specific_tech=0.00[NONE],,,,N
S0465,tata,2022,BRSR,"In FY 2021-22, Tata Steel Jamshedpur and Tata Steel national highways, which has helped in conserving natural Kalinganagar achieved 100% solid waste utilisation and aggregates and minimising our environmental footprint.",model,V,0.5594,S,0.133,vague_adj_ratio=0.00[NONE]; target_year=0.00[NONE]; specific_tech=1.00[jamshedpur|kalinganagar],,,,N
S0466,tata,2022,BRSR,"Besides steel slag, various downstream products have been developed from blast furnace slag, such as ground granulated blast furnace slag (GGBS) and activated GGBS, which can be used as partial replacement of Ordinary Portland Cement (OPC) for making concrete, thereby positively impacting the carbon footprint of cement manufacturers.",model,V,0.5541,S,0.4,vague_adj_ratio=0.00[NONE]; quantifier_count=0.00[NONE]; target_year=0.00[NONE],,,,N
S0467,tata,2022,BRSR,"Steel Scrap Recycling Plant at Rohtak, Haryana Performance About Stakeholders Value Statutory Financial Snapshot Tata Steel Leadership Strategy and Materiality Creation Reports Statements Biodiversity management At our UK operations, we are guardian to large areas of Tata Steel has been actively working with several natural habitat, including several Sites of Special Scientific organisations to enhance its performance in biodiversity Interest (SSSI).",model,V,0.5690,S,0.4,vague_adj_ratio=0.00[NONE]; quantifier_count=0.00[NONE]; target_year=0.00[NONE],,,,N
S0468,tata,2022,BRSR,"Our industry–leading work will provide opportunities for product improvement sustainability assessment profiler helps us evaluate our and/or new product development for differentiated new product development portfolio by considering OCS products using sustainable coatings, e.g., water- environmental, social and economic issues over the complete based coatings, that are processable, using novel curing product life cycle.",model,V,0.5794,S,0.459,quantifier_count=0.00[NONE]; target_year=0.00[NONE]; specific_tech=0.00[NONE],,,,N
S0469,tata,2022,BRSR,The profiler guides our teams at each stage technologies and renewable energy.,model,V,0.5690,S,0.4,vague_adj_ratio=0.00[NONE]; quantifier_count=0.00[NONE]; target_year=0.00[NONE],,,,N
S0470,tata,2022,BRSR,"We have held streamline the construction of public sector buildings, such over 100 working sessions with our automotive Original as schools and health facilities, meeting the government’s Equipment Manufacturers (OEMs) and their customers in industrial strategy of reducing costs by a third, delivering recent years and have been able to develop jointly agreed buildings in half the time and with a 50% reduction in roadmaps for decarbonisation, circularity and responsible carbon emissions from the sector.",model,V,0.5409,S,0.314,target_year=0.00[NONE]; vague_adj_ratio=0.08[responsible]; verb_strength=0.10[NONE],,,,Y
S0471,tata,2022,BRSR,"We are working with several stampers and motor standardised process for construction, the project uses data manufacturers on future Electric Vehicle (EV) launches and to enable a whole-life carbon assessment of the construction are involved in a collaborative, UK government-funded platform and has a focus on how components, such as (Innovate UK) project, which is looking at the use of electrical floors, roofing and entire steel frames can be dismantled and steels in EV motors.",model,V,0.5830,S,0.456,quantifier_count=0.00[NONE]; target_year=0.00[NONE]; specific_tech=0.00[NONE],,,,N
S0472,tata,2022,BRSR,"vehicle range, coupled with high power and torque density, R&D building, Tata Steel Jamshedpur Works Envisioning a decarbonised future Iron and steel have been central to human development for making process through the Blast Furnace.",model,V,0.5391,S,0.4,vague_adj_ratio=0.00[NONE]; quantifier_count=0.00[NONE]; target_year=0.00[NONE],,,,Y
S0473,tata,2022,BRSR,"Steel remains an integral part of the solution to climate change because of its unique properties like strength to Tata Steel is committed towards reducing its carbon footprint weight ratio, ductility, longevity and, most importantly, in production and through the life cycle of the product.",model,V,0.5872,S,0.48,quantifier_count=0.00[NONE]; target_year=0.00[NONE]; specific_tech=0.00[NONE],,,,N
S0474,tata,2022,BRSR,"energy with its application in solar panels, wind turbines, We are continually strengthening our production processes, hydroelectric dams, and EVs.",model,V,0.5690,S,0.4,vague_adj_ratio=0.00[NONE]; quantifier_count=0.00[NONE]; target_year=0.00[NONE],,,,N
S0475,tata,2022,BRSR,"supply chains, internal governance, disclosures, and policy advocacy to facilitate a transition to a low-carbon future.",model,V,0.6072,V,0.618,quantifier_count=0.00[NONE]; target_year=0.00[NONE]; specific_tech=0.00[NONE],,,,N
S0476,tata,2022,BRSR,"As per International Energy Agency (IEA), the steel sector emits 2.6 Gt CO annually, which accounts for 7-9% of global sectors for GHG emissions because of hard-to-abate metallurgical coal being used as a reductant in the iron Climate Action Governance Board and Apex level Governance Operational level Governance At Tata Steel, climate action is an integral part of In 2018, a Centre of Excellence for GHG reduction and business strategy and risk management and is driven mitigation (cross-functional team with members from by the Company’s Board, with implementation through Operations, Technology and R&D, Sustainability, Finance an organisation-wide governance structure.",model,V,0.5475,S,0.267,vague_adj_ratio=0.00[NONE]; target_year=0.00[NONE]; specific_tech=0.00[NONE],,,,Y
S0477,tata,2022,BRSR,"The CSR and Engineering) was constituted under the leadership of (Corporate Social Responsibility) & Sustainability Vice President Safety, Health & Sustainability to develop Committee of the Board is responsible for providing a climate change response roadmap, suggest policy level directional oversight on our Climate Strategy, setting interventions, align our expansion/growth plans to a low- targets and reviewing progress periodically throughout carbon pathway and review implementation of projects.",model,V,0.5773,S,0.507,quantifier_count=0.00[NONE]; target_year=0.00[NONE]; verb_strength=0.15[plans to],,,,N
S0478,tata,2022,BRSR,"Additionally, the Risk Management Committee of the Board reviews Tata Steel Group level climate The Company has also formed a Carbon Impact change-related risks periodically.",model,V,0.5690,S,0.4,vague_adj_ratio=0.00[NONE]; quantifier_count=0.00[NONE]; target_year=0.00[NONE],,,,N
S0479,tata,2022,BRSR,The Chief Executive Centre (CIC) that is responsible for formulating carbon Officer and Managing Director (CEO&MD) along with the abatement projects.,model,V,0.6451,S,0.572,quantifier_count=0.00[NONE]; target_year=0.00[NONE]; verb_strength=0.85[cut],,,,N
S0480,tata,2022,BRSR,"Internal Carbon Price (ICP) in India (in line with the EU Emission Trading Scheme) to ensure that new projects Tata Steel Group’s CEO&MD drives the climate action adequately reflect their intrinsic carbon price and also programme for Tata Steel across all geographies, benefits of any carbon reduction.",model,V,0.5860,S,0.473,quantifier_count=0.00[NONE]; target_year=0.00[NONE]; specific_tech=0.00[NONE],,,,N
S0481,tata,2022,BRSR,"The CEO&MD also chairs the Technology register and quarterly updates of these risks on likelihood, & Innovation Management Committee, which drives impact and status of mitigation strategies are reviewed by the adoption of deep decarbonisation technologies the Risk Management Committee of the Board.",model,V,0.5690,S,0.4,vague_adj_ratio=0.00[NONE]; quantifier_count=0.00[NONE]; target_year=0.00[NONE],,,,N
S0482,tata,2022,BRSR,like Hydrogen based steelmaking and Carbon Capture and Utilisation.,model,V,0.5541,S,0.4,vague_adj_ratio=0.00[NONE]; quantifier_count=0.00[NONE]; target_year=0.00[NONE],,,,N
S0483,tata,2022,BRSR,Our Strategic Objective #4 is focussed on ‘Leadership in Sustainability’ wherein we have set specific long-term goals on carbon emissions along with a decarbonisation roadmap.,model,V,0.5938,S,0.541,quantifier_count=0.00[NONE]; target_year=0.00[NONE]; specific_tech=0.00[NONE],,,,N
S0484,tata,2022,BRSR,"Based on global scenarios on technology, government policy, consumer behaviour and Company’s asset configuration, our decarbonisation strategy is set out in three-time horizons, as mentioned below: Short-term (by 2025): Shifts in business models › Entry into Steel Recycling Business to create a formal our Indian sites, plan to commission 11.8 MW of solar circular economy for steel in India; a 0.5 MnTPA scrap power plants by FY 2022-23 at our Thailand facilities processing unit (first shredding unit in India) was › Internal Carbon Pricing: To boost the carbon abatement commissioned in FY 2020-21 and multiple units across projects appraisal in India, we have increased the different regions are in the pipeline internal carbon pricing from US$15 to US$40/tonne COe › Utilisation of higher scrap charge in the steelmaking in FY 2021-22, which we plan to review in FY 2022-23 process in India › Tata Steel Nederland:",model,S,0.5027,S,0.0,vague_adj_ratio=0.00[NONE]; quantifier_count=1.00[mw|mnt|fy 2022|fy 2020]; target_year=1.00[|fy],,,,Y
S0485,tata,2022,BRSR,"› Improving quality of raw material (Iron ore and Coking By 2026, we expect to have completed detailed coal) to reduce emissions in Blast Furnace in India engineering, placement of orders and commencement operations (reducing ash in metallurgical coke from of construction on the project domestic coking coal and reducing alumina content in domestic iron ore) ›",model,V,0.5609,S,0.267,vague_adj_ratio=0.00[NONE]; verb_strength=0.85[completed]; quantifier_count=0.33[by 2026],,,,N
S0486,tata,2022,BRSR,"Finalisation of decarbonisation roadmap for Tata Steel UK, focussing on utilisation of locally available steel › Increase share of renewable energy generation; 150 MW scrap (UK is the second highest producer in the world) in projects being implemented in a phased manner across consultation with the UK Government Completed the maiden multi-modal shipment, pioneered the use of inland waterways for transportation of steel products and machinery Medium-term (till 2030):",model,V,0.6099,S,0.267,vague_adj_ratio=0.00[NONE]; target_year=0.00[NONE]; specific_tech=0.00[NONE],,,,N
S0487,tata,2022,BRSR,"Capitalising Circularity › Capacity addition in India using scrap Electric Arc of deep decarbonisation technologies such as CCU, Furnace (EAF) route; several EAF units will also be set up hydrogen-based steelmaking, use of biomass and other to convert the collected and processed scrap into steel alternate ironmaking routes.",model,V,0.5541,S,0.4,vague_adj_ratio=0.00[NONE]; quantifier_count=0.00[NONE]; target_year=0.00[NONE],,,,N
S0488,tata,2022,BRSR,"In FY 2021-22, a 5 TPD pilot of the South Wales Industrial Cluster (SWIC) to net zero plant was successfully commissioned at Jamshedpur emissions.",model,V,0.5954,S,0.267,vague_adj_ratio=0.00[NONE]; target_year=0.00[NONE]; verb_strength=0.85[commissioned],,,,N
S0489,tata,2022,BRSR,"We are collaborating with the University of to capture CO from Blast Furnace gas; we have also South Wales on biological fermentation to generate successfully tried continuous injection of Coal Bed acetates, a high value chemical, from waste carbon.",model,V,0.5541,S,0.4,vague_adj_ratio=0.00[NONE]; quantifier_count=0.00[NONE]; target_year=0.00[NONE],,,,N
S0490,tata,2022,BRSR,"Explore and invest in the development of deep decarbonisation technologies › Net zero emissions targets for Tata Steel’s › Sustainable production, storage and use of Hydrogen European operations across the steel value chain › HIsarna technology and new smelting technologies › Research on advanced materials › CCU dovetailing with existing processes We engage and support initiatives like ResponsibleSteelTM certification, development of steel sector guidance for science-based target setting, Net Zero Steel Pathway methodology project, Assessment of low-Carbon Transition (ACT), World Economic Forum’s Mining and Metal Blockchain Initiative, World Steel Association’s CO benchmarking and STEP-UP programs to chart long-term decarbonization pathway for the sector.",model,V,0.5716,S,0.498,quantifier_count=0.00[NONE]; target_year=0.00[NONE]; verb_strength=0.10[NONE],,,,N
S0491,tata,2022,BRSR,"Stringent climate laws and regulations outlines a technologically, industrially and economically for accelerating the transition to a low-carbon economy, possible way forward to restrict increase in global average technology disruptions and shifting customer preferences temperature rise to below 1.5°C.",model,V,0.5853,S,0.492,quantifier_count=0.00[NONE]; target_year=0.00[NONE]; specific_tech=0.00[NONE],,,,N
S0492,tata,2022,BRSR,"On the other side, Transition Risks climate change also poses opportunities which include improved resource efficiency resulting in monetary savings, development of new products & services and access to due to climate related regulations, leading newer markets, earnings from voluntary carbon markets, access to larger markets/customers requiring steel of to loss in profitability low-carbon intensity.",model,V,0.5891,S,0.514,quantifier_count=0.00[NONE]; target_year=0.00[NONE]; specific_tech=0.00[NONE],,,,N
S0493,tata,2022,BRSR,"In FY 2018-19 we conducted a third-party assessment to management by the international arrive at potential climate change risks and opportunities financial community due to regulatory changes and societal pressures reducing access to capital and increasing the cost of funding requirements due to delay or failure in adopting low-carbon technologies impacting profitability Tata Steel not matching with pace of demand for low-carbon embodied steel products, leading to loss of market share Deployed first Bio-Fuel powered ship for imported raw material To future proof our key assets and proposed future capital Transition opportunities projects, we have completed Natural Hazard and Climate Change Hotspot Analysis for key operating locations covering major upstream mining sites, steelmaking facilities and ports that are part of our major supply chain networks.",model,V,0.6148,S,0.295,target_year=0.00[NONE]; specific_tech=0.00[NONE]; vague_adj_ratio=0.05[low-carbon],,,,N
S0494,tata,2022,BRSR,"To further build resilience in our planning and action on from enhanced demand for high climate change adaptation, we are currently working on strength steels identifying, assessing, and quantifying long-term physical risks to the business as part of our third-party climate to replace thermal power based Over the last few years, planning and budgeting of our R&D on fossil fuels programmes have been increasingly dedicated to prioritising projects keeping climate related risks and opportunities and customer needs in focus.",model,V,0.5966,S,0.533,quantifier_count=0.00[NONE]; target_year=0.00[NONE]; specific_tech=0.00[NONE],,,,N
S0495,tata,2022,BRSR,help in reducing the weight and thus use Mitigation strategies are put in place to avoid significant phase GHG emission delays in project execution.,model,V,0.6861,V,0.743,quantifier_count=0.00[NONE]; target_year=0.00[NONE]; specific_tech=0.00[NONE],,,,N
S0496,tata,2022,BRSR,"carbon emission, saving over conventional grades, e.g. Tata TISCON launched Fe550SD Tata Steel undertook several design-strengthening initiatives during the construction phase after 2013 grade of steel reinforcement bars replacing cyclone during the erection of the Kalinganagar Plant.",model,V,0.6162,S,0.4,vague_adj_ratio=0.00[NONE]; quantifier_count=0.00[NONE]; target_year=0.00[NONE],,,,N
S0497,tata,2022,BRSR,"Performance About Stakeholders Value Statutory Financial Snapshot Tata Steel Leadership Strategy and Materiality Creation Reports Statements Metrics and targets We aspire to reduce our carbon footprint across our geographies, in line with national ambitions and have set the following targets for the same: Tata Steel Europe (The UK and the Netherlands) Reduce steelmaking carbon emissions in Europe by 30% by 2030 State-of-the-art steelmaking facility, Tata Steel Jamshedupr Works Tata Steel India Make our processes more sustainable and produce steel which is CO neutral by 2050 We aspire to achieve CO emission intensity of <2 tCO /tcs",manual,V,1.00,S,0.077,quantifier_count=1.00[30%|by 2030|by 2050]; vague_adj_ratio=0.13[aspire|sustainable]; verb_strength=0.15[aspire],V,2,QA conflict resolution,N
S0498,tata,2022,BRSR,"by 2030 Our CO reduction ambitions in Europe are in line with the European Commission’s proposals for new Climate Law that will enshrine in law a target of a 55% reduction in CO Our targets for the India business take into account India’s emissions by 2030 (compared to 1990), which will be a big growth ambitions, increasing steel consumption, evolving step for the EU becoming climate neutral by 2050.",model,S,0.5312,S,0.0,vague_adj_ratio=0.00[NONE]; quantifier_count=1.00[55%|by 2030|by 2050]; specific_tech=0.00[NONE],,,,Y
S0499,tata,2022,BRSR,"The 360o marketing excavation and pre-engineering building segments campaign resulted in ~66% growth in retail product with 28% and 25% Y-o-Y growth respectively and offerings in FY 2021-22 expanded its presence in niche segments comprising solar, transmission towers, crash barriers and › Nest-In: Nest-In deploys various approaches to water pipelines engage with customers at all stages of the customer life cycle.",model,S,0.5110,S,0.0,vague_adj_ratio=0.00[NONE]; quantifier_count=1.00[66%|28%|25%|fy 2021]; target_year=0.00[NONE],,,,Y
S0500,tata,2022,BRSR,"Tata Steel is one of the few companies to measure end-to-end Scope 3 emissions in all modes of transportation, giving it an equal focus as Scope 1 and Scope 2 emissions.",model,V,0.5391,S,0.4,vague_adj_ratio=0.00[NONE]; quantifier_count=0.00[NONE]; target_year=0.00[NONE],,,,Y
S0501,tata,2022,BRSR,"We have Indigenisation and localisation implemented many sustainability initiatives in the supply In FY 2021-22, we have increased the efforts and focus on chain such as idle freight reduction resulting in reduction indigenisation and localisation across multiple categories of CO emissions, increasing rail coefficient as against road of buy like raw material, spares, and process consumables movement, greener modes of transport like shift to coastal to mitigate macroeconomic risks.",model,V,0.5613,S,0.32,target_year=0.00[NONE]; specific_tech=0.00[NONE]; vague_adj_ratio=0.09[focus on],,,,N
S0502,tata,2022,BRSR,"Indigenisation for spend movements and have deployed energy efficient vessels to of `235 crore across different categories of MRO, Bulk and reduce the carbon footprint for imported raw materials.",model,V,0.6099,S,0.267,vague_adj_ratio=0.00[NONE]; target_year=0.00[NONE]; specific_tech=0.00[NONE],,,,N
S0503,tata,2022,BRSR,The IBP route will also help the Company CO footprint measurements as per the latest International lower its Scope 3 carbon footprint.,model,V,0.5541,S,0.4,vague_adj_ratio=0.00[NONE]; quantifier_count=0.00[NONE]; target_year=0.00[NONE],,,,N
S0504,tata,2022,BRSR,This process of reporting and validating has been (having higher specific CO emissions) and moved to energy standardised for seaborne emissions.,model,V,0.5690,S,0.4,vague_adj_ratio=0.00[NONE]; quantifier_count=0.00[NONE]; target_year=0.00[NONE],,,,N
S0505,tata,2022,BRSR,"In addition, Tata flagged-off the first batch of liquefied natural gas (LNG) chain operations such as travel distance and idle weight powered vehicles to transport its finished steel products at a optimisation to further reduce its carbon footprint.",model,V,0.5690,S,0.4,vague_adj_ratio=0.00[NONE]; quantifier_count=0.00[NONE]; target_year=0.00[NONE],,,,N
S0506,tata,2022,BRSR,"Integration of ESG performance of supply chain partners in procurement decision-making has been planned through Implementation of Green Procurement Framework in FY 2022-23 with key raw material suppliers and focussed projects on reducing carbon footprint Pioneered the use of EVs for steel transportation Caring for the community For over a century, Tata Steel has been serving the marginalised and voiceless sections of the community across more than 4,500 villages in nine districts of Jharkhand and Odisha.",model,V,0.5353,S,0.185,target_year=0.00[NONE]; specific_tech=0.00[NONE]; vague_adj_ratio=0.09[green],,,,Y
S0507,tata,2022,BRSR,Basic information Crude Steel Production Tata Steel Standalone MnT 12.48 13.23 13.16 12.19 18.38 Tata Steel Long Products Limited - Gamharia MnT - - 0.59 0.65 0.68 Tata Steel UK MnT 3.51 3.13 3.38 3.27 3.40 Tata Steel Netherlands MnT 6.90 6.90 6.62 6.07 6.45 Tata Steel Thailand MnT 1.20 1.03 0.99 1.09 1.31 CO emissions (based on worldsteel user guide V9.5),model,V,0.5690,S,0.4,vague_adj_ratio=0.00[NONE]; quantifier_count=0.00[NONE]; target_year=0.00[NONE],,,,N
S0508,tata,2022,BRSR,"Tata Steel Standalone - Jamshedpur, Kalinganagar, Absolute emissions -Scope 1+1.1 MnT 30.5 31.7 31.1 29.4 46.2 Absolute emissions - Scope 2 MnT 1.2 1.2 1.1 1.0 1.7 Absolute emissions - Scope 3 MnT",model,V,0.5174,S,0.267,vague_adj_ratio=0.00[NONE]; target_year=0.00[NONE]; specific_tech=1.00[jamshedpur|kalinganagar|scope 1],,,,Y
S0509,tata,2022,BRSR,-2.0 -1.8 -1.8 -2.0 -3.2 Total absolute emissions (Scope 1+1.1+2 + 3) MnT 29.7 31 30.4 28.3 44.7 CO emissions intensity tCO/tcs 2.37 2.35 2.31 2.32 2.43 Tata Steel Long Products Limited - Gamharia Absolute emissions - Scope 1 MnT - - 3.0 3.1 3.2 Absolute emissions - Scope 2 MnT - - 0.0 0.0 0.0 Absolute emissions - Scope 3 MnT -,model,V,0.5174,S,0.267,vague_adj_ratio=0.00[NONE]; target_year=0.00[NONE]; specific_tech=1.00[scope 1|scope 2|scope 3],,,,Y
S0510,tata,2022,BRSR,- -0.3 -0.4 -0.3 Total absolute emissions (Scope 1 +2 + 3) MnT - - 2.7 2.8 3.0 CO emissions intensity tCO/tcs - - 4.52 4.29 4.39 Absolute emissions - Scope 1 MnT 7.0 6.4 7.1 6.5 6.9 Absolute emissions - Scope 2 MnT 0.5 0.4 0.4 0.3 0.4 Absolute emissions - Scope 3 MnT 0.6 0.5 0.5 0.5 0.4 Total absolute emissions (Scope 1 +2 + 3) MnT 8.1 7.4 8.0 7.3 7.7 CO emissions intensity (Port Talbot) tCO/tcs 2.18 2.21 2.22 2.14 2.16 Tata Steel Netherlands Absolute emissions - Scope 1+1.1 MnT 13 12 12 11 12 Absolute emissions - Scope 2 MnT (0.15) (0.18) (0.13) (0.06) (0.10) Absolute emissions - Scope 3 MnT 0.08 0.15 0.16 0.17 0.27,model,V,0.5174,S,0.267,vague_adj_ratio=0.00[NONE]; target_year=0.00[NONE]; specific_tech=1.00[port talbot|scope 1|scope 2],,,,Y
S0511,tata,2022,BRSR,Absolute emissions - Scope 1 MnT - - - 66.0 75.7 Absolute emissions - Scope 2 MnT - - - 4.8 5.6 Absolute emissions - Scope 3 MnT - - - 12.6 11.9 Total absolute emissions (Scope 1 +2 + 3) MnT - - - 83.4 93.2 * worldsteel methodology allows credits due to export to various co-products / byproducts (incl.,model,V,0.5174,S,0.267,vague_adj_ratio=0.00[NONE]; target_year=0.00[NONE]; specific_tech=1.00[scope 1|scope 2|scope 3],,,,Y
S0512,tata,2022,BRSR,No such credits are included in GHG Protocol estimation.,model,V,0.5690,S,0.4,vague_adj_ratio=0.00[NONE]; quantifier_count=0.00[NONE]; target_year=0.00[NONE],,,,N
S0513,tata,2022,BRSR,Scope 1.1 emissions under worldsteel scope considered direct emissions under scope 1 for steelmaking sites.,model,V,0.5541,S,0.4,vague_adj_ratio=0.00[NONE]; quantifier_count=0.00[NONE]; target_year=0.00[NONE],,,,N
S0514,tata,2022,BRSR,"Consolidated emissions of Tata Steel has been arrived at by using equity based approach For TSJ, TSK and TSM, Absolute Scope 1 emissions are 46.7 MntCO2e, Absolute Scope 2 emissions are 4.4 MntCO2e, Absolute Scope 3 emissions are 1.5 MntCO2e.",model,V,0.5174,S,0.267,vague_adj_ratio=0.00[NONE]; target_year=0.00[NONE]; specific_tech=1.00[tco2|tco2e|scope 1],,,,Y
S0515,tata,2022,BRSR,Tata Steel Standalone Stack dust emissions Kilo tonnes 5.75 5.59 5.04 4.10 7.22 Dust emission intensity kg/tcs 0.46 0.42 0.38 0.34 0.39 SOx emissions Kilo tonnes 12.50 7.37 8.57 7.83 30.40 SOx emission intensity kg/tcs 1.00 0.56 0.65 0.64 1.65 NOx emissions Kilo tonnes 12.81 8.89 8.70 7.53 16.01 NOx emission intensity kg/tcs 1.03 0.67 0.66 0.62 0.87,model,V,0.5690,S,0.4,vague_adj_ratio=0.00[NONE]; quantifier_count=0.00[NONE]; target_year=0.00[NONE],,,,N
S0516,tata,2022,BRSR,Tata Steel Long Products Limited - Gamharia Dust emissions Kilo tonnes - - 1.69 1.17 1.03 Dust emission intensity kg/tcs - - 2.86 1.81 1.50 SOx emissions Kilo tonnes - - 5.11 4.88 6.01 SOx emission intensity kg/tcs - - 8.66 7.53 8.79 NOx emissions Kilo tonnes - - 0.97 1.08 1.21 NOx emission intensity kg/tcs - - 1.64 1.67 1.77 Tata Steel UK (CY*),model,V,0.5690,S,0.4,vague_adj_ratio=0.00[NONE]; quantifier_count=0.00[NONE]; target_year=0.00[NONE],,,,N
S0517,tata,2022,BRSR,Dust emissions Kilo tonnes 2.05 1.96 1.94 2.23 1.96 Dust emission intensity kg/tcs 0.57 0.64 0.57 0.69 0.55 SOx emissions Kilo tonnes 7.19 7.07 7.09 6.61 4.96 SOx emission intensity kg/tcs 2.02 2.29 2.10 2.04 1.40 NOx emissions Kilo tonnes 4.97 3.84 4.83 5.14 5.05 NOx emission intensity kg/tcs 1.39 1.24 1.43 1.58 1.43 Tata Steel Netherlands@,model,V,0.5690,S,0.4,vague_adj_ratio=0.00[NONE]; quantifier_count=0.00[NONE]; target_year=0.00[NONE],,,,N
S0518,tata,2022,BRSR,Dust emissions Kilo tonnes 1.91 1.80 1.88 1.80 1.57 Dust emission intensity kg/tcs 0.28 0.26 0.28 0.30 0.24 SOx emissions Kilo tonnes 3.23 3.13 3.16 3.04 2.79 SOx emission intensity kg/tcs 0.47 0.46 0.48 0.50 0.42 NOx emissions Kilo tonnes 5.78 5.73 6.03 5.13 5.35 NOx emission intensity kg/tcs 0.85 0.84 0.91 0.85 0.80 *Calendar year reporting (1 January - 31 December),model,V,0.5690,S,0.4,vague_adj_ratio=0.00[NONE]; quantifier_count=0.00[NONE]; target_year=0.00[NONE],,,,N
S0519,tata,2022,BRSR,Specific energy consumption GJ/tcs 20.06 19.99 19.79 20.22 20.38 Tata Steel Thailand Specific energy consumption GJ/tcs 9.50 9.90 10.00 9.86 9.30 Tata Steel Standalone Total sites covered under Biodiversity Management % - - - 52.3 61.9 Tata Steel Long Products Limited - Gamharia Total sites covered under Biodiversity Management Initiated at Plans (BMPs) 3 sites Discrete sites under biodiversity management Nos.,model,V,0.5690,S,0.4,vague_adj_ratio=0.00[NONE]; quantifier_count=0.00[NONE]; target_year=0.00[NONE],,,,N
S0520,tata,2022,BRSR,"Kilo tonnes - - - 598 1,252 Steel scrap recycled (internal & external) % - - - 4.9 6.8 Tata Steel Long Products Limited - Gamharia Steel scrap recycled (internal & external) Kilo tonnes - - 21.9 20.4 29.7 Steel scrap recycled (internal & external) % - - 3.7 3.2 4.3 Steel scrap recycled (internal & external) Kilo tonnes 559 531 497 554 596 Steel scrap recycled (internal & external) % 16.0 17.1 14.7 16.9 17.5 Tata Steel Netherlands Steel scrap recycled (internal & external)@ Kilo tonnes 1,095 1,140 1,150 1,019 1,137 Steel scrap recycled# (internal & external) % 15.9 16.5 17.4 16.8 17.6 Tata Steel Thailand Primary raw material used is steel scrap which is 100% recyclable Spend on Climate Change and Environment Tata Steel",model,V,0.5678,S,0.0,"vague_adj_ratio=0.00[NONE]; quantifier_count=1.00[100%|,252|,095|,140]; target_year=0.00[NONE]",,,,N
S0521,tata,2023,BRSR,We are continuously balancing Material issues addressed sustainable practices and resource efficiency to − Greenhouse Gas Emissions and Climate Change Management preserve precious resources and minimise our − Air Pollution/Air Quality ecological footprint.,model,V,0.5882,S,0.509,quantifier_count=0.00[NONE]; target_year=0.00[NONE]; specific_tech=0.00[NONE],,,,N
S0522,tata,2023,BRSR,"− Water Consumption and Effluent Discharge/Water Resource − Energy Efficiency/Energy Worldwide Rank of the Greenhouse gas emission − Circular Economy/Recycling of IJmuiden steelworks of Tata intensity per tonne of By-products Steel Nederland in the 2022 crude steel CO intensity benchmark − Risk Management 2 − Supply Chain Sustainability Strategic linkages Net Zero 9900 116th Year Integrated Report & Annual Accounts 2022-23 Preserving Air emissions Integrated steel manufacturing Strive towards sustainability sustaining the operations generate emissions into leadership air, primarily in the form of dust and Align with its strategic objective of nature gaseous emissions such as Sulphur ‘Leadership in sustainability’, Tata Steel dioxide and Nitrous oxides.",model,V,0.5641,S,0.432,quantifier_count=0.00[NONE]; target_year=0.00[NONE]; vague_adj_ratio=0.05[strive],,,,N
S0523,tata,2023,BRSR,"has adopted policies intended to help Specific dust load is the key it become the international benchmark Steel, with a resource-intensive environment performance indicator in stack dust emission by 2030 and is manufacturing process, generates for Tata Steel and at all our operating currently developing strategies and emissions and effluents, impacting sites and we have the necessary conducting feasibility studies, as below: the nature.",model,V,0.5273,S,0.327,specific_tech=0.00[NONE]; vague_adj_ratio=0.10[intended]; verb_strength=0.15[intend|intended],,,,Y
S0524,tata,2023,BRSR,"We are conscious of our infrastructure, best of the monitoring − Installation of Air Pollution Control ecological footprint and strive to use technologies and capabilities to Equipment (APCE) for benchmark efficient production routes, minimise constantly track the specific dust load performance waste generation and mitigate the on a real-time basis.",model,V,0.5868,S,0.477,quantifier_count=0.00[NONE]; target_year=0.00[NONE]; specific_tech=0.00[NONE],,,,N
S0525,tata,2023,BRSR,"− Improvement or de-bottlenecking of negative impact on the environment We have conducted ‘Source existing APCE by relentlessly optimising the use of the Apportionment’ studies at our − Implementation of best available natural resources, reducing emissions Jamshedpur Works and in the radius of technology for APCE for new and encouraging circular economy.",model,V,0.5541,S,0.4,vague_adj_ratio=0.00[NONE]; quantifier_count=0.00[NONE]; target_year=0.00[NONE],,,,N
S0526,tata,2023,BRSR,"20 kilometers to identify key sources facilities To manage our natural capital, we and their contribution to the overall are investing in various environmental ambient air quality in the region projects such as air emissions with an aim to develop air quality control equipment installation, use management plans to improve the In our IJmuiden operations, in of scrap in steel making, freshwater ambient air quality.",model,V,0.5819,S,0.533,quantifier_count=0.00[NONE]; target_year=0.00[NONE]; verb_strength=0.15[aim|plans to],,,,N
S0527,tata,2023,BRSR,This process existing air pollution control equipment is designed to reduce dust emissions by Recycle’.,model,V,0.5690,S,0.4,vague_adj_ratio=0.00[NONE]; quantifier_count=0.00[NONE]; target_year=0.00[NONE],,,,N
S0528,tata,2023,BRSR,pursuit of establishing best- at a level that is lower by 50% to Tata Steel Nederland’s nitrogen 80% than the prevailing prescribed oxide emissions have already been in-class facilities and ensure norms.,model,V,0.5498,S,0.242,target_year=0.00[NONE]; specific_tech=0.00[NONE]; verb_strength=0.15[ensure],,,,Y
S0529,tata,2023,BRSR,"up a new DeNOx installation at the Pelletising Plant, which is part of Tata Steel Nederland’s multi-year Roadmap+ 67% investments of c. €300M. The DeNOx installation is expected to reduce Tata Steel’s total nitrogen oxide emissions Estimated reduction at IJmuiden by c. 30%, compared to 2019, upon commissioning in 2025.",model,V,0.5108,S,0.133,vague_adj_ratio=0.00[NONE]; target_year=0.00[NONE]; verb_strength=0.10[NONE],,,,Y
S0530,tata,2023,BRSR,"in specific stack dust As part of the Pellet Plant, Tata Steel emissions since FY2004-05 has introduced a new technology that has not yet been applied on this scale at Tata Steel Limited.",model,V,0.5475,S,0.267,vague_adj_ratio=0.00[NONE]; target_year=0.00[NONE]; specific_tech=0.00[NONE],,,,Y
S0531,tata,2023,BRSR,"91 116th Year Integrated Report & Annual Accounts 2022-23 Natural Capital Water in the water system were initiated at − Maximising use of treated effluent all our Indian sites to minimise water at Blast Furnace 2, Direct Reduced management consumption.",model,V,0.6162,S,0.4,vague_adj_ratio=0.00[NONE]; quantifier_count=0.00[NONE]; target_year=0.00[NONE],,,,N
S0532,tata,2023,BRSR,"Best of the available Iron Plant, Sinter Plants and auxiliary technologies were adopted to reduce, consumption at Meramandali recover, recycle and reuse the treated Tata Steel aspires to set global Steel plants require substantial water wastewater.",model,V,0.5888,S,0.489,quantifier_count=0.00[NONE]; target_year=0.00[NONE]; specific_tech=0.00[NONE],,,,N
S0533,tata,2023,BRSR,"We reuse the treated steel industry benchmark in specific for cooling, dust suppression, cleaning, effluents for low-end applications like freshwater consumption to less than temperature control (heat treatment), coke quenching, blast furnace slag 1.50 m3/tonne of crude steel by 2030 transport of waste materials (ash, granulation, steel slag quenching, for its Indian operations.",model,S,0.5247,S,0.133,vague_adj_ratio=0.00[NONE]; verb_strength=0.10[NONE]; quantifier_count=0.67[m3|by 2030],,,,Y
S0534,tata,2023,BRSR,"Our European Major initiatives taken by Tata Steel Initiatives to achieve the goal include operations are based out of coastal (in India) in FY2022-23 to minimise its enhancing recovery recycling reuse of locations and have access to adequate specific freshwater consumption and wastewater, eliminating losses in the water supply.",model,V,0.5475,S,0.267,vague_adj_ratio=0.00[NONE]; target_year=0.00[NONE]; specific_tech=0.00[NONE],,,,Y
S0535,tata,2023,BRSR,"reduction of effluent discharge include: processes, adopting dry process like Tata Steel is looking to minimise − Enhancing water recovery through gas cleaning plant in the blast furnaces fresh water withdrawal from rivers augmentation of Central Effluent and steel melting shops, process-level while maximising the recycling of Treatment Plant from 4 million benchmarking and improvements and treated waste effluents within the gallons per day (MGD) to 9 MGD at enhancing rainwater harvesting.",model,V,0.5325,S,0.267,vague_adj_ratio=0.00[NONE]; target_year=0.00[NONE]; verb_strength=0.10[NONE],,,,Y
S0536,tata,2023,BRSR,"We are also reusing treated Jamshedpur municipal wastewater and have − Increasing recovery of treated water water harvesting infrastructure across from Sewage Treatment Plants at the locations, helping reduce dependence township of Jamshedpur on rivers, and enhance water security.",model,V,0.5541,S,0.4,vague_adj_ratio=0.00[NONE]; quantifier_count=0.00[NONE]; target_year=0.00[NONE],,,,N
S0537,tata,2023,BRSR,"Conserving precious natural resources 92 116th Year Integrated Report & Annual Accounts 2022-23 Product Solid waste sustainability management We strive to use the Life Cycle In the endeavour to develop a Assessment (LCA) tool effectively sustainable ecosystem for by-product to evaluate and communicate our management, we have been striving to products’ environmental performance create value from wastes by adopting across its lifecycle.",manual,S,1.00,V,0.576,quantifier_count=0.00[NONE]; target_year=0.00[NONE]; specific_tech=0.00[NONE],S,2,QA conflict resolution,N
S0538,tata,2023,BRSR,"The tool This was followed by EPD for Steel streamlines the process of undertaking structural hollow section, under the life cycle studies of products and brand Tata Structura, manufactured enables an understanding of at Tata Steel Tubes Division and other greenhouse gas emission hot spots and different production units.",model,V,0.5690,S,0.4,vague_adj_ratio=0.00[NONE]; quantifier_count=0.00[NONE]; target_year=0.00[NONE],,,,N
S0539,tata,2023,BRSR,We emissions reduction over the product’s have also carried out a LCA study for life cycle from manufacturing through one of our Fibre Reinforced Polymer use and finally end-of-life (e.g. working products to understand its life cycle with an automotive OEM to examine all environmental impact.,model,V,0.5690,S,0.4,vague_adj_ratio=0.00[NONE]; quantifier_count=0.00[NONE]; target_year=0.00[NONE],,,,N
S0540,tata,2023,BRSR,"aspects of material selection including material type, steel grade, gauge and aspects of formability and part design, the use of the tool in understanding the trade-off between benefits in use from improving motor efficiency versus GreenPro embodied emissions associated with different grades of electrical steels, etc.).",model,V,0.5690,S,0.4,vague_adj_ratio=0.00[NONE]; quantifier_count=0.00[NONE]; target_year=0.00[NONE],,,,N
S0541,tata,2023,BRSR,planted across locations The park houses several clusters of native species of trees planted as in India 94 116th Year Integrated Report & Annual Accounts 2022-23 Steel is amenable to recycling and producing steel from ferrous scrap entails a lower carbon footprint as opposed to producing it through virgin route.,model,V,0.5690,S,0.4,vague_adj_ratio=0.00[NONE]; quantifier_count=0.00[NONE]; target_year=0.00[NONE],,,,N
S0542,tata,2023,BRSR,The investment is part of Tata Tata Steel in UK has also been Steel’s commitment to investing in a instrumental in setting up the national recycling scrap circular economy and transitioning to infrastructure to create an end market low-carbon steelmaking through the for steel packaging at the end of its life.,model,V,0.5847,S,0.489,quantifier_count=0.00[NONE]; target_year=0.00[NONE]; specific_tech=0.00[NONE],,,,N
S0543,tata,2023,BRSR,"It is a step aligned All local authorities now collect steel to the Company’s goal of achieving Net packaging at the kerbside, contributing Zero carbon emission by 2045.",model,V,0.5122,S,0.267,vague_adj_ratio=0.00[NONE]; specific_tech=0.00[NONE]; verb_strength=0.10[NONE],,,,Y
S0544,tata,2023,BRSR,"to the UK’s high recycling rates for There has also been a dedicated packaging steel and demonstrating effort to increase scrap charging in our that steel is a sustainable packaging steel melting shops, which is one of the material while providing valuable key enablers for reduction in carbon feedstock for our furnaces.",model,V,0.5827,S,0.477,quantifier_count=0.00[NONE]; target_year=0.00[NONE]; specific_tech=0.00[NONE],,,,N
S0545,tata,2023,BRSR,95 116th Year Integrated Report & Annual Accounts 2022-23 Social and Relationship Capital Material issues addressed − Water Consumption and Effluent Discharge / Water Resource Management − Community Support and CSR /,model,V,0.5690,S,0.4,vague_adj_ratio=0.00[NONE]; quantifier_count=0.00[NONE]; target_year=0.00[NONE],,,,N
S0546,tata,2023,BRSR,green and circular also offers Carbon Lite solution from its UK operations under the brand name steel Optemis™ Carbon Lite.,model,V,0.5954,S,0.55,quantifier_count=0.00[NONE]; target_year=0.00[NONE]; specific_tech=0.00[NONE],,,,N
S0547,tata,2023,BRSR,CO Project Bank and Insetting Tata Steel Nederland has started offering lower CO steel under the Zeremis® Carbon Lite brand since July 2022.,model,V,0.5690,S,0.4,vague_adj_ratio=0.00[NONE]; quantifier_count=0.00[NONE]; target_year=0.00[NONE],,,,N
S0548,tata,2023,BRSR,"We have constituted new 6 decarbonisation projects 2 Revenues from Carbon Lite Process emission agreements with Wuppermann, certificate sales are reinvested in reduction following CO2 reduction projects decarbonisation project BILSTEIN, EMW Stahl Service and Arania Decarbonisation to supply them with Zeremis® Carbon cycle through Carbon Lite Lite steel with an allocated carbon 5 3 f w o",model,V,0.6304,S,0.4,vague_adj_ratio=0.00[NONE]; quantifier_count=0.00[NONE]; target_year=0.00[NONE],,,,N
S0549,tata,2023,BRSR,We have also signed Memorandum of Understanding with strategic suppliers for decarbonisation projects.,model,V,0.5690,S,0.4,vague_adj_ratio=0.00[NONE]; quantifier_count=0.00[NONE]; target_year=0.00[NONE],,,,N
S0550,tata,2023,BRSR,"Improving delivery performance 101 116th Year Integrated Report & Annual Accounts 2022-23 Social and Relationship Capital Green Warehousing Green warehousing Surface transportation Material circularity To minimise the environmental Tata Steel has deployed In our commitment towards impact of our warehousing 69 CNG/LNG/ Electric Vehicles (EV) material circularity, we have joined operations, we have installed a 3.2 based vehicles in short lead road hands with our suppliers and MW solar plant at our Jamshedpur circuit to reduce its CO footprint.",model,V,0.6099,S,0.447,quantifier_count=0.00[NONE]; target_year=0.00[NONE]; specific_tech=1.00[solar plant|jamshedpur|mw solar],,,,N
S0551,tata,2023,BRSR,"i 2 n reducing Scope 3 12,000 tonnes of used refractories.",model,V,0.5108,S,0.133,vague_adj_ratio=0.00[NONE]; target_year=0.00[NONE]; verb_strength=0.10[NONE],,,,Y
S0552,tata,2023,BRSR,"As our supply chain operations (e.g. we have been able to reduce 200 a result of our green warehousing travel distance and idle weight MtCOe in FY2022-23 with a plan initiatives, we have successfully optimsation) to further reduce the to furt 2 her reduce CO emissions by reduced our environmental carbon footprint.",model,V,0.6236,S,0.347,target_year=0.00[NONE]; specific_tech=0.00[NONE]; vague_adj_ratio=0.13[green],,,,N
S0553,tata,2023,BRSR,Tata Steel Halmstad and Naantali Service Centres in Sweden and Finland respectively are already Supply chain sustainability fully Scope 1 and Scope 2 carbon neutral operations.,model,V,0.5391,S,0.4,vague_adj_ratio=0.00[NONE]; quantifier_count=0.00[NONE]; target_year=0.00[NONE],,,,Y
S0554,tata,2023,BRSR,Tata Steel is among select few companies to measure end-to-end Scope 3 emissions for all modes of transportation.,model,V,0.5541,S,0.4,vague_adj_ratio=0.00[NONE]; quantifier_count=0.00[NONE]; target_year=0.00[NONE],,,,N
S0555,tata,2023,BRSR,"Several initiatives are being taken across shipping, logistics and with vendor partners to reduce Scope 3 emission for a future-ready sustainable supply Deploying EVs for steel transportation 102 116th Year Integrated Report & Annual Accounts 2022-23 Leveraging inland waterways for steel transportation Shipping Responsible Supply Chain Policy (RSCP) Tata Steel is the first and only Our RSCP aims to sensitise the In FY2022-23, 4 SPCs (processing 1 steel producing signatory to the supply chain partners on the need for MnTPA, ~55% volume) have moved Sea Cargo Charter to measure and adhering to the four ESG principles to Furnace oil and 4 SPCs (processing reduce environmental impacts of responsible supply chain i.e. 0.6 MnTPA, ~32% volume) to Low of global seaborne trade.",manual,V,1.00,S,0.095,quantifier_count=1.00[55%|32%|mnt|fy2022]; target_year=0.00[NONE]; specific_tech=1.00[esp|scope 3],V,2,QA conflict resolution,N
S0556,tata,2023,BRSR,Solar panel coverage is being deployment of vessels having has taken up joint improvement enhanced across the SPCs and higher CO emissions and moved projects on the opportunities of stockyards.,model,V,0.5913,S,0.527,quantifier_count=0.00[NONE]; target_year=0.00[NONE]; specific_tech=0.00[NONE],,,,N
S0557,tata,2023,BRSR,"113 116th Year Integrated Report & Annual Accounts 2022-23 Climate Change Report Climate Change Report aligned with the recommendations of the Task Force on Climate Related Financial Steel will continue to be a of resource availability in relevant the regulatory development in the foundation material globally as the geographies, a just transition in the region, availability of viable transition world transitions to a low carbon ecosystem and supply chain, and a options and fiscal and policy support economy.",model,V,0.5690,S,0.4,vague_adj_ratio=0.00[NONE]; quantifier_count=0.00[NONE]; target_year=0.00[NONE],,,,N
S0558,tata,2023,BRSR,"Tata Steel continues for renewable energy, low-CO financially sustainable.",model,V,0.6285,V,0.743,quantifier_count=0.00[NONE]; target_year=0.00[NONE]; specific_tech=0.00[NONE],,,,N
S0559,tata,2023,BRSR,"The financial to promote circularity and in addition transportation, large-scale hydrogen investments required for progressing to our electric arc based steel making production and distribution, carbon towards net zero will be very significant facilities in Thailand that recycles steel capture, usage & storage, electric and require three critical enablers: scrap and have very low CO emission vehicles, sustainable buildings and − availability of fiscal support to make intensity, in India too, the Company delivering major infrastructure projects the transition viable and affordable has taken the initiative to set up its first which will help nations to achieve their − policy support towards scrap based greenfield EAF steelmaking climate goals.",model,V,0.5810,S,0.528,quantifier_count=0.00[NONE]; target_year=0.00[NONE]; verb_strength=0.15[promote],,,,N
S0560,tata,2023,BRSR,"The industry is a hard to abate sector, as carbon greener steel products.",model,V,0.5690,S,0.4,vague_adj_ratio=0.00[NONE]; quantifier_count=0.00[NONE]; target_year=0.00[NONE],,,,N
S0561,tata,2023,BRSR,Company is currently working on the 70% of global production is through A number of the potential pathway towards its Net Zero target the blast furnace route which relies on technology solutions are being as it evaluates investment priorities coal.,model,V,0.5325,S,0.267,vague_adj_ratio=0.00[NONE]; target_year=0.00[NONE]; verb_strength=0.10[NONE],,,,Y
S0562,tata,2023,BRSR,"This traditional technology has evaluated for decarbonisation and are towards stakeholder value creation, had the benefit of cost competitiveness, at various stages of development.",model,V,0.5690,S,0.4,vague_adj_ratio=0.00[NONE]; quantifier_count=0.00[NONE]; target_year=0.00[NONE],,,,N
S0563,tata,2023,BRSR,It is climate targets and growth in the long energy efficiency (as coal is both a expected that a bouquet of solutions term.,model,V,0.5690,S,0.4,vague_adj_ratio=0.00[NONE]; quantifier_count=0.00[NONE]; target_year=0.00[NONE],,,,N
S0564,tata,2023,BRSR,that in order for carbon intensity than the Blast Furnace operations.,model,V,0.5541,S,0.4,vague_adj_ratio=0.00[NONE]; quantifier_count=0.00[NONE]; target_year=0.00[NONE],,,,N
S0565,tata,2023,BRSR,"In the FY 2022-23 (Global financial markets to price climate route but consumes more electricity Comment), the Company adopted the change related risks to support and is not yet able to produce the entire target to be net zero across its entire informed, efficient capital-allocation range of value-added grades of steel.",model,V,0.5475,S,0.267,vague_adj_ratio=0.00[NONE]; target_year=0.00[NONE]; specific_tech=0.00[NONE],,,,Y
S0566,tata,2023,BRSR,established the Taskforce on Climate Steelmakers around the world are Tata Steel is seeking to put in place Related Financial Disclosures (TCFD) to faced with the challenge of adopting bespoke de-carbonisation plans for prepare a comprehensive framework a pathway towards reduction of the our steelmaking operations in India on disclosures on physical and non- emission intensity of their produced and Europe that are anchored around physical risks and opportunities steel.,model,V,0.5531,S,0.455,quantifier_count=0.00[NONE]; target_year=0.00[NONE]; specific_tech=1.00[esp|tcfd],,,,N
S0567,tata,2023,BRSR,The pathways would have to be the demand for low carbon steel associated with climate change.,model,V,0.5690,S,0.4,vague_adj_ratio=0.00[NONE]; quantifier_count=0.00[NONE]; target_year=0.00[NONE],,,,N
S0568,tata,2023,BRSR,"The Board has constituted disclosures, and members from both Scope 1, Scope 2, and, if appropriate, specific committees (including financial and non-financial companies Scope 3 emissions.",model,V,0.5391,S,0.4,vague_adj_ratio=0.00[NONE]; quantifier_count=0.00[NONE]; target_year=0.00[NONE],,,,Y
S0569,tata,2023,BRSR,"Under Tata Steel’s Agile across all our major steelmaking sites Description of processes for Way of Working (AWOW) 10 in line with the recommendations, and identifying and assessing climate- de-carbonisation projects across steel incorporated them in our Enterprise related risks, managing them and making sites in India are reviewed Risk Management Framework.",model,V,0.5690,S,0.4,vague_adj_ratio=0.00[NONE]; quantifier_count=0.00[NONE]; target_year=0.00[NONE],,,,N
S0570,tata,2023,BRSR,"While the organisation to assess climate-related Boards of the respective companies set 115 116th Year Integrated Report & Annual Accounts 2022-23 Climate Change Report their respective sustainability goals, this is done within a common framework aligned to achieve Tata Steel’s Net Zero ambition of 2045.",model,V,0.5541,S,0.4,vague_adj_ratio=0.00[NONE]; quantifier_count=0.00[NONE]; target_year=0.00[NONE],,,,N
S0571,tata,2023,BRSR,The businesses in Europe have set themselves more accelerated decarbonisation targets given the climate regulatory framework in the European Union and the UK and India is currently the second-largest Tata Steel’s transition strategy will societal priorities.,model,V,0.5690,S,0.4,vague_adj_ratio=0.00[NONE]; quantifier_count=0.00[NONE]; target_year=0.00[NONE],,,,N
S0572,tata,2023,BRSR,seek to progressively reduce reliance on ED&CFO of Tata Steel are also on the The National Steel Policy of India fossil fuels in India:,manual,V,1.00,V,0.572,quantifier_count=0.00[NONE]; target_year=0.00[NONE]; specific_tech=0.00[NONE],V,2,QA conflict resolution,N
S0573,tata,2023,BRSR,framework of transition to low carbon 40 MnTPA.,model,V,0.5475,S,0.267,vague_adj_ratio=0.00[NONE]; target_year=0.00[NONE]; specific_tech=0.00[NONE],,,,Y
S0574,tata,2023,BRSR,"Utilisation of higher amounts of business configuration, Tata Steel’s This growth trajectory poses its own scrap in its existing ore-based decarbonisation pathway is nuanced decarbonisation challenges for the steelmaking process assets.",model,V,0.5690,S,0.4,vague_adj_ratio=0.00[NONE]; quantifier_count=0.00[NONE]; target_year=0.00[NONE],,,,N
S0575,tata,2023,BRSR,"Currently, the constraint is energy intensity and carbon availability of competitively priced the availability of competitively priced intensity of existing assets green energy and the associated low carbon fuel (Green Hydrogen through the adoption of best delivery infrastructure and customers’ and Natural Gas) and the associated available technologies.",model,V,0.5827,S,0.477,quantifier_count=0.00[NONE]; target_year=0.00[NONE]; specific_tech=0.00[NONE],,,,N
S0576,tata,2023,BRSR,Increasing share of renewable Tata Steel currently has an installed steel within the country’s steel intensive energy in the power mix.,model,V,0.6304,S,0.4,vague_adj_ratio=0.00[NONE]; quantifier_count=0.00[NONE]; target_year=0.00[NONE],,,,N
S0577,tata,2023,BRSR,"Carbon to fuels with lower CO emissions completed the acquisition of Neelachal capture and storage technologies are intensities such as natural gas/ Ispat Nigam Limited (NINL), which nascent while technology solutions for coal bed methane.",model,V,0.6304,S,0.4,vague_adj_ratio=0.00[NONE]; quantifier_count=0.00[NONE]; target_year=0.00[NONE],,,,N
S0578,tata,2023,BRSR,neighbours Tata Steel’s Kalinganagar substitution of carbon in blast furnaces 3.,model,V,0.5391,S,0.4,vague_adj_ratio=0.00[NONE]; quantifier_count=0.00[NONE]; target_year=0.00[NONE],,,,Y
S0579,tata,2023,BRSR,"Upscaling pilots of Carbon site, has now ramped up production are at a pilot or concept stage.",model,V,0.5690,S,0.4,vague_adj_ratio=0.00[NONE]; quantifier_count=0.00[NONE]; target_year=0.00[NONE],,,,N
S0580,tata,2023,BRSR,"Finally, allocation of carbon credits to industry steelmaking.",model,V,0.5690,S,0.4,vague_adj_ratio=0.00[NONE]; quantifier_count=0.00[NONE]; target_year=0.00[NONE],,,,N
S0581,tata,2023,BRSR,Piloting new technologies in Tata Steel operates 1 MnTPA of EAF first step towards creating an economic partnership with academia on technology to produce speciality framework and the foundation for the pilot projects which are currently long products at its Gamharia site in investment thesis for de-carbonisation.,model,V,0.5325,S,0.267,vague_adj_ratio=0.00[NONE]; target_year=0.00[NONE]; verb_strength=0.10[NONE],,,,Y
S0582,tata,2023,BRSR,"116 116th Year Integrated Report & Annual Accounts 2022-23 Harnessing renewable energy at Tata Steel Kalinganagar steel plant at Ludhiana, Punjab at an Europe Long-term (2031 – 2045) investment of ₹2,600 crore.",model,V,0.5324,S,0.253,target_year=0.00[NONE]; verb_strength=0.10[NONE]; vague_adj_ratio=0.20[long-term],,,,Y
S0583,tata,2023,BRSR,technologies for ore-based steel regulated carbon market to establish 2.,model,V,0.5690,S,0.4,vague_adj_ratio=0.00[NONE]; quantifier_count=0.00[NONE]; target_year=0.00[NONE],,,,N
S0584,tata,2023,BRSR,Adoption of a Direct Reduced production that is likely to become effective carbon emission pricing Iron (DRI) route of ore-based scalable in the mid-term are: and also progressively reducing production capable of operating (i) retrofitting existing blast free emissions for industry to create with present day and future furnace-based facilities with CCUS incentives for de-carbonisation.,model,V,0.6162,S,0.4,vague_adj_ratio=0.00[NONE]; quantifier_count=0.00[NONE]; target_year=0.00[NONE],,,,N
S0585,tata,2023,BRSR,"CCUS dovetailing with existing providers, academia and other have adopted accelerated carbon processes.",model,V,0.5541,S,0.4,vague_adj_ratio=0.00[NONE]; quantifier_count=0.00[NONE]; target_year=0.00[NONE],,,,N
S0586,tata,2023,BRSR,"companies on their development and emission reduction timelines, including 5. Research on advanced materials.",model,V,0.5690,S,0.4,vague_adj_ratio=0.00[NONE]; quantifier_count=0.00[NONE]; target_year=0.00[NONE],,,,N
S0587,tata,2023,BRSR,commissioned a pilot 5 tonne per day European steel makers are developing Carbon Capture & Utilisation (CCU) decarbonisation plans.,model,V,0.5954,S,0.267,vague_adj_ratio=0.00[NONE]; target_year=0.00[NONE]; verb_strength=0.85[commissioned],,,,N
S0588,tata,2023,BRSR,"will depend on enabling infrastructure, Energy Limited to set up solar & wind The captured CO is being utilized availability and pricing of green energy, hybrid power to replace ~379 MW of for water treatment.",model,V,0.5690,S,0.387,target_year=0.00[NONE]; specific_tech=0.00[NONE]; verb_strength=0.10[NONE],,,,N
S0589,tata,2023,BRSR,"Tata Steel has fiscal support from governments and the Tata Steel’s fossil fuel based power also undertaken a trial injection of willingness of markets and customers consumption, thereby enabling hydrogen gas in ‘E’ Blast Furnace at to absorb higher costs.",model,V,0.5541,S,0.4,vague_adj_ratio=0.00[NONE]; quantifier_count=0.00[NONE]; target_year=0.00[NONE],,,,N
S0590,tata,2023,BRSR,Tata Steel is reduction of over 2 million tonnes of its Jamshedpur Works in April 2023 undertaking detailed engagement with CO emissions per annum.,model,V,0.5325,S,0.267,vague_adj_ratio=0.00[NONE]; target_year=0.00[NONE]; verb_strength=0.10[NONE],,,,Y
S0591,tata,2023,BRSR,"using 40% of the injection systems, local authorities and governments as we As part of Tata Steel’s long-term the first time in the world that such develop our transition pathways towards strategy, while ore-based steelmaking a large quantity of hydrogen has decarbonisation.",model,V,0.5629,S,0.353,target_year=0.00[NONE]; specific_tech=0.00[NONE]; verb_strength=0.10[NONE],,,,N
S0592,tata,2023,BRSR,"This The Netherlands operations, the Company has also will provide valuable insights into The IJmuiden steelworks of Tata taken a leadership position in setting the potential of reduction of fossil Steel Nederland BV (TSN) operates up a scrap recycling business.",model,V,0.5541,S,0.4,vague_adj_ratio=0.00[NONE]; quantifier_count=0.00[NONE]; target_year=0.00[NONE],,,,N
S0593,tata,2023,BRSR,The fuel consumption and CO emissions 2 blast furnaces with a steelmaking Company plans to set up modular EAF upon use of greener fuels in the blast capacity of 7 MnTPA.,model,V,0.5487,S,0.417,target_year=0.00[NONE]; specific_tech=1.00[blast furnace|eaf]; verb_strength=0.15[plans to],,,,Y
S0594,tata,2023,BRSR,"made a public commitment to reduce 117 116th Year Integrated Report & Annual Accounts 2022-23 Climate Change Report its CO emissions by 5 Megatons by EMW Stahl Service, Arania, Permastore 2030 and to be fully climate-neutral and Hardt Hyperloop have reached by 2045 via an accelerated transition agreements to source this steel.",model,V,0.5122,S,0.267,vague_adj_ratio=0.00[NONE]; specific_tech=0.00[NONE]; verb_strength=0.10[NONE],,,,Y
S0595,tata,2023,BRSR,"TSN Steel UK is in the midst of evaluating Shotton Works, Tata Steel UK is currently engaged with multiple strategic options for its long-term future, technology and engineering partners it also continues to pursue technologies indicators and mitigation strategies to complete detailed evaluation and to reduce the carbon footprint of its are identified for review by the Risk engineering, implementation planning existing facilities.",model,V,0.5796,S,0.46,quantifier_count=0.00[NONE]; target_year=0.00[NONE]; specific_tech=0.00[NONE],,,,N
S0596,tata,2023,BRSR,"As the of improvements at its blast furnaces in Tata Steel has also undertaken a technology selection, the project Port Talbot will reduce the site’s carbon detailed and systematic assessment of economics and discussions with the footprint by about 1,60,000 tonnes of Physical and Transition risks in a Climate Government of Netherlands is finalised, CO a year.",model,S,0.5044,S,0.133,vague_adj_ratio=0.00[NONE]; target_year=0.00[NONE]; specific_tech=1.00[blast furnace|port talbot],,,,Y
S0597,tata,2023,BRSR,"furnaces which will reduce emissions conducted by an independent third- Tata Steel Nederland is also from one of its tube mills by at least party advisor and was fully aligned with undertaking a comprehensive project 2,000 tonnes of CO a year.",manual,S,1.00,S,0.226,target_year=0.00[NONE]; specific_tech=0.00[NONE]; verb_strength=0.10[NONE],S,2,QA conflict resolution,N
S0598,tata,2023,BRSR,emissions from its plant to make it Commitment in 2022 to reduce the site’s The physical assessment was undertaken future ready.,model,V,0.5690,S,0.4,vague_adj_ratio=0.00[NONE]; quantifier_count=0.00[NONE]; target_year=0.00[NONE],,,,N
S0599,tata,2023,BRSR,"It has committed to spend carbon footprint, develop and produce in line with internationally accepted €300m in Roadmap+ investment products & services that support and open-source data repositories for programmes, including an ongoing sustainable construction, to protect and baseline natural hazard data and Climate De-NOx investment in the pellet plant expand the biodiversity that co-exists Change Scenarios.",model,V,0.5943,S,0.52,quantifier_count=0.00[NONE]; target_year=0.00[NONE]; specific_tech=0.00[NONE],,,,N
S0600,tata,2023,BRSR,"undertook scenario analysis as per the bunkers and transport systems and Net Zero Emissions by 2050 Scenario installing dust screens, and upgraded D. Risk Management (NZE) and the Stated Policies Scenario coal filters.",model,V,0.5757,S,0.267,vague_adj_ratio=0.00[NONE]; specific_tech=0.00[NONE]; verb_strength=0.85[upgraded],,,,N
S0601,tata,2023,BRSR,"industrially & economically possible In Europe, we have also already The process identifies and assesses route forward to holding the increase launched low carbon steel products.",model,V,0.6304,S,0.4,vague_adj_ratio=0.00[NONE]; quantifier_count=0.00[NONE]; target_year=0.00[NONE],,,,N
S0602,tata,2023,BRSR,"business risks using a two-pronged in global average temperature to Zeremis® Carbon Lite, is a steel with an approach, i.e., bottom-up and top- below 1.5°C.",model,V,0.5690,S,0.4,vague_adj_ratio=0.00[NONE]; quantifier_count=0.00[NONE]; target_year=0.00[NONE],,,,N
S0603,tata,2023,BRSR,"It forms Tata Steel’s base allocated carbon footprint reduction down, to ensure comprehensive risk scenario for analysis and its strategic of up to 100%.",model,V,0.6322,S,0.587,target_year=0.00[NONE]; specific_tech=0.00[NONE]; quantifier_count=0.33[100%],,,,N
S0604,tata,2023,BRSR,"3. Maximize water recycling within the plants, utilisation of treated municipal wastewater, rainwater harvesting and increasing storm TSUK water recovery to minimize dependency on freshwater demand in Development in climate change Profitability TSG 1.",model,V,0.5690,S,0.4,vague_adj_ratio=0.00[NONE]; quantifier_count=0.00[NONE]; target_year=0.00[NONE],,,,N
S0605,tata,2023,BRSR,"Tap the pool of sustainability linked financing for growth and regulations and disclosure standards, decarbonisation investment.",model,V,0.5690,S,0.4,vague_adj_ratio=0.00[NONE]; quantifier_count=0.00[NONE]; target_year=0.00[NONE],,,,N
S0606,tata,2023,BRSR,Prepare and communicate the decarbonisation action plan to increase in the cost of funding external stakeholders for achieving carbon emission reduction Inability to address stakeholders’ Business TSL 1.,model,V,0.5690,S,0.4,vague_adj_ratio=0.00[NONE]; quantifier_count=0.00[NONE]; target_year=0.00[NONE],,,,N
S0607,tata,2023,BRSR,"Implementation of key projects such as achieving zero effluent expectations (Regulatory, Operation asset discharge, installation of pollution control equipment etc.",model,V,0.5690,S,0.4,vague_adj_ratio=0.00[NONE]; quantifier_count=0.00[NONE]; target_year=0.00[NONE],,,,N
S0608,tata,2023,BRSR,Increased carbon cost on account Operating cost TSL 1.,model,V,0.5690,S,0.4,vague_adj_ratio=0.00[NONE]; quantifier_count=0.00[NONE]; target_year=0.00[NONE],,,,N
S0609,tata,2023,BRSR,"Development of short, medium & long term decarbonisation plan of compliance with global carbon in line with the anticipated market and policy landscape.",model,V,0.5938,S,0.541,quantifier_count=0.00[NONE]; target_year=0.00[NONE]; specific_tech=0.00[NONE],,,,N
S0610,tata,2023,BRSR,Aligning long term capital expenditure plan with the carbon (a) Impact on operational costs from emission target of the company.,manual,V,1.00,V,0.56,quantifier_count=0.00[NONE]; target_year=0.00[NONE]; specific_tech=0.00[NONE],V,2,QA conflict resolution,N
S0611,tata,2023,BRSR,"Pursue deep de-carbonisation through a combination of (b) Impacts from carbon border (a) Carbon Capture, Storage & Usage and, taxes (b) Carbon direct avoidance.",model,V,0.5541,S,0.4,vague_adj_ratio=0.00[NONE]; quantifier_count=0.00[NONE]; target_year=0.00[NONE],,,,N
S0612,tata,2023,BRSR,(c) Use of more expensive but green fuel to produce low carbon steel TSN 1.,model,V,0.6285,V,0.743,quantifier_count=0.00[NONE]; target_year=0.00[NONE]; specific_tech=0.00[NONE],,,,N
S0613,tata,2023,BRSR,"Decarbonisation of steel making operations in line with EU’s short term and long-term targets, by transitioning to green hydrogen-",model,V,0.6285,V,0.743,quantifier_count=0.00[NONE]; target_year=0.00[NONE]; specific_tech=0.00[NONE],,,,N
S0614,tata,2023,BRSR,Pursue asset reconfiguration to achieve long term financially sustainable and low carbon future.,model,V,0.6514,V,0.88,quantifier_count=0.00[NONE]; target_year=0.00[NONE]; specific_tech=0.00[NONE],,,,N
S0615,tata,2023,BRSR,"Tata Steel UK Limited| TSG: Tata Steel Group 119 116th Year Integrated Report & Annual Accounts 2022-23 Climate Change Report Driving towards a greener tomorrow Opportunities for the business compliance costs associated with standards have been coalescing related to Climate Change: emissions trading schemes, especially behind emission reporting based on New Products and Increased in Europe.",model,V,0.5541,S,0.4,vague_adj_ratio=0.00[NONE]; quantifier_count=0.00[NONE]; target_year=0.00[NONE],,,,N
S0616,tata,2023,BRSR,The Company should be the original Greenhouse Gas Protocol Revenue: also able to bring about reductions (GHG Protocol) methodology.,model,V,0.5690,S,0.4,vague_adj_ratio=0.00[NONE]; quantifier_count=0.00[NONE]; target_year=0.00[NONE],,,,N
S0617,tata,2023,BRSR,The There will be an enhanced demand for in cost and availability of financing GHG Protocol is sector agnostic and high strength steels (which can be used after implementation of a sustainable enables investors in their capital for lightweight and carbon efficient finance framework.,manual,S,1.00,V,0.578,quantifier_count=0.00[NONE]; target_year=0.00[NONE]; specific_tech=0.00[NONE],S,2,QA conflict resolution,N
S0618,tata,2023,BRSR,"It has been prepared by World also expected that during the global E. Metrics and targets Resources Institute and World Business transition process, early movers will be Tata Steel’s carbon footprint is one Council for Sustainable Development able to earn premia from sales of green of the best in class in the geographies and is the world's most widely used steel products.",model,V,0.5896,S,0.517,quantifier_count=0.00[NONE]; target_year=0.00[NONE]; specific_tech=0.00[NONE],,,,N
S0619,tata,2023,BRSR,The long-term greenhouse gas accounting standards increasing the share of advanced high decarbonisation roadmap is not just for companies.,manual,S,1.00,V,0.585,quantifier_count=0.00[NONE]; target_year=0.00[NONE]; specific_tech=0.00[NONE],S,2,QA conflict resolution,N
S0620,tata,2023,BRSR,The use of GHG strength and green steel in its product based on compliance with national Protocol has also been recommended portfolio.,manual,S,1.00,V,0.585,quantifier_count=0.00[NONE]; target_year=0.00[NONE]; specific_tech=0.00[NONE],S,2,QA conflict resolution,N
S0621,tata,2023,BRSR,Steel is a key input material reporting emission intensity based Carbon Disclosure Protocol).,model,V,0.5690,S,0.4,vague_adj_ratio=0.00[NONE]; quantifier_count=0.00[NONE]; target_year=0.00[NONE],,,,N
S0622,tata,2023,BRSR,"These issued), which require reporting as per hydropower, nuclear power plants were originally derived from the GHG the GHG Protocol, would be adopted by etc., energy storage (steel for battery Protocol methodology (below) and market regulators across the world for manufacturing), and transportation of are designed specifically for and been greenhouse gas emission reporting.",model,V,0.5690,S,0.4,vague_adj_ratio=0.00[NONE]; quantifier_count=0.00[NONE]; target_year=0.00[NONE],,,,N
S0623,tata,2023,BRSR,The guidelines provide for site wise guidelines deviated from the wider is looking to grow and align its portfolio emission reporting by steel companies GHG Protocol in order to enhance to be able to support the demand from based on common definitions and comparability across steel making the green industrial revolution.,model,V,0.5818,S,0.473,quantifier_count=0.00[NONE]; target_year=0.00[NONE]; specific_tech=0.00[NONE],,,,N
S0624,tata,2023,BRSR,The WSA methodology places a Opportunities: plants to compare themselves against boundary of ‘steel making sites’ on Tata Steel is actively increasing its both average and best performance in emission reporting.,model,V,0.5690,S,0.4,vague_adj_ratio=0.00[NONE]; quantifier_count=0.00[NONE]; target_year=0.00[NONE],,,,N
S0625,tata,2023,BRSR,"Therefore, for renewable energy capacity installations the sector and identify the scope for steel companies with integrated and sourcing to replace thermal improvement.",model,V,0.5690,S,0.4,vague_adj_ratio=0.00[NONE]; quantifier_count=0.00[NONE]; target_year=0.00[NONE],,,,N
S0626,tata,2023,BRSR,"operations, Scope 1 emissions from power generated from fossil fuels.",model,V,0.5541,S,0.4,vague_adj_ratio=0.00[NONE]; quantifier_count=0.00[NONE]; target_year=0.00[NONE],,,,N
S0627,tata,2023,BRSR,"However, over time, the emission non-steel making operations (e.g., De-carbonisation will enable the reporting landscape has evolved, mining sites or downstream facilities) company to achieve savings in and investors and global reporting are not included in the reported 120 116th Year Integrated Report & Annual Accounts 2022-23 Employing environment-friendly industrial practices at Tata Steel Kalinganagar emission.",model,V,0.6162,S,0.4,vague_adj_ratio=0.00[NONE]; quantifier_count=0.00[NONE]; target_year=0.00[NONE],,,,N
S0628,tata,2023,BRSR,"It was reporting of all emissions from all company, Tata Steel is also deeply a founder participant in worldsteel’s sites of the disclosing entity.",model,V,0.5690,S,0.4,vague_adj_ratio=0.00[NONE]; quantifier_count=0.00[NONE]; target_year=0.00[NONE],,,,N
S0629,tata,2023,BRSR,The WSA methodology considers review of target setting methodologies been recognised as an accredited electricity emission factors based on a for the steel industry as we await the Climate Action member ever since.,model,V,0.5690,S,0.4,vague_adj_ratio=0.00[NONE]; quantifier_count=0.00[NONE]; target_year=0.00[NONE],,,,N
S0630,tata,2023,BRSR,"It global average and does not include publication of the final methodology, has developed sector-leading expertise actual emission factor based on the expected in Q2 of FY2023-24.",model,V,0.5475,S,0.267,vague_adj_ratio=0.00[NONE]; target_year=0.00[NONE]; specific_tech=0.00[NONE],,,,Y
S0631,tata,2023,BRSR,"The GHG term targets once the standards and impacts of products in holistic terms, Protocol, through the use of market- recommendations of SBTi and the ISSB taking account of emissions from raw based emission factors for electricity, standards are published later in the material extraction, through production includes emissions based on the year.",model,V,0.5670,S,0.473,quantifier_count=0.00[NONE]; target_year=0.00[NONE]; verb_strength=0.10[NONE],,,,N
S0632,tata,2023,BRSR,"The WSA methodology provides for to become an operator of its own credits against embedded emissions Environmental Product Declaration in an entity’s primary products, (EPD) programme, through which Tata Steel has adopted a common based on its sale of by-products (e.g., it produces EPDs that are shared and consistent set of emission sale of steel slag and process gases).",model,V,0.5690,S,0.4,vague_adj_ratio=0.00[NONE]; quantifier_count=0.00[NONE]; target_year=0.00[NONE],,,,N
S0633,tata,2023,BRSR,with customers to enable them to metrices and targets across its These credits are not available under understand the carbon and other global operations.,model,V,0.5690,S,0.4,vague_adj_ratio=0.00[NONE]; quantifier_count=0.00[NONE]; target_year=0.00[NONE],,,,N
S0634,tata,2023,BRSR,the GHG Protocol. environmental impacts associated d.,model,V,0.5690,S,0.4,vague_adj_ratio=0.00[NONE]; quantifier_count=0.00[NONE]; target_year=0.00[NONE],,,,N
S0635,tata,2023,BRSR,The GHG Protocol provides for with Tata Steel products.,model,V,0.5690,S,0.4,vague_adj_ratio=0.00[NONE]; quantifier_count=0.00[NONE]; target_year=0.00[NONE],,,,N
S0636,tata,2023,BRSR,"Tata Steel has reporting of Scope 3 emissions been recognised by its peers for its − Total emission, Scope 1, 2 and against a longer list of 15 different excellence in LCA, receiving prestigious 3, as per the Greenhouse Gas categories.",model,V,0.5391,S,0.4,vague_adj_ratio=0.00[NONE]; quantifier_count=0.00[NONE]; target_year=0.00[NONE],,,,Y
S0637,tata,2023,BRSR,− Emission intensity per tonne of account only CO emissions.,model,V,0.5690,S,0.4,vague_adj_ratio=0.00[NONE]; quantifier_count=0.00[NONE]; target_year=0.00[NONE],,,,N
S0638,tata,2023,BRSR,"The GHG Tata Steel has a long, unbroken Protocol takes into account all Kyoto record of annual disclosure to CDP.",model,V,0.5541,S,0.4,vague_adj_ratio=0.00[NONE]; quantifier_count=0.00[NONE]; target_year=0.00[NONE],,,,N
S0639,tata,2023,BRSR,"Association methodology Protocol Greenhouse Gas (CH4, N2O, Its most recent disclosure in 2022 HFC, PFC, SF6 & NF3).",model,V,0.5690,S,0.4,vague_adj_ratio=0.00[NONE]; quantifier_count=0.00[NONE]; target_year=0.00[NONE],,,,N
S0640,tata,2023,BRSR,"Target secured a rating of A-, placing it very Recognising the likely changes in Net Zero by 2045 close to the top within steel sector reporting methodologies in future, listings.",model,S,0.5232,S,0.267,vague_adj_ratio=0.00[NONE]; target_year=1.00[|net zero by 2045]; specific_tech=0.00[NONE],,,,Y
S0641,tata,2023,BRSR,Tata Steel has started reporting its Tata Steel’s performance on its emission as per the GHG Protocol F. Disclosure key performance indicators has from FY2021-22 onwards.,model,V,0.5475,S,0.267,vague_adj_ratio=0.00[NONE]; target_year=0.00[NONE]; specific_tech=0.00[NONE],,,,Y
S0642,tata,2023,BRSR,"emission intensity as per the WSA worldsteel (the World Steel Association) 121 116th Year Integrated Report & Annual Accounts 2022-23 Environmental Social Governance (ESG) Factsheet FY2022-23 Tata Steel Limited (Standalone), Tata Steel Long Products Limited, Tata Steel Nederland BV, Tata Steel UK Limited and Tata Steel (Thailand) PCL account for ~ 90% of our global group turnover.",model,V,0.5259,S,0.133,vague_adj_ratio=0.00[NONE]; target_year=0.00[NONE]; specific_tech=0.00[NONE],,,,Y
S0643,tata,2023,BRSR,"PCL Million tonnes 1.03 0.99 1.09 1.31 1.13 CO emissions– steel plants (worldsteel user guide V9.5, with slag credit)",model,V,0.5690,S,0.4,vague_adj_ratio=0.00[NONE]; quantifier_count=0.00[NONE]; target_year=0.00[NONE],,,,N
S0644,tata,2023,BRSR,Tata Steel Limited (Standalone)@ Scope 1 Million tonnes 31.7 31.1 29.4 46.2 46.3 Scope 2 Million tonnes 1.2 1.1 1.0 1.7 1.7 Scope 3 Million tonnes,model,V,0.5174,S,0.267,vague_adj_ratio=0.00[NONE]; target_year=0.00[NONE]; specific_tech=1.00[scope 1|scope 2|scope 3],,,,Y
S0645,tata,2023,BRSR,-1.8 -2.0 -3.2 -3.0# Scope 1 +2 + 3 Million tonnes 31.0 30.4 28.3 44.7 45.0 CO2 emissions intensity tCO /tcs 2.35 2.31 2.32 2.43 2.38# Tata Steel Long Products Limited (including NINL)@ Scope 1 Million tonnes - 3.0 3.1 3.2 4.1,model,V,0.5325,S,0.267,vague_adj_ratio=0.00[NONE]; target_year=0.00[NONE]; verb_strength=0.10[NONE],,,,Y
S0646,tata,2023,BRSR,Scope 2 Million tonnes - 0.0 0.0 0.0 0.1 Scope 3 (Gamharia) Million tonnes - - - - -0.3# Scope 3 (Gamharia & NINL),model,V,0.5174,S,0.267,vague_adj_ratio=0.00[NONE]; target_year=0.00[NONE]; specific_tech=1.00[scope 2|scope 3],,,,Y
S0647,tata,2023,BRSR,Million tonnes - -0.3 -0.4 -0.3 -0.6 Scope 1 +2 + 3 (Gamharia & NINL),model,V,0.5541,N,0.0,quantifier_count=0.00[NONE]; verb_strength=0.05[NONE]; vague_adj_ratio=0.00[NONE],,,,N
S0648,tata,2023,BRSR,Million tonnes - 2.7 2.8 3.0 3.6 emissions intensity (Gamharia) tCO2/tcs - - - - 4.01# emissions intensity (Gamharia & NINL),model,V,0.5541,S,0.4,vague_adj_ratio=0.00[NONE]; quantifier_count=0.00[NONE]; target_year=0.00[NONE],,,,N
S0649,tata,2023,BRSR,tCO2/tcs - 4.52 4.29 4.39 3.86 Tata Steel UK Limited@,model,V,0.5541,S,0.4,vague_adj_ratio=0.00[NONE]; quantifier_count=0.00[NONE]; target_year=0.00[NONE],,,,N
S0650,tata,2023,BRSR,Scope 1 Million tonnes 6.4 7.1 6.5 6.9 5.7 Scope 2 Million tonnes 0.4 0.4 0.3 0.4 0.2,model,V,0.5174,N,0.0,quantifier_count=0.33[million]; verb_strength=0.05[NONE]; vague_adj_ratio=0.00[NONE],,,,Y
S0651,tata,2023,BRSR,Scope 3 Million tonnes 0.5 0.5 0.5 0.4 0.1# Scope 1 +2 + 3 Million tonnes 7.4 8.0 7.3 7.7 6.0 CO emissions intensity tCO/tcs 2.21 2.22 2.14 2.16 2.05# Tata Steel Nederland BV@ Scope 1 Million tonnes 12.5 11.8 10.9 11.6 10.9,model,V,0.5174,N,0.0,quantifier_count=0.33[million]; verb_strength=0.05[NONE]; vague_adj_ratio=0.00[NONE],,,,Y
S0652,tata,2023,BRSR,-0.3 Scope 3 Million tonnes 0.1 0.2 0.2 0.3 0.3# Scope 1 +2 + 3 Million tonnes 12.4 11.9 11.0 11.7 10.9 CO emissions intensity tCO/tcs 1.77 1.76 1.78 1.78 1.78# Tata Steel (Thailand) PCL@ Scope 1 Million tonnes 0.2 0.2 0.2 0.2 0.2 Scope 2 Million tonnes 0.4 0.4 0.4 0.5 0.4 Scope 3 Million tonnes 0.1 0.1 0.1 0.1 0.1,model,V,0.5174,N,0.0,quantifier_count=0.33[million]; verb_strength=0.05[NONE]; vague_adj_ratio=0.00[NONE],,,,Y
S0653,tata,2023,BRSR,"Scope 1 +2 + 3 Million tonnes 0.7 0.7 0.7 0.8 0.7 CO2 emissions intensity tCO2/tcs 0.64 0.67 0.64 0.61 0.59 Tata Steel Consolidated (with slag credit) tCO2/tcs - - 2.20 2.19 2.21 GHG emissions (based on GHG protocol, in Million tCO2e) Tata Steel Limited (Standalone) Absolute emissions - Million tonnes - - - - 47.1# Scope 1 for steel making sites Absolute emissions -Scope 1 for all sites Million tonnes - - 32.5 49.2 49.6",model,V,0.5174,S,0.267,vague_adj_ratio=0.00[NONE]; target_year=0.00[NONE]; specific_tech=1.00[tco2|tco2e|scope 1],,,,Y
S0654,tata,2023,BRSR,Absolute emissions - Million tonnes - - - - 4.63# Scope 2 for steel making sites Absolute emissions - Scope 2 for all sites Million tonnes - - 3.9 5.4 5.6 Absolute emissions - Scope 3 Million tonnes - - 5.2 5.9 5.7 Total absolute emissions Million tonnes - - 41.5 60.5 61.0 (Scope 1 +2 + 3) for all sites Tata Steel Long Products Limited including NINL Absolute emissions - Million tonnes - - - - 3.18# Scope 1 for steel making sites Absolute emissions -Scope 1 for all sites Million tonnes - - 3.9 4.1 4.9(1) # KPIs assured by Price Waterhouse & Co.,model,V,0.5174,S,0.267,vague_adj_ratio=0.00[NONE]; target_year=0.00[NONE]; specific_tech=1.00[scope 1|scope 2|scope 3],,,,Y
S0655,tata,2023,BRSR,Chartered Accountants LLP Tata Steel Nederland BV Absolute emissions - Million tonnes - - - - 10.93# Scope 1 for steel making sites* Absolute emissions -Scope 1 for all sites Million tonnes - - - 11.7 11.2 Absolute emissions - Million tonnes - - - - 0.0# Scope 2 for steel making sites Absolute emissions - Scope 2 for all sites Million tonnes - - - 0.80 0.60 Absolute emissions - Scope 3 Million tonnes - - - 5.0 3.8 Total absolute emissions Million tonnes - - - 17.4 15.6 (Scope 1 +2 + 3) for all sites Tata Steel (Thailand) PCL Absolute emissions - Scope 1 Million tonnes - - 0.2 0.2 0.2 Absolute emissions - Scope 2 Million tonnes - - 0.4 0.5 0.5 Absolute emissions - Scope 3 Million tonnes - - 0.2 0.2 0.2 Total absolute emissions (Scope 1 +2 + 3) Million tonnes - - 0.8 0.9 0.8 Tata Steel Consolidated (including other entities),model,V,0.5174,S,0.267,vague_adj_ratio=0.00[NONE]; target_year=0.00[NONE]; specific_tech=1.00[scope 1|scope 2|scope 3],,,,Y
S0656,tata,2023,BRSR,Absolute emissions - Scope 1 Million tonnes - - 66.0 75.7 75.5 Absolute emissions - Scope 2 Million tonnes - - 4.8 5.0 5.2 Absolute emissions - Scope 3 Million tonnes - - 12.6 13.5 13.1 Total absolute emissions (Scope 1 +2 + 3) Million tonnes - - 83.4 94.2 93.8 Total absolute emissions tCOe/Million ₹ - - 45.2 33.1 33.2 (Scope 1 +2) per unit revenue - worldsteel methodology allows credits due to export of various co-products / by-products (incl.,model,V,0.5174,S,0.267,vague_adj_ratio=0.00[NONE]; target_year=0.00[NONE]; specific_tech=1.00[scope 1|scope 2|scope 3],,,,Y
S0657,tata,2023,BRSR,TSUK numbers for FY2022-23 aligned with parent company to include slag credit in the CO2 intensity calculations.,model,V,0.5475,S,0.267,vague_adj_ratio=0.00[NONE]; target_year=0.00[NONE]; specific_tech=0.00[NONE],,,,Y
S0658,tata,2023,BRSR,"No credits are included in GHG Protocol estimation under Scope 1, 2 and 3.",model,V,0.5541,S,0.4,vague_adj_ratio=0.00[NONE]; quantifier_count=0.00[NONE]; target_year=0.00[NONE],,,,N
S0659,tata,2023,BRSR,Scope 1.1 emissions under worldsteel scope considered direct emissions under Scope 1 for steelmaking sites - Scope 2 emissions are location based for all entities - Uncertainty of total emissions < 3% - Entity-wise data represents absolute gross emissions independent of equity held by Tata Steel.,model,V,0.5174,S,0.267,vague_adj_ratio=0.00[NONE]; target_year=0.00[NONE]; specific_tech=1.00[scope 1|scope 2],,,,Y
S0660,tata,2023,BRSR,Consolidated emissions of Tata Steel has been arrived at by using equity based approach - FY2021-22 numbers are updated post verification in July 2022 * Calculated based only on CO2 emissions factor.,model,V,0.5475,S,0.267,vague_adj_ratio=0.00[NONE]; target_year=0.00[NONE]; specific_tech=0.00[NONE],,,,Y
S0661,tata,2023,BRSR,For crude steel making sites@ (A) Stack dust emissions Thousand 5.59 5.04 4.10 7.22 6.40# Stack Dust emission intensity kg/tcs 0.42 0.38 0.34 0.39 0.34# Stack SOx emissions Thousand 7.4 8.6 7.8 30.4 27.0# SOx emission intensity kg/tcs 0.56 0.65 0.64 1.66 1.43# Stack NOx emissions Thousand 8.9 8.7 7.5 16.0 15.8# NOx emission intensity kg/tcs 0.67 0.66 0.62 0.87 0.83# # KPIs assured by Price Waterhouse & Co.,model,V,0.5690,S,0.4,vague_adj_ratio=0.00[NONE]; quantifier_count=0.00[NONE]; target_year=0.00[NONE],,,,N
S0662,tata,2023,BRSR,For non crude steel making sites (B) Stack dust emissions Thousand - 0.95 1.11 0.83 0.66 Stack SOx emissions Thousand - 8.1 5.8 5.5 4.3 Stack NOx emissions Thousand - 4.5 3.6 3.3 2.3 Tata Steel Limited Standalone: Total (A+B),model,V,0.5690,S,0.4,vague_adj_ratio=0.00[NONE]; quantifier_count=0.00[NONE]; target_year=0.00[NONE],,,,N
S0663,tata,2023,BRSR,Stack dust emissions Thousand 5.59 5.99 5.21 8.06 7.06 Stack SOx emissions Thousand 7.4 16.7 13.6 35.9 31.4 Stack NOx emissions Thousand 8.9 13.2 11.2 19.4 18.1 Tata Steel Long Products Limited For crude steel making sites@ (A) Stack dust emissions Thousand - 1.69 1.17 1.03 0.92# Stack Dust emission intensity kg/tcs - 2.86 1.81 1.50 1.30# Stack SOx emissions Thousand - 5.1 4.9 6.0 6.4# SOx emission intensity kg/tcs - 8.66 7.53 8.79 9.09# Stack NOx emissions Thousand - 1.0 1.1 1.2 1.2# NOx emission intensity kg/tcs - 1.64 1.67 1.77 1.72# For non crude steel making sites (B) Stack dust emissions Thousand - - - - 0 Stack SOx emissions Thousand - - - - 1 Stack NOx emissions Thousand - - - - NA Tata Steel Long Products Limited: Total (A+B),model,V,0.5690,S,0.4,vague_adj_ratio=0.00[NONE]; quantifier_count=0.00[NONE]; target_year=0.00[NONE],,,,N
S0664,tata,2023,BRSR,Stack dust emissions Thousand - 1.69 1.17 1.03 1.00 Stack SOx emissions Thousand - 5.1 4.9 6.0 7.1 Stack NOx emissions Thousand - 1.0 1.1 1.2 1.2 Tata Steel UK Limited@(CY2)3 Stack dust emissions Thousand 1.07 1.06 1.38 1.16 0.82# Stack Dust emission intensity kg/tcs 0.35 0.31 0.00 0.33 0.28# Stack SOx emissions,model,V,0.5690,S,0.4,vague_adj_ratio=0.00[NONE]; quantifier_count=0.00[NONE]; target_year=0.00[NONE],,,,N
S0665,tata,2023,BRSR,Thousand 6.1 6.8 6.4 4.7 4.6# SOx emission intensity kg/tcs 2.2 2.02 1.96 1.33 1.56# Stack NOx emissions Thousand 5.0 4.8 5.1 5.0 4.3# NOx emission intensity kg/tcs 1.61 1.41 1.57 1.42 1.47# 2Calendar year reporting (1 January - 31 December),model,V,0.5690,S,0.4,vague_adj_ratio=0.00[NONE]; quantifier_count=0.00[NONE]; target_year=0.00[NONE],,,,N
S0666,tata,2023,BRSR,3Historical data revised to exclude fugitive emissions Tata Steel Nederland BV (CY2),model,V,0.5690,S,0.4,vague_adj_ratio=0.00[NONE]; quantifier_count=0.00[NONE]; target_year=0.00[NONE],,,,N
S0667,tata,2023,BRSR,For crude steel making sites@ (A) Stack dust emissions Thousand 1.80 1.88 1.80 1.57 1.52# Stack Dust emission intensity kg/tcs 0.26 0.28 0.3 0.24 0.25# Stack SOx emissions Thousand 3.1 3.2 3.0 2.8 3.2# SOx emission intensity kg/tcs 0.46 0.48 0.5 0.42 0.52# Stack NOx emissions,model,V,0.5690,S,0.4,vague_adj_ratio=0.00[NONE]; quantifier_count=0.00[NONE]; target_year=0.00[NONE],,,,N
S0668,tata,2023,BRSR,Thousand 5.7 6.0 5.1 5.3 5.0# NOx emission intensity kg/tcs 0.84 0.91 0.85 0.80 0.80# # KPIs assured by Price Waterhouse & Co.,model,V,0.5690,S,0.4,vague_adj_ratio=0.00[NONE]; quantifier_count=0.00[NONE]; target_year=0.00[NONE],,,,N
S0669,tata,2023,BRSR,Chartered Accountants LLP 124 116th Year Integrated Report & Annual Accounts 2022-23 For non crude steel making sites (B) Stack dust emissions Thousand 0.002 0.002 0.002 0.002 0.002 Stack SOx emissions Thousand 0.046 0.050 0.055 0.047 0.043 Stack NOx emissions Thousand 0.001 0.001 0.001 0.001 0.000 Tata Steel Nederland BV: Total (A+B),model,V,0.5690,S,0.4,vague_adj_ratio=0.00[NONE]; quantifier_count=0.00[NONE]; target_year=0.00[NONE],,,,N
S0670,tata,2023,BRSR,Stack dust emissions Thousand 1.80 1.88 1.80 1.57 1.52 Stack SOx emissions Thousand 3.2 3.2 3.1 2.8 3.3 Stack NOx emissions,model,V,0.5690,S,0.4,vague_adj_ratio=0.00[NONE]; quantifier_count=0.00[NONE]; target_year=0.00[NONE],,,,N
S0671,tata,2023,BRSR,Thousand 5.7 6.0 5.1 5.3 5.0 Specific Water Consumption & Discharge Intensity Tata Steel Limited (Standalone)@ Fresh water consumption Million m3 46.3 40.8 32.9 49.9 49.8 Specific fresh water consumption m3/tcs 3.50 3.10 2.70 2.71 2.62# Effluent discharge volume Million m3 10.3 9.5 8.3 9.5 8.1# Effluent discharge intensity m3/tcs 0.78 0.72 0.68 0.52 0.43# Tata Steel Long Products Limited@,model,V,0.5690,S,0.4,vague_adj_ratio=0.00[NONE]; quantifier_count=0.00[NONE]; target_year=0.00[NONE],,,,N
S0672,tata,2023,BRSR,None None None None None Effluent discharge intensity m3/tcs,model,V,0.5690,S,0.4,vague_adj_ratio=0.00[NONE]; quantifier_count=0.00[NONE]; target_year=0.00[NONE],,,,N
S0673,tata,2023,BRSR,"Thousand - - 1,057 851 1,050 Solid waste utilisation (Gamharia) % - - - - 92.6# Solid waste utilisation (Gamharia & Joda) % - - 111.65 83.2 92.2 # KPIs assured by Price Waterhouse & Co.",model,V,0.5259,S,0.133,vague_adj_ratio=0.00[NONE]; target_year=0.00[NONE]; specific_tech=0.00[NONE],,,,Y
S0674,tata,2023,BRSR,Chartered Accountants LLP 125 116th Year Integrated Report & Annual Accounts 2022-23 Environmental Social Governance (ESG) Factsheet FY2022-23 Tata Steel UK Limited@ (CY)2 Solid waste generated Thousand - 231 186 111 3146 Solid waste utilised Thousand - 221 113 85 3086 Solid waste sent to landfill / incineration Thousand - 4 4 7 6 Solid waste utilisation % - 95.9 60.5 76.1 98.0# 5Some waste from previous year has been utilised.,model,V,0.5475,S,0.267,vague_adj_ratio=0.00[NONE]; target_year=0.00[NONE]; specific_tech=0.00[NONE],,,,Y
S0675,tata,2023,BRSR,"% 74.1 78.3 79.1 74.7 71.6# Tata Steel (Thailand) PCL Solid waste generated Thousand 211 201 222 266 254 Solid waste utilised Thousand 210 200 221 265 254 Solid waste sent to landfill / incineration Thousand 0.70 0.36 0.46 0.69 0.4 Solid waste utilisation % 99.7 99.8 99.8 99.7 99.8 Energy Intensity Tata Steel Limited (Standalone)@ Energy consumption GJ - - - - 44,43,89,343# Energy Intensity GJ/tcs 24.35 24.17 24.11 23.62 23.43# Tata Steel Long Products Limited@",model,V,0.5475,S,0.267,vague_adj_ratio=0.00[NONE]; target_year=0.00[NONE]; specific_tech=0.00[NONE],,,,Y
S0676,tata,2023,BRSR,"Thousand 1,138 1,087 1,203 1,449 1,257 Steel scrap recycled (internal & external) % 99 99 100 99 99 Spend on Climate Change and Environment Tata Steel Limited (Standalone) Spend on Social, Climate Change and ₹ crore 286 283 33 554 1,437 Environment (Capex) Tata Steel Long Products Limited Spend on Social, Climate Change and ₹ crore - - 8 9 29",model,V,0.5678,S,0.0,"vague_adj_ratio=0.00[NONE]; quantifier_count=1.00[,138|,087|,203|,449]; target_year=0.00[NONE]",,,,N
S0677,tata,2023,BRSR,"Environment (Capex) Tata Steel UK Limited Spend on Social, Climate Change and Million GBP - - - - 53 Environment (Capex) Tata Steel Nederland BV Spend on Social, Climate Change and Million GBP 17 48 51 22 117 Environment (Capex) Tata Steel (Thailand) PCL Spend on Social, Climate Change and Million Thai - - - - 4 Environment (Capex) Baht # KPIs assured by Price Waterhouse & Co.",model,V,0.5690,S,0.4,vague_adj_ratio=0.00[NONE]; quantifier_count=0.00[NONE]; target_year=0.00[NONE],,,,N
S0678,tata,2023,BRSR,"Chartered Accountants LLP 133 116th Year Integrated Report & Annual Accounts 2022-23 World Economic Forum CII International Conference on Waste to Jamshedpur Steel Plant recognised as the Advanced 4th Industrial Revolution Declared as 1st Winner of the Recognised as Global Diversity Equity ""Excellence in 3R (Reduce-Reuse- & Inclusion (DEI) Lighthouse 2023, Recycle) for Industry (Managing Own for its endeavour towards improving Waste)""",model,V,0.5695,S,0.463,quantifier_count=0.00[NONE]; target_year=0.00[NONE]; vague_adj_ratio=0.10[endeavour],,,,N
S0679,tata,2023,BRSR,These contribute over 98% of Tata Steel’s consolidated revenues 99% of Tata Steel's Consolidated emission footprint.,model,V,0.5259,S,0.133,vague_adj_ratio=0.00[NONE]; target_year=0.00[NONE]; specific_tech=0.00[NONE],,,,Y
S0680,tata,2023,BRSR,The Greenhouse Gas (GHG) Emission has been reporte methodology for consolidation.,model,V,0.5690,S,0.4,vague_adj_ratio=0.00[NONE]; quantifier_count=0.00[NONE]; target_year=0.00[NONE],,,,N
S0681,tata,2023,BRSR,"140 116th Year Integrated Repor without adjusting for minority shareholder in the relevant group ed using the Greenhouse Gas protocol standard and the equity undertaken (Revenue, GHG emission and energy consumption).",model,V,0.5690,S,0.4,vague_adj_ratio=0.00[NONE]; quantifier_count=0.00[NONE]; target_year=0.00[NONE],,,,N
S0682,tata,2023,BRSR,"Greenhouse Gas Emissions & Climate Change Managemen Rationale for identifying the risk/ A significant part of Tata Steel’s Tata production is through the blast furnace purs route, which is a an emission intensive of C process and contributes towards global elec warming.",model,V,0.5845,S,0.572,quantifier_count=0.00[NONE]; target_year=0.00[NONE]; verb_strength=0.10[NONE],,,,N
S0683,tata,2023,BRSR,Tata Steel has committed to a deca target of Net Zero by 2045 and transition Iron to low carbon steelmaking is critical for bed the long-term success of the Company.,model,V,0.5389,S,0.587,target_year=1.00[|net zero by 2045]; specific_tech=0.00[NONE]; verb_strength=0.15[committed to],,,,Y
S0684,tata,2023,BRSR,Approach to adapt or mitigate a Steel has set an ambitious target to be Net Zero emissions by 2045.,model,V,0.5122,S,0.267,vague_adj_ratio=0.00[NONE]; specific_tech=0.00[NONE]; verb_strength=0.10[NONE],,,,Y
S0685,tata,2023,BRSR,"In its suit of decarbonisation, Tata Steel has adopted a two-pronged approach Carbon Direct Avoidance (e.g., use of hydrogen or steelmaking using the ctric arc furnace route) and Carbon Capture & Usage.",model,V,0.5541,S,0.4,vague_adj_ratio=0.00[NONE]; quantifier_count=0.00[NONE]; target_year=0.00[NONE],,,,N
S0686,tata,2023,BRSR,"d methane) in blast furnaces, carbon capture & usage, increased ap usage in existing operations and scrap-based steelmaking.",model,V,0.5391,S,0.4,vague_adj_ratio=0.00[NONE]; quantifier_count=0.00[NONE]; target_year=0.00[NONE],,,,Y
S0687,tata,2023,BRSR,"Steel produced through recycling has a significantly lower carbon footprint, as opposed to producing primary steel by reducing iron ore.",model,V,0.5690,S,0.4,vague_adj_ratio=0.00[NONE]; quantifier_count=0.00[NONE]; target_year=0.00[NONE],,,,N
S0688,tata,2023,BRSR,Tata Steel has adopted a target to be Net Zero emissions by 2045 and increased (b) Ta usage of scrap in its steelmaking process a p is one of its strategies to become a green Re steel producer.,model,V,0.5393,S,0.417,specific_tech=0.00[NONE]; verb_strength=0.10[NONE]; vague_adj_ratio=0.25[green],,,,Y
S0689,tata,2023,BRSR,Water Consumption and Effluent Discharge Rationale for identifying the risk/ Tata Steel utilises a large quantity of 1.,model,V,0.5690,S,0.4,vague_adj_ratio=0.00[NONE]; quantifier_count=0.00[NONE]; target_year=0.00[NONE],,,,N
S0690,tata,2023,BRSR,Tata Steel’s water consumption is regulated under all geographies and non-compliance to regulatory requirements with respect to effluent discharge & higher water usage 3.,model,V,0.5541,S,0.4,vague_adj_ratio=0.00[NONE]; quantifier_count=0.00[NONE]; target_year=0.00[NONE],,,,N
S0691,tata,2023,BRSR,"a Additionally, as a result of climate change, access to fresh water is expected to reduce in certain geographies, making water a scarce resource.",model,V,0.5690,S,0.4,vague_adj_ratio=0.00[NONE]; quantifier_count=0.00[NONE]; target_year=0.00[NONE],,,,N
S0692,tata,2023,BRSR,N minimise water requirement and maximise water recycling to be cost efficient.,model,V,0.5690,S,0.4,vague_adj_ratio=0.00[NONE]; quantifier_count=0.00[NONE]; target_year=0.00[NONE],,,,N
S0693,tata,2023,BRSR,"Approach to adapt or mitigate Addressing water scarcity through 4R framework of Reduce, Reuse, Recycle and Recover and using best available technologies.",model,V,0.5690,S,0.4,vague_adj_ratio=0.00[NONE]; quantifier_count=0.00[NONE]; target_year=0.00[NONE],,,,N
S0694,tata,2023,BRSR,Minimising withdrawal of fresh water from rivers by maximising the recycling of treated waste effluents within the plant by setting up effluent treatment plants.,model,V,0.5690,S,0.4,vague_adj_ratio=0.00[NONE]; quantifier_count=0.00[NONE]; target_year=0.00[NONE],,,,N
S0695,tata,2023,BRSR,Tata Steel is also reusing treated municipal wastewater and has water harvesting infrastructure across multiple locations.,model,V,0.5690,S,0.4,vague_adj_ratio=0.00[NONE]; quantifier_count=0.00[NONE]; target_year=0.00[NONE],,,,N
S0696,tata,2023,BRSR,Tata Steel’s aim is to achieve Zero Effluent discharge from Works premises and ensure completion of Zero Effluent Discharge projects under progress (for its Indian operations).,model,V,0.6172,V,0.653,quantifier_count=0.00[NONE]; target_year=0.00[NONE]; specific_tech=0.00[NONE],,,,N
S0697,tata,2023,BRSR,Ensuring health and connectivity of the installed online continuous effluent New plants are designed to be water efficient.,model,V,0.6304,S,0.4,vague_adj_ratio=0.00[NONE]; quantifier_count=0.00[NONE]; target_year=0.00[NONE],,,,N
S0698,tata,2023,BRSR,"Energy Efficiency/Energy Management Rationale for identifying the risk/ Production of steel is a highly energy Tata intensive process and Tata Steel acro consumes a large quantity of energy prod across multiple sources: coal, natural wor gas, electricity and other fossil fuel.",model,V,0.5690,S,0.4,vague_adj_ratio=0.00[NONE]; quantifier_count=0.00[NONE]; target_year=0.00[NONE],,,,N
S0699,tata,2023,BRSR,Energy efficiency and adoption of renewable energy is also a key lever for Tata Steel to lower its Scope 2 greenhouse emissions.,model,V,0.5541,S,0.4,vague_adj_ratio=0.00[NONE]; quantifier_count=0.00[NONE]; target_year=0.00[NONE],,,,N
S0700,tata,2023,BRSR,"multaneously, to reduce its dependence on fossil fuel, Tata Steel is entering into agreement with Tata Power Renewable Energy Limited to set up c.950 MW solar & wind hybrid renewable power capacity under captive arrangement.",model,V,0.5325,S,0.267,vague_adj_ratio=0.00[NONE]; target_year=0.00[NONE]; verb_strength=0.10[NONE],,,,Y
S0701,tata,2023,BRSR,carbon Opportunity Research & Development and Innovation in stee are also critical for Tata Steel to retain cost competitiveness by continuous improvement in process efficiency and resource utilisation.,model,V,0.5690,S,0.4,vague_adj_ratio=0.00[NONE]; quantifier_count=0.00[NONE]; target_year=0.00[NONE],,,,N
S0702,tata,2023,BRSR,"The importance of Research & Development has increased even more for the Company as we focus on increasing the technological maturity of low carbon steelmaking to achieve our Net Zero emissions objective and remain a sustainable partner for all our 152 116th Year Integrated Repor Approach to adapt or mitigate teel’s Mitigation Strategies include the following: We are investing in various environment improvement projects such as pgradation of pollution control equipment, installation of ‘De-NOx’ facilities ncluding the upcoming ‘De-NOx’ facility at IJmuiden), installation of new ust extraction and dust suppression systems to reduce stack dust and ugitive dust emissions.",model,V,0.5730,S,0.483,quantifier_count=0.00[NONE]; target_year=0.00[NONE]; vague_adj_ratio=0.14[focus on|sustainable],,,,N
S0703,tata,2023,BRSR,ata Steel is also ensuring the health and connectivity of the installed online ontinuous Stack Emission and Ambient Air quality analysers.,model,V,0.6304,S,0.4,vague_adj_ratio=0.00[NONE]; quantifier_count=0.00[NONE]; target_year=0.00[NONE],,,,N
S0704,tata,2023,BRSR,"chain that extends from mining to finished steel products, with an interconnected network of suppliers, mines, ports, manufacturing locations, stockyards, warehouses, processing facilities, channel 2. partners and customers, handling over The production, transportation, storage and handling of materials like iron ore, coal, limestone, refractory, aluminium, zinc, ferro Risk alloys etc. have a negative impact on the environment, including greenhouse gas and other emissions.",model,V,0.5690,S,0.4,vague_adj_ratio=0.00[NONE]; quantifier_count=0.00[NONE]; target_year=0.00[NONE],,,,N
S0705,tata,2023,BRSR,Better scope reputational impact and help achieve the Net Zero target of the Company.,model,V,0.6155,V,0.666,quantifier_count=0.00[NONE]; target_year=0.00[NONE]; specific_tech=0.00[NONE],,,,N
S0706,tata,2023,BRSR,"153 116th Year Integrated Rep Tata Steel’s Initiatives Tata Steel is one of the few companies to measure end to end Scope 3 emissions for all modes of transportation, giving it an equal focus as Scope 1 & 2 emissions.",model,V,0.5391,S,0.4,vague_adj_ratio=0.00[NONE]; quantifier_count=0.00[NONE]; target_year=0.00[NONE],,,,Y
S0707,tata,2023,BRSR,The Company has also taken several initiatives to reduce Scope 3 emission by using cleaner fuel or alternate fuel.,model,V,0.5541,S,0.4,vague_adj_ratio=0.00[NONE]; quantifier_count=0.00[NONE]; target_year=0.00[NONE],,,,N
S0708,tata,2023,BRSR,Tata Steel has launched the Zero Carbon Logistics programme in Europe which aims to reduce our CO footprint caused by the transport of our product to the customer by 30% by 2030.,model,V,0.5473,S,0.283,specific_tech=0.00[NONE]; vague_adj_ratio=0.25[aims]; quantifier_count=0.67[30%|by 2030],,,,Y
S0709,tata,2023,BRSR,This section is aimed at helping businesses demonstrate the st the National Guidelines for Responsible Business Conduct (NG Tata Steel Policies Affirmative Action Policy   Alcohol and Drugs Policy  Anti-Bribery and Anti-Corruption Policy  Anti-Money Laundering Policy  Biodiversity Policy  Climate Change Policy for Tata Code of Corporate Disclosure Policy  Corporate Social Responsibility Policy Data Privacy Policy Dividend Distribution Policy Document Retention and Archival Policy ,model,V,0.5744,S,0.491,quantifier_count=0.00[NONE]; target_year=0.00[NONE]; verb_strength=0.15[aim|aimed],,,,N
S0710,tata,2023,BRSR,"Energy Policy  Environmental Policy  Equal Opportunity and Anti- Discrimination Policy HIV / AIDS Policy  Human Resource Policy  154 116th Year Integrated Repor uilding thriving Communities Approach to adapt or mitigate or Tata Steel’s Initiatives eel firmly believe the health and welfare of our people, the community ciety are intrinsic to our approach to business.",model,V,0.5690,S,0.4,vague_adj_ratio=0.00[NONE]; quantifier_count=0.00[NONE]; target_year=0.00[NONE],,,,N
S0711,tata,2024,BRSR,2. Greenhouse Gas (GHG) emissions reported using the Standard and Corporate Value Chain (Scope 3),model,V,0.6162,S,0.4,vague_adj_ratio=0.00[NONE]; quantifier_count=0.00[NONE]; target_year=0.00[NONE],,,,N
S0712,tata,2024,BRSR,Equity-consolidated emissions of Joint Ventures inclu 4.,model,V,0.5690,S,0.4,vague_adj_ratio=0.00[NONE]; quantifier_count=0.00[NONE]; target_year=0.00[NONE],,,,N
S0713,tata,2024,BRSR,"In view of the mergers during FY2023-24, the repor comparability of FY2023-24 figures to that of FY2022- 117th Year Integrated Report & Annual Accounts 2023-24 the performance of Tata Steel Limited and its 12 key subsidiary a Steel Limited (TSL) a Steel Downstream Products Limited (TSDPL) a Steel Utilities and Infrastructure Services Limited (TSUISL) e Indian Steel & Wire Products Limited (ISWP) gul Energy Limited (AEL) ubaneshwar Power Private Limited (BPPL) elachal Ispat Nigam Limited (NINL) a Steel Support Services Limited (TSSSL) a Steel Technical Services Limited (TSTSL) a Steel Nederland BV (TSN) a Steel UK Limited (TSUK) a Steel (Thailand) PLC (TSTH) a Steel Minerals Canada Limited (TSMC) materiality and constitute 98% of the Tata Steel’s consolidated 00% of Tata Steel Group’s emission footprint.",model,V,0.5042,S,0.0,vague_adj_ratio=0.00[NONE]; quantifier_count=1.00[98%|00%|fy2023|fy2022]; target_year=0.00[NONE],,,,Y
S0714,tata,2024,BRSR,"ludes Tata Steel Limited, Tata Steel Indian entities, TSN, TSUK, usting for minority shareholders in the relevant group entity, Greenhouse Gas protocol",model,V,0.5690,S,0.4,vague_adj_ratio=0.00[NONE]; quantifier_count=0.00[NONE]; target_year=0.00[NONE],,,,N
S0715,tata,2024,BRSR,uded in Scope 3 under category 15 (Investments).,model,V,0.5541,S,0.4,vague_adj_ratio=0.00[NONE]; quantifier_count=0.00[NONE]; target_year=0.00[NONE],,,,N
S0716,tata,2024,BRSR,"en (revenue, GHG emissions, and energy consumption), ture are on a consolidated basis (unless mentioned otherwise), f Tata Steel Limited.",model,V,0.5690,S,0.4,vague_adj_ratio=0.00[NONE]; quantifier_count=0.00[NONE]; target_year=0.00[NONE],,,,N
S0717,tata,2024,BRSR,"f the BRSR Core indicators on a standalone basis for FY2023-24. re indicators on a consolidated basis for the select entities as ndertaken the assurance on a standalone basis unless otherwise SG) indicators, which are part of the ESG factsheet published in & select indicators of ESG factsheet and Limited Assurance W & Co CA LLP are annexed to Tata Steel’s Integrated Report for eel.com/investors/integrated-reportannual-report/ es, Tata Steel UK Limited and Tata Steel Nederland BV, are in the ansition to low carbon steelmaking.",model,V,0.5475,S,0.267,vague_adj_ratio=0.00[NONE]; target_year=0.00[NONE]; specific_tech=0.00[NONE],,,,Y
S0718,tata,2024,BRSR,"Business-to-Government (B2G): Government Orga Tata Steel focuses on improving customer insights through A detailed summary of Tata Steel’s products and brand an Products and Brands Segments Tata Steel Limited Tata Stee Automotive Automotive B2B automotive, ECA B2B auto and ancillaries automotive, Wires and automo Specialty Steel automotive Products: Hot Rolled (HR), Produc Cold Rolled Closed Annealed Direct-ro (CRCA), Galvanised, HR rolled(C Commercial, Medium Coils an Carbon/High Carbon, (Precisio Precision Tubes, Wire rod, steel Brands: Astrum (HR),",model,V,0.5690,S,0.4,vague_adj_ratio=0.00[NONE]; quantifier_count=0.00[NONE]; target_year=0.00[NONE],,,,N
S0719,tata,2024,BRSR,"nitoring and controlling its emissions, taking necessary steps to meet and beat number of complaints from members of the public living in the proximity of he feedback it receives from the local community and takes the concerns of survey of the public in Port Talbot during 2023 to generate feedback on the ed upon feedback, it instituted improvements to its complaint management n of issues raised by the public.",model,V,0.5541,S,0.4,vague_adj_ratio=0.00[NONE]; quantifier_count=0.00[NONE]; target_year=0.00[NONE],,,,N
S0720,tata,2024,BRSR,"G reenhouse Gas Emissions and Climate Change Manage Risk Rationale for identifying the risk/ Approa A significant part of Tata Steel’s production In India, is through the blast furnace route, which is route op an emission intensive process.",manual,V,1.00,S,0.592,quantifier_count=0.00[NONE]; target_year=0.00[NONE]; verb_strength=0.10[NONE],V,2,QA conflict resolution,N
S0721,tata,2024,BRSR,Tata Steel has green st committed to be Net Zero by 2045 and a transition to low carbon steelmaking is critical for the long-term success of the Company.,model,V,0.5806,S,0.821,target_year=1.00[|net zero by 2045]; specific_tech=0.00[NONE]; vague_adj_ratio=0.92[committed to|green|long-term],,,,N
S0722,tata,2024,BRSR,"Recycled steel has a significantly lower carbon footprint, as opposed to producing primary steel by reducing iron ore.",model,V,0.6304,S,0.4,vague_adj_ratio=0.00[NONE]; quantifier_count=0.00[NONE]; target_year=0.00[NONE],,,,N
S0723,tata,2024,BRSR,"The Net Zero by 2045, Tata Steel has increased the scrap usage in its steelmaking process.",model,S,0.5232,S,0.267,vague_adj_ratio=0.00[NONE]; target_year=1.00[|net zero by 2045]; specific_tech=0.00[NONE],,,,Y
S0724,tata,2024,BRSR,"The last assessment for the Tata Steel Group es pertaining to environmental and social matters were identified ach to adapt or mitigate , Tata Steel has adopted multiple strategies to decarbonise its blast furnace perations.",model,V,0.5541,S,0.4,vague_adj_ratio=0.00[NONE]; quantifier_count=0.00[NONE]; target_year=0.00[NONE],,,,N
S0725,tata,2024,BRSR,Water Consumption and Effluent Discharge Risk Rationale for identifying the risk/ Approac Tata Steel utilises a large amount of water 1.,model,V,0.5690,S,0.4,vague_adj_ratio=0.00[NONE]; quantifier_count=0.00[NONE]; target_year=0.00[NONE],,,,N
S0726,tata,2024,BRSR,"compliance with regulatory requirements regarding effluent discharge and higher water usage may result in environmental b. compensation by regulatory authorities, financial loss due to operational stoppage and withdrawal of licence to operate.",model,V,0.5690,S,0.4,vague_adj_ratio=0.00[NONE]; quantifier_count=0.00[NONE]; target_year=0.00[NONE],,,,N
S0727,tata,2024,BRSR,"As a result of climate change, some c. geographies are expected to have reduced access to fresh water, making it a scarce resource.",model,V,0.6304,S,0.4,vague_adj_ratio=0.00[NONE]; quantifier_count=0.00[NONE]; target_year=0.00[NONE],,,,N
S0728,tata,2024,BRSR,Ado Tata Steel must minimise water usage and like maximise recycling.,model,V,0.5690,S,0.4,vague_adj_ratio=0.00[NONE]; quantifier_count=0.00[NONE]; target_year=0.00[NONE],,,,N
S0729,tata,2024,BRSR,"Tata Steel fulfils its energy all geogr requirements through multiple sources: power an coal, natural gas, electricity, and other fossil fuels.",model,V,0.5690,S,0.4,vague_adj_ratio=0.00[NONE]; quantifier_count=0.00[NONE]; target_year=0.00[NONE],,,,N
S0730,tata,2024,BRSR,Tata Stee Energy efficiency and adoption of MWp (M renewable energy is also a key lever for capacity Tata Steel to lower its Scope 2 greenhouse plant also gas emissions.,model,V,0.5541,S,0.4,vague_adj_ratio=0.00[NONE]; quantifier_count=0.00[NONE]; target_year=0.00[NONE],,,,N
S0731,tata,2024,BRSR,"In the Ne 117th Year Integrated Report & Annual Accounts 2023-24 ch to adapt or mitigate dressing water scarcity through the 4R framework of Reduce, Reuse, Recycle Reducing fresh water withdrawal to a minimum from rivers by maximising the recycling of treated waste effluents within the plant through effluent treatment plants and online continuous effluent analysers.",model,V,0.5690,S,0.4,vague_adj_ratio=0.00[NONE]; quantifier_count=0.00[NONE]; target_year=0.00[NONE],,,,N
S0732,tata,2024,BRSR,Reusing treated municipal wastewater and water harvesting infrastructure across multiple locations.,model,V,0.5690,S,0.4,vague_adj_ratio=0.00[NONE]; quantifier_count=0.00[NONE]; target_year=0.00[NONE],,,,N
S0733,tata,2024,BRSR,"In India, Tata Steel aims to achieve ZED (Zero Effluent Discharge) from Works premises and plans to build water efficient infrastructure.",model,V,0.6253,V,0.7,quantifier_count=0.00[NONE]; target_year=0.00[NONE]; specific_tech=0.00[NONE],,,,N
S0734,tata,2024,BRSR,Increased water recovery through an augmentation of the Central Effluent Treatment Plant and sewage treatment plants as well as from storm run-off streams.,model,V,0.5690,S,0.4,vague_adj_ratio=0.00[NONE]; quantifier_count=0.00[NONE]; target_year=0.00[NONE],,,,N
S0735,tata,2024,BRSR,"opting best available technologies like dry processes to reduce, best practices catch pit and pumping infrastructure to recover, central effluent treatment nt with reverse osmosis to treat and recycle effluents in steelmaking cesses.",model,V,0.5541,S,0.4,vague_adj_ratio=0.00[NONE]; quantifier_count=0.00[NONE]; target_year=0.00[NONE],,,,N
S0736,tata,2024,BRSR,"estone towards achieving Net Zero carbon emissions, Tata Steel has entered finitive agreement with Tata Power to source 379 MW of captive renewable which will reduce 50 million tonnes of carbon emissions over the contract el also commissioned a floating solar power project with a capacity of 10.8 Megawatt peak) on its upper cooling pond in the plant bringing the total to 20.34 MWp solar projects in the Jamshedpur plant.",model,V,0.5743,S,0.133,vague_adj_ratio=0.00[NONE]; target_year=0.00[NONE]; verb_strength=0.85[commissioned],,,,N
S0737,tata,2024,BRSR,"Air Pollution/Air Quality Management Risk Rationale for identifying the risk/ Approa Non-compliance related to regulatory Tata Ste requirements with respect to air pollution by any Tata Steel site may lead to adverse con impact on the health and safety of to s employees, workers, or community, and environmental compensation by regulatory authorities.",model,V,0.5541,S,0.4,vague_adj_ratio=0.00[NONE]; quantifier_count=0.00[NONE]; target_year=0.00[NONE],,,,N
S0738,tata,2024,BRSR,"It is committed to a goal ring zero harm to employees, contractors and the communities in which efer to Section C, Principle 3, Essential Indicators, Question 12 in this report for ach to adapt or mitigate eel’s mitigation strategies include the following: pgraded pollution control equipment, implementation of new technologies, nsistent internal efforts and maintenance strategies have enabled Tata Steel significantly reduce its stack dust emissions in India.",model,V,0.5828,S,0.455,quantifier_count=0.00[NONE]; target_year=0.00[NONE]; specific_tech=0.00[NONE],,,,N
S0739,tata,2024,BRSR,etails on the measures to curb air emissions in India and the Netherlands ons can be found in the Natural Capital section of Tata Steel’s Integrated Report 117th Year Integrated Report & Annual Accounts 2023-24 Statutory Reports B3.,model,V,0.5690,S,0.4,vague_adj_ratio=0.00[NONE]; quantifier_count=0.00[NONE]; target_year=0.00[NONE],,,,N
S0740,tata,2024,BRSR,Flue as it focuses on increasing the technological aim maturity of low carbon steelmaking to Coa achieve its Net Zero emissions objective 2.,model,V,0.6113,V,0.618,quantifier_count=0.00[NONE]; target_year=0.00[NONE]; specific_tech=0.00[NONE],,,,N
S0741,tata,2024,BRSR,"K, Tata Steel is engaged in the following projects to improve the environmental al attributes of its products, services, and processes: e-2-Chem: Innovate UK (IUK) sponsored carbon capture and utilisation ming to examine the feasibility of emissions capture and use in Organic ated Steel (‘OCS’) products.",model,V,0.5541,S,0.4,vague_adj_ratio=0.00[NONE]; quantifier_count=0.00[NONE]; target_year=0.00[NONE],,,,N
S0742,tata,2024,BRSR,"otton decarbonisation: Alternatives to gas fired ovens, examining radcure hnologies such as UV/e-beam/induction curing.",model,V,0.5690,S,0.4,vague_adj_ratio=0.00[NONE]; quantifier_count=0.00[NONE]; target_year=0.00[NONE],,,,N
S0743,tata,2024,BRSR,"Tat chain that extends from mining to finished for steel products, with an interconnected 2 e network of suppliers, mines, ports, em manufacturing locations, stockyards, init warehouses, processing facilities, channel partners, and customers, handling over The production, transportation, storage, and handling of materials like iron ore, coal, limestone, refractory, aluminium, zinc, ferro alloys, etc. have a negative impact on the environment, including greenhouse 3.",model,V,0.5690,S,0.4,vague_adj_ratio=0.00[NONE]; quantifier_count=0.00[NONE]; target_year=0.00[NONE],,,,N
S0744,tata,2024,BRSR,Reduced b. Scope 3 emission will also have a positive reputational impact and also help achieve the Net Zero target of the Company.,model,V,0.6162,S,0.4,vague_adj_ratio=0.00[NONE]; quantifier_count=0.00[NONE]; target_year=0.00[NONE],,,,N
S0745,tata,2024,BRSR,ansform-ER: IUK funded project: Net Zero Heat project aimed at accelerating d industrialising domestic retrofit.,model,V,0.6113,V,0.618,quantifier_count=0.00[NONE]; target_year=0.00[NONE]; specific_tech=0.00[NONE],,,,N
S0746,tata,2024,BRSR,"y-Value project: Up-scaling of a manufacturing process for a sustainable, ordable, Value-Added-Carbon (VAC) product for the Foundation-Industry (FI) emicals sector through utilising high-grade waste-heat from steel/glass furnaces.",model,V,0.5859,S,0.496,quantifier_count=0.00[NONE]; target_year=0.00[NONE]; specific_tech=0.00[NONE],,,,N
S0747,tata,2024,BRSR,"ach to adapt or mitigate ta Steel is one of the few companies to measure end-to-end Scope 3 emissions r all modes of transportation, giving it an equal importance as Scope 1 and emissions.",model,V,0.5391,S,0.4,vague_adj_ratio=0.00[NONE]; quantifier_count=0.00[NONE]; target_year=0.00[NONE],,,,Y
S0748,tata,2024,BRSR,The Company has also taken several initiatives to reduce Scope 3 missions by using cleaner fuel or alternate fuels.,model,V,0.5541,S,0.4,vague_adj_ratio=0.00[NONE]; quantifier_count=0.00[NONE]; target_year=0.00[NONE],,,,N
S0749,tata,2024,BRSR,"ta Steel has launched the Zero Carbon Logistics programme in Europe which ms to reduce its CO footprint, caused by the transport of its products to the stomer, by 30% by 2030.",model,V,0.5543,S,0.133,vague_adj_ratio=0.00[NONE]; specific_tech=0.00[NONE]; verb_strength=0.85[launched],,,,N
S0750,tata,2024,BRSR,"Some key initiatives undertaken under the Zero rbon Logistics programme are as follows: Tata Steel Nederland is the first steel company in the world to use the Global Logistics Emissions Council Framework for emissions reporting, which makes different logistics modalities comparable and enables the identification and improvement of emission hotspots.",model,V,0.5690,S,0.4,vague_adj_ratio=0.00[NONE]; quantifier_count=0.00[NONE]; target_year=0.00[NONE],,,,N
S0751,tata,2024,BRSR,"Optimum Voyage, used for information and optimisation of the most fuel-efficient route for shipping logistics, has resulted in savings of approximately 5% in CO emissions.",model,V,0.5475,S,0.267,vague_adj_ratio=0.00[NONE]; target_year=0.00[NONE]; specific_tech=0.00[NONE],,,,Y
S0752,tata,2024,BRSR,"Tata Steel Nederland is working to replace road transport with more carbon-efficient rail transport, reducing over 5,000 trucks per year.",model,V,0.5475,S,0.267,vague_adj_ratio=0.00[NONE]; target_year=0.00[NONE]; specific_tech=0.00[NONE],,,,Y
S0753,tata,2024,BRSR,e service offers customers the opportunity to receive their steel through w-emission transport to reduce their scope 3 and other emissions associated th steel transport.,model,V,0.5541,S,0.4,vague_adj_ratio=0.00[NONE]; quantifier_count=0.00[NONE]; target_year=0.00[NONE],,,,N
S0754,tata,2024,BRSR,A summary of key policies of Tata Steel map Tata Steel’s Policies Affirmative Action Policy Alcohol and Drugs Policy Anti-Bribery and Anti-Corruption Policy ü Anti-Money Laundering Policy ü Biodiversity Policy ü Climate Change Policiy for Tata Companies ü Code of Corporate Disclosure Policy ü Corporate Social Responsibility Policy Data Privacy Policy Dividend Distribution Policy Document Retention and Archival Policy ü Energy Policy ü Environmental Policy ü Equal Opportunity and Anti- Discrimination policy HIV/AIDS Policy Human Resource Policy Information Security Asset Classification Policy Information Security Organisation Policy Information Security Policy Information Security Risk Management Policy Information Security Sustenance Policy Pevention of Sexual Harassment (POSH) at Workplace Policy for determining ‘Material’ subsidiaries ü Policy on dealing with Related Party Transactions ü,model,V,0.5541,S,0.4,vague_adj_ratio=0.00[NONE]; quantifier_count=0.00[NONE]; target_year=0.00[NONE],,,,N
S0755,tata,2024,BRSR,"International Standards ISO 14001:2015 Environmental Management S certifications/ ISO 45001:2015/OSHAS 18001 Occupational H labels/standards SA8000:2014 Social Accountability IATF (International Automotive Task Force departments Supplying to Automotive Compa Council, Fairtrade, Rainforest Alliance, ISO 9001:2015 Quality Management System Trustea) standards ISO/IEC 17025:2017 (Testing & Calibration of la (e.g., SA 8000, ISO 27001:2022 Information Security Managem adopted by your <IR> Framework of IFRS Foundation entity and mapped Recommendation of Taskforce on Climate Rela to each principle.",model,V,0.5541,S,0.4,vague_adj_ratio=0.00[NONE]; quantifier_count=0.00[NONE]; target_year=0.00[NONE],,,,N
S0756,tata,2024,BRSR,"Net Zero emissions for the Tata timelines, if any.",model,V,0.5690,S,0.4,vague_adj_ratio=0.00[NONE]; quantifier_count=0.00[NONE]; target_year=0.00[NONE],,,,N
S0757,tata,2024,BRSR,Dust Emission a. 2025: Achieve specific dust emission b. 2030:,model,V,0.5690,S,0.4,vague_adj_ratio=0.00[NONE]; quantifier_count=0.00[NONE]; target_year=0.00[NONE],,,,N
S0758,tata,2024,BRSR,"y benchmark in Corporate Citizenship, Tata Steel has adopted ESG s for the organisation: n intensity of 0.43 kg per tonne of crude steel in India specific dust emission intensity in India n 80% of the finished products will be covered under Life Cycle Assessment mance of 100% of products in India onsumption of 2.38 cubic metres per tonne of crude steel across all onsumption of <1.5 cubic metres per tonne of crude steel across all sites in diversity Management Plans across India, the UK, and the Netherlands ns (NbS) leader in India by 2030 117th Year Integrated Report & Annual Accounts 2023-24 Statutory Reports 6. Circular Economy a. 2025:",model,S,0.5312,S,0.0,vague_adj_ratio=0.00[NONE]; quantifier_count=1.00[80%|100%|by 2030]; specific_tech=0.00[NONE],,,,Y
S0759,tata,2024,BRSR,"Statement by director responsible for the business responsibility achievements (listed entity has flexibility regarding the placemen “We are proud to present the second edition of our Business Respo commitment to Environmental, Social, and Governance (ESG) steward governance, high disclosure standards, and socially responsible busine Tata Steel has been at the forefront of advancing sustainable practic improving water management, and promoting waste recycling initiativ in the use of low-carbon technologies, circular economy initiatives, reso steel production.",model,V,0.5791,S,0.541,quantifier_count=0.00[NONE]; target_year=0.00[NONE]; verb_strength=0.10[NONE],,,,N
S0760,tata,2024,BRSR,"As the global shift to a low-carbon economy gains momentum, ces by reducing greenhouse gas emissions, increasing energy efficiency, ves through innovative R&D investments.",manual,S,1.00,V,0.56,quantifier_count=0.00[NONE]; target_year=0.00[NONE]; specific_tech=0.00[NONE],S,2,QA conflict resolution,N
S0761,tata,2024,BRSR,"UPPCB imposed Environmental Damage Compensation No (EDC) on Tata Steel Limited for being non-compliant e) with provisions of The Water (Prevention and Control of Pollution) Act, 1974.",model,V,0.5690,S,0.4,vague_adj_ratio=0.00[NONE]; quantifier_count=0.00[NONE]; target_year=0.00[NONE],,,,N
S0762,tata,2025,BRSR,"Contribution to UN SDGs Targets relevant IR Capital linkages TSL SO/SE linkage 10.1 Agriculture and allied 10.6 Grassroot Governance and 3 platforms created through activities Decentralised Planning Samudaay Ke Saath Rhythms of the Earth band visible on Panchayats organised regular Indicators explained in SDG1 10.2 Community enterprises completed Indicators explained in SDG1 FY25 69 Tribal Leadership Programme 10.3 Skill development 10.7 Disability 10.9 Urban habitat Eligible PwDs linked to government Indicators explained in SDG1 schemes Indicators explained in SDG1 10.10 Diversity mix Indicators explained in SDG5 10.8 Tribal Identity ESG Factsheet 10.5 Masti Ki Pathshala Lives impacted through Samvaad Conclave and Regional Samvaad Indicators explained in SDG4 FY23 2,000 Targets relevant IR Capital linkages TSL SO/SE linkage 11.1 Tribal identity 12 tribal languages covered 11.2 Emission intensity Lives impacted through tribal Indicators explained in SDG10 ESG Factsheet language classes (nos.)",model,V,0.5954,S,0.267,vague_adj_ratio=0.00[NONE]; target_year=0.00[NONE]; verb_strength=0.85[completed],,,,N
S0763,tata,2025,BRSR,"sales to Renault Nissan 40% Anticipated urbanisation in India by 2030 Source: Press Information Bureau 118th Year | Integrated Report & Annual Accounts 2024-25 Climate change driving new business models The global focus on sustainability is transforming industries, emphasising energy-efficient solutions.",manual,V,1.00,S,0.216,specific_tech=0.00[NONE]; vague_adj_ratio=0.14[focus on]; verb_strength=0.15[focus on],V,2,QA conflict resolution,N
S0764,tata,2025,BRSR,"Europe aims for climate neutrality by 2050, while India targets Net Zero emissions by 2070.",model,V,0.5644,S,0.533,specific_tech=0.00[NONE]; verb_strength=0.15[aim|aims]; quantifier_count=0.33[by 2050],,,,N
S0765,tata,2025,BRSR,"In Europe, Tata Steel provides low-emission steel solutions through Optemis® and Zeremis® Carbon Lite.",model,V,0.5690,S,0.4,vague_adj_ratio=0.00[NONE]; quantifier_count=0.00[NONE]; target_year=0.00[NONE],,,,N
S0766,tata,2025,BRSR,The EU's Carbon Border Adjustment Mechanism (CBAM) encourages low-emission steel production.,model,V,0.5690,S,0.4,vague_adj_ratio=0.00[NONE]; quantifier_count=0.00[NONE]; target_year=0.00[NONE],,,,N
S0767,tata,2025,BRSR,Tata Steel's new 3.2 MTPA EAF-based steelmaking unit in the UK and emission reduction initiatives in the Netherlands position the Company to capitalise on this trend.,model,V,0.5325,S,0.267,vague_adj_ratio=0.00[NONE]; target_year=0.00[NONE]; verb_strength=0.10[NONE],,,,Y
S0768,tata,2025,BRSR,"To prepare for a rise in demand for low-emission steel in India in the medium to long run, Tata Steel is building a 0.75 MTPA scrap-based electric arc furnace in Ludhiana and exploring technologies to decarbonise its value chain.",model,V,0.5325,S,0.267,vague_adj_ratio=0.00[NONE]; target_year=0.00[NONE]; verb_strength=0.10[NONE],,,,Y
S0769,tata,2025,BRSR,"Additionally, the Company has launched India's first Carbon Bank to convert CO₂ into value- Optemis® Carbon Lite offering from Tata Steel UK generating assets for customers.",model,V,0.6304,S,0.4,vague_adj_ratio=0.00[NONE]; quantifier_count=0.00[NONE]; target_year=0.00[NONE],,,,N
S0770,tata,2025,BRSR,Target year for India's Net Zero Emission Source: Press Information Bureau Digital and AI as a source of competitive advantage Adoption of emerging digital technologies offers significant opportunities for the steel industry to create and unlock value.,manual,V,1.00,V,0.592,quantifier_count=0.00[NONE]; target_year=0.00[NONE]; specific_tech=0.00[NONE],V,2,QA conflict resolution,N
S0771,tata,2025,BRSR,"Ensuring business resilience Tata Steel aims to sustainably Tata Steel’s mitigation strategy expand its capacity in India, while involves strong cash flow generation, transitioning its UK and Netherlands working capital optimisation, and operations towards low-emission steel portfolio restructuring to enhance production using electric arc furnaces operational efficiency.",model,V,0.5695,S,0.463,quantifier_count=0.00[NONE]; target_year=0.00[NONE]; vague_adj_ratio=0.10[aims],,,,N
S0772,tata,2025,BRSR,China’s impacted by the Carbon Border South Africa and logistics disruptions weakened property sector boosted Adjustment Mechanism (CBAM) and pose risks to supply chain reliability.,model,V,0.5690,S,0.4,vague_adj_ratio=0.00[NONE]; quantifier_count=0.00[NONE]; target_year=0.00[NONE],,,,N
S0773,tata,2025,BRSR,Decarbonisation efforts limit new oversupply and price pressure.,model,V,0.5690,S,0.4,vague_adj_ratio=0.00[NONE]; quantifier_count=0.00[NONE]; target_year=0.00[NONE],,,,N
S0774,tata,2025,BRSR,"blend optimisation, and improving portfolio optimisation, improvement In the UK, the Company has rail transportation enhance supply projects, and low-emission steel decommissioned its blast furnaces chain resilience.",model,V,0.6162,S,0.4,vague_adj_ratio=0.00[NONE]; quantifier_count=0.00[NONE]; target_year=0.00[NONE],,,,N
S0775,tata,2025,BRSR,TSUK is It's shipping emissions measurement building partnerships to support its is aligned to latest IMO guidelines and upcoming scrap-based steelmaking calculated 'well to wake' basis.,model,V,0.5690,S,0.4,vague_adj_ratio=0.00[NONE]; quantifier_count=0.00[NONE]; target_year=0.00[NONE],,,,N
S0776,tata,2025,BRSR,"The expansion from local communities proximate to interactions and fuels business of operations across different Tata Steel’s manufacturing facilities growth, but also increases the risks of geographies introduces additional in the Netherlands over emissions.",model,V,0.5690,S,0.4,vague_adj_ratio=0.00[NONE]; quantifier_count=0.00[NONE]; target_year=0.00[NONE],,,,N
S0777,tata,2025,BRSR,"cyber threats, data privacy concerns, challenges due to location-specific Effective decarbonisation and social regulatory non-compliance, data safety laws and regulations.",model,V,0.5690,S,0.4,vague_adj_ratio=0.00[NONE]; quantifier_count=0.00[NONE]; target_year=0.00[NONE],,,,N
S0778,tata,2025,BRSR,"detection with advanced tools, an experiential training programmes, TSN is pursuing decarbonisation integrated IT & OT Security Operation tactical emergency centres and safety through the 'Roadmap+' initiative Centre for monitoring, and 24/7 reviews.",model,V,0.5690,S,0.4,vague_adj_ratio=0.00[NONE]; quantifier_count=0.00[NONE]; target_year=0.00[NONE],,,,N
S0779,tata,2025,BRSR,Safety reward & recognition to lower its emissions.,model,V,0.5690,S,0.4,vague_adj_ratio=0.00[NONE]; quantifier_count=0.00[NONE]; target_year=0.00[NONE],,,,N
S0780,tata,2025,BRSR,"Material topics are further linked to the requirements of GRI, SASB, World Steel Association (WSA), Business Responsibility and Sustainability 11 NGOs Reporting (BRSR), and World Economic 118th Year | Integrated Report & Annual Accounts 2024-25 High priority materiality issues on a consolidated basis Impact Materiality Greenhouse Gas Emissions and Occupational 1 7 11 Supply Chain Sustainability Climate Change Management Health and Safety Circular Economy/ Employee Well-being 2 8 12 Corporate Governance Recycling of By-products and Development Water Consumption Community Support and Business Ethics, Integrity and Effluent Discharge Building Thriving and Transparency Energy Efficiency/ 4 14 Stakeholder Engagement Energy Management R&D Technology, Product and Air Pollution/Air 10 Quality Management Financial Manufactured Intellectual Human Social and Relationship Natural Capital",model,V,0.5391,S,0.4,vague_adj_ratio=0.00[NONE]; quantifier_count=0.00[NONE]; target_year=0.00[NONE],,,,Y
S0781,tata,2025,BRSR,Various measures have also been – Affirmative Action suppliers – taken to reduce Scope 3 emissions.,model,V,0.5541,S,0.4,vague_adj_ratio=0.00[NONE]; quantifier_count=0.00[NONE]; target_year=0.00[NONE],,,,N
S0782,tata,2025,BRSR,"Recognised for its potential to drastically reduce carbon emissions and power diverse industries, hydrogen’s promise lies not just in production, but in the safe and efficient infrastructure needed to support its widespread adoption.",model,V,0.5541,S,0.4,vague_adj_ratio=0.00[NONE]; quantifier_count=0.00[NONE]; target_year=0.00[NONE],,,,N
S0783,tata,2025,BRSR,"This strategy balances investment for growth in India with investment for sustaining and improving performance of existing assets including decarbonisation in Europe, while maintaining a resilient balance sheet which can weather the inherent cyclicality of the steel business.",model,V,0.5690,S,0.4,vague_adj_ratio=0.00[NONE]; quantifier_count=0.00[NONE]; target_year=0.00[NONE],,,,N
S0784,tata,2025,BRSR,"As of March 31, low-emission steelmaking, securing recommended, reinforcing Tata Steel 2025, the Company’s Net Debt stood planning permissions for beginning Board's confidence in the Company’s at ₹82,579 crore, with Net Debt to construction of the EAF project from performance and strategy.",model,V,0.5108,S,0.133,vague_adj_ratio=0.00[NONE]; target_year=0.00[NONE]; verb_strength=0.10[NONE],,,,Y
S0785,tata,2025,BRSR,"118th Year | Integrated Report & Annual Accounts 2024-25 For FY2025-26, Tata Steel plans a support for decarbonisation and Financial management capital expenditure of ~₹15,000 crore, environmental initiatives.",model,V,0.5042,S,0.0,"vague_adj_ratio=0.00[NONE]; quantifier_count=1.00[crore|fy2025|,000]; target_year=0.00[NONE]",,,,Y
S0786,tata,2025,BRSR,"The UK optimisation, and leveraging capital deployment to transition the business aims to reduce fixed costs Port Talbot facility to low-emission from £995 million in FY2023-24 to technology to improve asset steelmaking, supported by £500 £540 million in FY2025-26, while Tata health and process efficiency.",manual,V,1.00,S,0.089,quantifier_count=1.00[million|fy2023|fy2025]; target_year=0.00[NONE]; vague_adj_ratio=0.15[aims],V,2,QA conflict resolution,N
S0787,tata,2025,BRSR,The facility is also driven operational excellence and production and maximises energy spearheading efforts to reduce carbon cost efficiency while embedding recovery from kiln waste gases.,model,V,0.5690,S,0.4,vague_adj_ratio=0.00[NONE]; quantifier_count=0.00[NONE]; target_year=0.00[NONE],,,,N
S0788,tata,2025,BRSR,"Being the largest increased the steelmaking capacity Its development roadmap focuses steel producer in the UK, Tata Steel UK of the plant from 3 MTPA to 8 MTPA, on achieving benchmark emissions, produces high quality differentiated thereby expanding its portfolio in flat increasing renewable energy strip steel products for the products and value-added segments.",model,V,0.5475,S,0.267,vague_adj_ratio=0.00[NONE]; target_year=0.00[NONE]; specific_tech=0.00[NONE],,,,Y
S0789,tata,2025,BRSR,particularly through initiatives in waste recycling and process innovation.,model,V,0.5690,S,0.4,vague_adj_ratio=0.00[NONE]; quantifier_count=0.00[NONE]; target_year=0.00[NONE],,,,N
S0790,tata,2025,BRSR,"The Company targets emission reduction impacting local crude steel production capacity Tata Steel is setting up a 0.75 communities and increasing scrap in India to 40 MTPA, through a MTPA scrap-based EAF facility in steel usage to enhance circularity.",model,V,0.5325,S,0.267,vague_adj_ratio=0.00[NONE]; target_year=0.00[NONE]; verb_strength=0.10[NONE],,,,Y
S0791,tata,2025,BRSR,"During the year under technologies to deliver low-emission, review, Tata Steel Kalinganagar (TSK) Supply chain and logistics energy efficient production compared commissioned several new facilities, to traditional steelmaking processes.",model,V,0.6162,S,0.4,vague_adj_ratio=0.00[NONE]; quantifier_count=0.00[NONE]; target_year=0.00[NONE],,,,N
S0792,tata,2025,BRSR,"commissioning of Blast Furnace #2 in Talbot, expected to reduce direct Simultaneously, 21 million tonnes September 2024, and a third furnace at CO₂ emissions by 50 MT over the of finished goods, encompassing the Hot Strip Mill (HSM) in December next decade.",model,V,0.5108,S,0.133,vague_adj_ratio=0.00[NONE]; target_year=0.00[NONE]; verb_strength=0.10[NONE],,,,Y
S0793,tata,2025,BRSR,"TSN offers Zeremis® Delivered, a low-emission logistics solution, supporting its customers achieve their sustainability goals through low-emission supply chain networks.",model,V,0.5690,S,0.4,vague_adj_ratio=0.00[NONE]; quantifier_count=0.00[NONE]; target_year=0.00[NONE],,,,N
S0794,tata,2025,BRSR,"for pellet production to significantly striving to enter new segments like At Meramandali, operational reduce nitrogen emissions.",model,V,0.5690,S,0.4,vague_adj_ratio=0.00[NONE]; quantifier_count=0.00[NONE]; target_year=0.00[NONE],,,,N
S0795,tata,2025,BRSR,"It has developed steel excellence has led to improvements working on making its downstream for hydrogen transport pipelines in coke plant efficiency resulting in operations carbon neutral by replacing and for control arm of passenger car fuel optimisation, and power plant natural gas with electricity for application and ship building grades operations.",model,V,0.5690,S,0.4,vague_adj_ratio=0.00[NONE]; quantifier_count=0.00[NONE]; target_year=0.00[NONE],,,,N
S0796,tata,2025,BRSR,"By prioritising these domains, Tata Steel aims to Key developments not only strengthen its IP portfolio but also drive innovation that aligns Waste Heat Recovery (WHR) and Utilisation with evolving market demands and environmental considerations.",manual,V,1.00,S,0.496,quantifier_count=0.00[NONE]; target_year=0.00[NONE]; specific_tech=1.00[waste heat recovery|whr],V,2,QA conflict resolution,N
S0797,tata,2025,BRSR,"Its IP excellence was further temperature, waste heat availability, process integration, space, and engineering highlighted in the Indian Patent Office's feasibility, the Kraft Block technology was implemented at one of its Sinter Plants Compendium, which showcased at Jamshedpur, accelerating the sintering rate.",model,V,0.5541,S,0.4,vague_adj_ratio=0.00[NONE]; quantifier_count=0.00[NONE]; target_year=0.00[NONE],,,,N
S0798,tata,2025,BRSR,"Centre for Innovation on Environment and Intelligent Manufacturing Monash University and Tata Steel have signed an MoU to establish a Centre for Innovation on Environment and Intelligent Manufacturing, aimed at addressing global challenges such as decarbonisation, sustainable resource recovery, and smart manufacturing technologies.",manual,S,1.00,S,0.566,quantifier_count=0.00[NONE]; target_year=0.00[NONE]; specific_tech=0.00[NONE],S,2,QA conflict resolution,N
S0799,tata,2025,BRSR,"indenting system under its spares, recycling, energy efficiency, and Tata Steel has established a repairs and maintenance programme revenue maximisation across the secure, multi-tenant cloud platform enable notable cost savings.",model,V,0.5690,S,0.4,vague_adj_ratio=0.00[NONE]; quantifier_count=0.00[NONE]; target_year=0.00[NONE],,,,N
S0800,tata,2025,BRSR,Tata Steel Gamharia received Tata Steel actively engaged in meet the operational requirements the prestigious JIPM excellence award learning and sharing best practices of low-emission steel production.,model,V,0.5690,S,0.4,vague_adj_ratio=0.00[NONE]; quantifier_count=0.00[NONE]; target_year=0.00[NONE],,,,N
S0801,tata,2025,BRSR,"118th Year | Integrated Report & Annual Accounts 2024-25 As the Company pursues capacity expansion in India and transitions to low-emission steelmaking in Europe, the strategic pivot demands building project execution capability and increasing workforce productivity, reskilling and upskilling employees in sustainable manufacturing and engaging the workforce through change management.",model,V,0.6423,S,0.471,quantifier_count=0.00[NONE]; target_year=0.00[NONE]; specific_tech=0.00[NONE],,,,N
S0802,tata,2025,BRSR,"Pursuing benchmark productivity India operations Tata Steel Nederland Tata Steel UK In India, to realise the economies of To make its Netherlands In the UK, our human capital scale with the growing capacity, Tata operations more competitive and strategy includes managing large Steel imparted training to over 3,500 efficient, Tata Steel has undertaken scale workforce transition due to the employees in critical areas such as a comprehensive transformation planned shutdown of blast furnaces at Generative AI (Artificial Intelligence), programme built on a multi- Port Talbot, with emphasis on 1,800+ Hydrogen Safety, and Carbon pronged approach of maximising voluntary retirements, redeployment, Capture.",model,V,0.5018,S,0.167,target_year=0.00[NONE]; specific_tech=1.00[blast furnace|port talbot]; vague_adj_ratio=0.06[comprehensive],,,,Y
S0803,tata,2025,BRSR,"In Europe, the emphasis is on a value- accretive transition underpinned by decarbonisation investments, securing Tata Steel AGM 2024 government support for transition funding, and stakeholder alignment.",model,V,0.5690,S,0.4,vague_adj_ratio=0.00[NONE]; quantifier_count=0.00[NONE]; target_year=0.00[NONE],,,,N
S0804,tata,2025,BRSR,"Capability Advancement Programme Meeting with National Financial Reporting Authority and IFRS Foundation officials Government and regulatory bodies As one of India’s oldest industrial industry platforms, and regulatory the transition to low-emission EAF enterprises, Tata Steel has always bodies.",model,V,0.5541,S,0.4,vague_adj_ratio=0.00[NONE]; quantifier_count=0.00[NONE]; target_year=0.00[NONE],,,,N
S0805,tata,2025,BRSR,"The Policy, Vehicle Scrappage Policy, potential employment impacts Company's policy advocacy spans Carbon Credit Trading Scheme and and reskilling needs of the local a wide range of areas — from steel improvements in environmental workforce and supply chain.",model,V,0.5690,S,0.4,vague_adj_ratio=0.00[NONE]; quantifier_count=0.00[NONE]; target_year=0.00[NONE],,,,N
S0806,tata,2025,BRSR,"Company's regular contributions reform, mining and forest clearance In the Netherlands, the Company through European policy forums frameworks, to decarbonisation, green has been actively engaging with continue to shape regulatory clarity hydrogen policies, and carbon trading the Government on the proposed around the Carbon Border Adjustment regulations.",model,V,0.5811,S,0.468,quantifier_count=0.00[NONE]; target_year=0.00[NONE]; specific_tech=0.00[NONE],,,,N
S0807,tata,2025,BRSR,"In the UK, extensive Mechanism (CBAM), Emissions Trading state and national policy dialogues by dialogue with the Government led Systems, and Green Steel Certification engaging with various ministries (Steel, to the announcement of a £1.25 Mechanisms.",model,V,0.5874,S,0.504,quantifier_count=0.00[NONE]; target_year=0.00[NONE]; specific_tech=0.00[NONE],,,,N
S0808,tata,2025,BRSR,"These platforms enables the Company to contribute to sectoral policy shaping, knowledge-sharing, and collective innovation on issues like carbon transition, mining reforms, circular economy, and international trade fairness.",model,V,0.5690,S,0.4,vague_adj_ratio=0.00[NONE]; quantifier_count=0.00[NONE]; target_year=0.00[NONE],,,,N
S0809,tata,2025,BRSR,"Tata Steel also participates in government-constituted working groups and technical committees on decarbonisation pathways, hydrogen usage, and Media interaction on material efficiency.",model,V,0.5690,S,0.4,vague_adj_ratio=0.00[NONE]; quantifier_count=0.00[NONE]; target_year=0.00[NONE],,,,N
S0810,tata,2025,BRSR,"By sharing learnings from its operations, investments, and Founder's Day 2025 community engagement, Tata Steel helps shape the future trajectory of the steel sector and contribute to India’s Net Zero and circular economy goals.",model,V,0.5690,S,0.4,vague_adj_ratio=0.00[NONE]; quantifier_count=0.00[NONE]; target_year=0.00[NONE],,,,N
S0811,tata,2025,BRSR,"Net Zero Tata Steel is committed to responsible environmental stewardship, ensuring optimal use of natural resources while minimising ecological impact.",model,V,0.6144,S,0.72,quantifier_count=0.00[NONE]; target_year=0.00[NONE]; verb_strength=0.15[committed to],,,,N
S0812,tata,2025,BRSR,"118th Year | Integrated Report & Annual Accounts 2024-25 Water Harvesting Park, Noamundi Steelmaking hinges on iron ore, captive mines (Noamundi, Katamati, middlings, tailings, and rejects are coke, and flux as its key raw materials, Joda East, Khondbond, Vijaya II, and repurposed for power generation, with ~60% of its costs incurred till the Koida) and has mining expansion with water recycling ensuring hot metal stage, 70% of which is from plans at Gandhalpada and Kalamang. efficiency.",model,V,0.5259,S,0.133,vague_adj_ratio=0.00[NONE]; target_year=0.00[NONE]; specific_tech=0.00[NONE],,,,Y
S0813,tata,2025,BRSR,"The Company continues to optimise water use through reduction, recovery, recycling, and reuse of treated wastewater across Treated effluents are reused for applications such as coke quenching, slag granulation, sinter/pellet mixing, gas cleaning, horticulture, and dust JN Tata Park, West Bokaro Key initiatives in FY2024-25 Air is crucial for steelmaking – Jamshedpur: Increased processes.",model,V,0.5325,S,0.267,vague_adj_ratio=0.00[NONE]; target_year=0.00[NONE]; verb_strength=0.10[NONE],,,,Y
S0814,tata,2025,BRSR,"It is used in the blast Stack dust emissions recovery of treated water from furnace to burn coke, providing the the township sewage treatment heat needed to melt iron ore and – Jamshedpur: 0.184 kg/tcs plants and Stage 1 Water produce pig iron.",model,V,0.5541,S,0.4,vague_adj_ratio=0.00[NONE]; quantifier_count=0.00[NONE]; target_year=0.00[NONE],,,,N
S0815,tata,2025,BRSR,Enhanced 74% reduction v/s FY2016-17 carbon content.,model,V,0.6313,S,0.733,vague_adj_ratio=1.00[enhanced]; target_year=0.00[NONE]; specific_tech=0.00[NONE],,,,N
S0816,tata,2025,BRSR,"stormwater and treated water recovery at the Common Effluent At the same time, the emissions – Meramandali: 0.459 kg/tcs Treatment Plant from steel works affects the quality 51% reduction since acquisition in of air, a shared resource.",manual,S,1.00,S,0.267,vague_adj_ratio=0.00[NONE]; target_year=0.00[NONE]; specific_tech=0.00[NONE],S,2,QA conflict resolution,N
S0817,tata,2025,BRSR,Tata Steel is FY2018-19 – Meramandali: Replacing conscious of its impact and employs freshwater with treated water advanced air pollution control – Gamharia: 0.981 kg/tcs in the Raw Material Handling technologies and energy-efficient 65% reduction since acquisition in System operations to maintain a healthy FY2019-20 ambient air quality in its communities.,model,V,0.5042,S,0.0,vague_adj_ratio=0.00[NONE]; quantifier_count=1.00[65%|fy2018|fy2019]; target_year=0.00[NONE],,,,Y
S0818,tata,2025,BRSR,"– Gamharia: Automation of Real-time monitoring, along with interlocks at storage sumps for At Tata Steel Nederland, various tracking of absolute emissions and AQI optimised water use upgrades under the Roadmap supports effective emission control.",model,V,0.5690,S,0.4,vague_adj_ratio=0.00[NONE]; quantifier_count=0.00[NONE]; target_year=0.00[NONE],,,,N
S0819,tata,2025,BRSR,Plus programme have reduced – Arresting underground water Reducing fugitive emissions remains environmental impact significantly.,model,V,0.6304,S,0.4,vague_adj_ratio=0.00[NONE]; quantifier_count=0.00[NONE]; target_year=0.00[NONE],,,,N
S0820,tata,2025,BRSR,Significant reductions in stack dust emissions have been Tata Steel Thailand follows a Zero achieved across India operations.,model,V,0.6794,S,0.7,quantifier_count=0.00[NONE]; target_year=0.00[NONE]; specific_tech=0.00[NONE],,,,N
S0821,tata,2025,BRSR,"In October 2024, an 8-metre Discharge approach, treating and high, 1,000-metre windbreaker reusing all wastewater.",model,V,0.5475,S,0.267,vague_adj_ratio=0.00[NONE]; target_year=0.00[NONE]; specific_tech=0.00[NONE],,,,Y
S0822,tata,2025,BRSR,"Over the past was installed to curb dust five years, it has reduced specific water emissions from raw material consumption by 42% across sites— demonstrating strong commitment to storage.",model,V,0.6099,S,0.267,vague_adj_ratio=0.00[NONE]; target_year=0.00[NONE]; specific_tech=0.00[NONE],,,,N
S0823,tata,2025,BRSR,"118th Year | Integrated Report & Annual Accounts 2024-25 Sustaining the Capital While Tata Steel’s operations impact through its Environmental By consistently working towards interact with the environment, availing Policy focused on water, waste, air restoring, replenishing, rejuvenating, renewable and non-renewable emissions, biodiversity, and the recycling and substituting, Tata Steel resources for steel production, the circular economy principles.",model,V,0.5932,S,0.514,quantifier_count=0.00[NONE]; target_year=0.00[NONE]; specific_tech=0.00[NONE],,,,N
S0824,tata,2025,BRSR,"Scrap for steelmaking Solid waste management Biodiversity management By increasing the use of available Aiming for a 100% utilisation of To ensure natural ecosystem health, scrap in the steelmaking process, by-products and zero waste to landfill, Tata Steel has developed Biodiversity Tata Steel reduces the need to extract the Company manages ~18 million Management Plans (BMPs) for raw materials to produce steel.",model,V,0.5409,S,0.193,target_year=0.00[NONE]; specific_tech=0.00[NONE]; vague_adj_ratio=0.10[ensure],,,,Y
S0825,tata,2025,BRSR,"Tata Steel Nederland Steel Nederland aims to raise its Facilities in Jamshedpur, Kalinganagar, implements BMPs using ecological scrap steel usage in its traditional Meramandali, and Gamharia have assessments and biodiversity manufacturing process, from 17% to consistently achieved 100% solid waste sensitivity maps.",model,V,0.5390,S,0.208,target_year=0.00[NONE]; specific_tech=1.00[jamshedpur|kalinganagar]; vague_adj_ratio=0.12[aims],,,,Y
S0826,tata,2025,BRSR,"It also trains staff Ludhiana, the ferrous scrap would be on waste management, offers ‘Cut sourced through the Steel Recycling and Bend’ rebar to reduce on-site Business (SRB).",model,V,0.6304,S,0.4,vague_adj_ratio=0.00[NONE]; quantifier_count=0.00[NONE]; target_year=0.00[NONE],,,,N
S0827,tata,2025,BRSR,"The Company is also waste, and has upgraded processes to adding infrastructure to increase meet new regulations effective from scrap recycling within its traditional November 2023.",model,V,0.6304,S,0.4,vague_adj_ratio=0.00[NONE]; quantifier_count=0.00[NONE]; target_year=0.00[NONE],,,,N
S0828,tata,2025,BRSR,Estimated increase in scrap use at Solid waste utilisation at Tata Steel UK Tata Steel Limited BMPs developed across operations Climate Change Report Steel is vital for sustainable growth but remains a hard-to-abate sector.,model,V,0.5853,S,0.492,quantifier_count=0.00[NONE]; target_year=0.00[NONE]; specific_tech=0.00[NONE],,,,N
S0829,tata,2025,BRSR,"Cleaner alternatives like EAF offer promise, but global efforts must balance technology, resource access, and financial viability to reduce emissions and enable a just and sustainable transition.",manual,S,1.00,S,0.52,quantifier_count=0.00[NONE]; target_year=0.00[NONE]; verb_strength=0.10[NONE],S,2,QA conflict resolution,N
S0830,tata,2025,BRSR,"Key solutions include fiscal support for transitions, clean energy policies, fair carbon pricing, incentives for low-emission steel, regulations for scrap sourcing, and Nature-based Solutions (NbS).",model,V,0.5690,S,0.4,vague_adj_ratio=0.00[NONE]; quantifier_count=0.00[NONE]; target_year=0.00[NONE],,,,N
S0831,tata,2025,BRSR,"Tata Steel recognises the links between climate change, biodiversity Tata Steel Jamshedpur - Topview loss, and resource depletion.",model,V,0.5541,S,0.4,vague_adj_ratio=0.00[NONE]; quantifier_count=0.00[NONE]; target_year=0.00[NONE],,,,N
S0832,tata,2025,BRSR,"Committed to decarbonisation, the Integrating TNFD related dependencies, risks, and Company is transitioning to a 3.2 MTPA Recommendations opportunities for its India operations, electric arc furnace (EAF) in the UK by leveraging third-party analytical tools.",manual,S,1.00,S,0.381,target_year=0.00[NONE]; specific_tech=1.00[electric arc furnace|eaf]; verb_strength=0.15[committed to],S,2,QA conflict resolution,N
S0833,tata,2025,BRSR,"2027, aiming to reduce CO emissions As a member of the Taskforce on by around 50 million tonnes over a Nature-related Financial Disclosures view of climate and nature-related decade while utilising local scrap.",model,V,0.5518,S,0.267,vague_adj_ratio=0.00[NONE]; target_year=0.00[NONE]; specific_tech=0.00[NONE],,,,N
S0834,tata,2025,BRSR,"The Company its disclosures around the four pillars, i.e., Governance, Strategy, Risk biochar usage, enhancing ecosystem has conducted thorough climate-risk Management, and Metrics & Targets, resilience through responsible mining assessments across key steelmaking Tata Steel ensures alignment with and water recycling, investing in NbS, sites, integrating these findings into global best practices.",model,V,0.5785,S,0.514,quantifier_count=0.00[NONE]; target_year=0.00[NONE]; verb_strength=0.15[ensure|ensures],,,,N
S0835,tata,2025,BRSR,"and collaborating with the Dutch its Enterprise Risk Management Government to address CO emissions, framework and assessed nature- community health and other environmental factors.",model,V,0.5690,S,0.4,vague_adj_ratio=0.00[NONE]; quantifier_count=0.00[NONE]; target_year=0.00[NONE],,,,N
S0836,tata,2025,BRSR,"Two Centres of Excellence (CoEs) have been created for GHG Emissions Reduction and Biodiversity Management, with oversight into funding for sustainability-related projects.",model,V,0.5690,S,0.4,vague_adj_ratio=0.00[NONE]; quantifier_count=0.00[NONE]; target_year=0.00[NONE],,,,N
S0837,tata,2025,BRSR,The UK The Netherlands Tata Steel has adopted Tata Steel UK is building a 3.2 MTPA Tata Steel Nederland (TSN) is low-emission steelmaking practices EAF-based steelmaking facility to continuously working with the Dutch such as EAF-based steelmaking and reduce its direct emissions by ~90%.,model,V,0.5108,S,0.133,vague_adj_ratio=0.00[NONE]; target_year=0.00[NONE]; verb_strength=0.10[NONE],,,,Y
S0838,tata,2025,BRSR,government to facilitate its transition use of non-fossil fuel alternatives The project will also bolster steel under the Groen Staal Plan (Green in iron making.,model,V,0.5924,S,0.533,quantifier_count=0.00[NONE]; target_year=0.00[NONE]; specific_tech=0.00[NONE],,,,N
S0839,tata,2025,BRSR,This will be an integrated renewable energy in our power mix.,model,V,0.5690,S,0.4,vague_adj_ratio=0.00[NONE]; quantifier_count=0.00[NONE]; target_year=0.00[NONE],,,,N
S0840,tata,2025,BRSR,"available scrap steel, promoting decarbonisation and environmental The regulatory environment in India is value addition and achieving measures project with specific KPIs changing with the introduction of the benchmark levels of circularity for high on CO , particulate matter, other Carbon Credit Trading Scheme (CCTS) quality steel.",model,V,0.5690,S,0.4,vague_adj_ratio=0.00[NONE]; quantifier_count=0.00[NONE]; target_year=0.00[NONE],,,,N
S0841,tata,2025,BRSR,"emissions and factors considered and Taxonomy of Green Steel, aimed important to the quality of life of the to incentivise decarbonisation.",model,V,0.6421,V,0.8,quantifier_count=0.00[NONE]; target_year=0.00[NONE]; specific_tech=0.00[NONE],,,,N
S0842,tata,2025,BRSR,TSN also supports Company is actively engaging with the decarbonisation journey of regulatory authorities and the Ministry its customers through product of Steel to shape the above policies.,model,V,0.5690,S,0.4,vague_adj_ratio=0.00[NONE]; quantifier_count=0.00[NONE]; target_year=0.00[NONE],,,,N
S0843,tata,2025,BRSR,"innovations such as Zeremis® Carbon Additionally, we have launched India’s Lite and Zeremis® Recycled.",model,V,0.6304,S,0.4,vague_adj_ratio=0.00[NONE]; quantifier_count=0.00[NONE]; target_year=0.00[NONE],,,,N
S0844,tata,2025,BRSR,first Carbon Bank to offer low-emission products to our customers.,model,V,0.5690,S,0.4,vague_adj_ratio=0.00[NONE]; quantifier_count=0.00[NONE]; target_year=0.00[NONE],,,,N
S0845,tata,2025,BRSR,"Climate Change Report Nature-related strategy Tata Steel’s growth and decarbonisation strategy in India is Tata Steel has adopted TNFD’s aligned with India’s overall strategy towards the industry LEAP approach to understand how local regulations and the country’s financial, economic, and nature-related impacts and risks environmental imperatives.",model,V,0.5690,S,0.4,vague_adj_ratio=0.00[NONE]; quantifier_count=0.00[NONE]; target_year=0.00[NONE],,,,N
S0846,tata,2025,BRSR,"We assessed our operations' impacts on nature at The installation and Completely replacing fossil- various levels, identifying key risks and commissioning of a modular based grid power with renewable opportunities and prioritising essential scrap-based EAF plant in energy sources ecosystem services.",model,V,0.5391,S,0.4,vague_adj_ratio=0.00[NONE]; quantifier_count=0.00[NONE]; target_year=0.00[NONE],,,,Y
S0847,tata,2025,BRSR,"This informed Ludhiana, Punjab the establishment of six management Introducing alternative iron- levers and the formulation of time- making technology such as Increasing the proportion of hydrogen and gas-based direct bound sustainability targets, with renewable energy reduced iron (DRI) ongoing monitoring and disclosures aligned with global standards.",model,V,0.6304,S,0.4,vague_adj_ratio=0.00[NONE]; quantifier_count=0.00[NONE]; target_year=0.00[NONE],,,,N
S0848,tata,2025,BRSR,"Incorporating higher scrap in Enhancing gas injection into blast basic oxygen furnace (BOF) furnaces to significantly reduce coal and coke consumption Reducing coal usage by switching to biochar and Ensuring the sustainable production, storage, and utilisation of green hydrogen Collaborating with academic institutions and original Expanding pilot projects for equipment manufacturers Carbon Capture, Utilisation and (OEMs) to pilot new low Technology Readiness Level (TRL) technologies Developing value-added products from captured carbon Continuously optimising the energy and carbon intensity of existing operations Scaling up breakthrough technologies like HIsarna and Solar Plant at Noamundi Mine 118th Year | Integrated Report & Annual Accounts 2024-25 C Risk and impact management Tata Steel uses its Enterprise Risk Management process to manage climate change and nature-related risks across the organisation in an integrated manner.",model,V,0.5481,S,0.45,quantifier_count=0.00[NONE]; target_year=0.00[NONE]; specific_tech=1.00[carbon capture|solar plant],,,,Y
S0849,tata,2025,BRSR,"Solar detailed and systematic assessment light installations in 13 villages and 16 hamlets provide affordable, zero-carbon of the physical and transition risks in a energy.",model,V,0.5690,S,0.4,vague_adj_ratio=0.00[NONE]; quantifier_count=0.00[NONE]; target_year=0.00[NONE],,,,N
S0850,tata,2025,BRSR,"To manage nature-related risk and impact, Tata Steel has taken a pre-emptive approach by deploying six levers: Risk Screening, Third-party Climate and nature-related opportunities for the business Biodiversity Assessment, Ecosystem Services Review, Development of 1.T axonomy of Green Steel and procurement of less CO intensive Biodiversity Management Plan (BMP), products BMP Implementation and Post- The Ministry of Steel, Government of India has introduced the Taxonomy of implementation Assessment tools.",model,V,0.5778,S,0.45,quantifier_count=0.00[NONE]; target_year=0.00[NONE]; specific_tech=0.00[NONE],,,,N
S0851,tata,2025,BRSR,Green Steel classifying steel based on carbon emissions and star ratings from Inability to meet decarbonisation 3 to 5 for products below the 2.2 tCO e/tfs.,model,V,0.5972,V,0.56,quantifier_count=0.00[NONE]; target_year=0.00[NONE]; specific_tech=0.00[NONE],,,,N
S0852,tata,2025,BRSR,"Tata Steel is leveraging this shift by commitments and non-compliance investing in initiatives, such as the EAF plant in Ludhiana, the scrap recycling plant to the CCTS targets pose reputational in Rohtak and various decarbonisation measures.",model,V,0.5541,S,0.4,vague_adj_ratio=0.00[NONE]; quantifier_count=0.00[NONE]; target_year=0.00[NONE],,,,N
S0853,tata,2025,BRSR,"Tata Steel has adopted various 2.Trading of carbon credit certificates mitigation strategies including The Government of India is in the process of developing an Indian Carbon increased use of renewable energy, Market (ICM) to support decarbonisation in hard-to-abate sectors by assigning non-fossil fuel alternatives and a price to greenhouse gas emissions through Carbon Credit Certificates (CCCs).",model,V,0.5690,S,0.4,vague_adj_ratio=0.00[NONE]; quantifier_count=0.00[NONE]; target_year=0.00[NONE],,,,N
S0854,tata,2025,BRSR,"The physical The Bureau of Energy Efficiency (BEE) will set specific reduction targets for climate risk is an emerging risk for the steelmakers, enabling companies that exceed these goals to earn CCCs.",model,V,0.5690,S,0.4,vague_adj_ratio=0.00[NONE]; quantifier_count=0.00[NONE]; target_year=0.00[NONE],,,,N
S0855,tata,2025,BRSR,"These Company and mitigation strategies certificates can then be sold for revenue, encouraging businesses to reduce their are being developed as per the ERM carbon emissions.",model,V,0.5690,S,0.4,vague_adj_ratio=0.00[NONE]; quantifier_count=0.00[NONE]; target_year=0.00[NONE],,,,N
S0856,tata,2025,BRSR,"Climate and nature-related projects beyond its own operations and also participate in the voluntary carbon risks assessed by Tata Steel span across operational, financial, reputational, regulatory, and legal risks.",model,V,0.5690,S,0.4,vague_adj_ratio=0.00[NONE]; quantifier_count=0.00[NONE]; target_year=0.00[NONE],,,,N
S0857,tata,2025,BRSR,3.Catering to the low carbon market economy The EU's Carbon Border Adjustment Mechanism (CBAM) aims to incentivise low-emission steel production through cleaner production practices.,model,V,0.5966,S,0.533,quantifier_count=0.00[NONE]; target_year=0.00[NONE]; specific_tech=0.00[NONE],,,,N
S0858,tata,2025,BRSR,"In deep engagement with the Dutch Government to replace one blast furnace at Furnace IJmuiden, the Netherlands, with DRI-EAF – Construction of a 3.2 MTPA EAF underway at Port Talbot, UK 118th Year | Integrated Report & Annual Accounts 2024-25 D Metrics and targets Tata Steel reports its ESG metrics in alignment with the Business Responsibility & Sustainability Reporting (BRSR) framework issued by SEBI, the Greenhouse Gas Protocol, International Financial Reporting Standards, S2 (IFRS)",model,V,0.5174,S,0.267,vague_adj_ratio=0.00[NONE]; target_year=0.00[NONE]; specific_tech=1.00[blast furnace|eaf|esp],,,,Y
S0859,tata,2025,BRSR,"Metrics Targets Tata Steel reports its ESG disposal, Waste reused, recycled Please refer to the ESG Goals performance through its Business and recovered, Water discharge, section in Tata Steel’s Integrated Responsibility and Sustainability Water withdrawal from water stress Report for FY2024-25.",model,V,0.5954,S,0.267,vague_adj_ratio=0.00[NONE]; target_year=0.00[NONE]; verb_strength=0.85[recycled|recovered],,,,N
S0860,tata,2025,BRSR,"For details, please refer to The environmental metrics Tata Steel’s Integrated Report for include GHG emissions, Non-GHG air FY2024-25.",model,V,0.5475,S,0.267,vague_adj_ratio=0.00[NONE]; target_year=0.00[NONE]; specific_tech=0.00[NONE],,,,Y
S0861,tata,2025,BRSR,"Comparative figures for steelmaking methods at the UK's Tata Steel Limited includes FY2023-24 for Tata Steel Limited have largest steelworks as it transitions its steel plants (TS Jamshedpur, been restated, as applicable, to include to lower emission steel production TS Kalinganagar, TS Meramandali data for these 3 subsidiaries.",model,V,0.5174,S,0.267,vague_adj_ratio=0.00[NONE]; target_year=0.00[NONE]; specific_tech=1.00[jamshedpur|kalinganagar],,,,Y
S0862,tata,2025,BRSR,"The upstream (DRI, Iron & Coke, Ferro (NINL), being functional from transition, backed by a £1.25 billion Alloys, Hooghly Met Coke) and November 2022, has been added investment, aims to enhance downstream units (rolling, tube into the scope of reporting since the UK's low-emission steel making, tinplating, wire drawing, FY2023-24.",manual,S,1.00,S,0.204,target_year=0.00[NONE]; specific_tech=0.00[NONE]; vague_adj_ratio=0.12[aims],S,2,QA conflict resolution,N
S0863,tata,2025,BRSR,"Million Tonnes 0.66 0.95 Tata Steel Nederland Million Tonnes 6.07 6.45 6.16 4.81 6.75 Tata Steel UK Million Tonnes 3.27 3.40 2.93 2.99 1.07 Tata Steel Thailand Million Tonnes 1.09 1.31 1.13 1.12 1.19 Note 1: The production of Tata Steel UK is lower in FY2024-25 due to closure of its legacy steelmaking assets Note 2: The production of Tata Steel Nederland is lower in FY2023-24 due to relining of Blast Furnace 6 CO emissions– Steel plants (WSA worldsteel user guide V9.5, with slag credit)",model,V,0.5108,S,0.133,vague_adj_ratio=0.00[NONE]; target_year=0.00[NONE]; verb_strength=0.10[NONE],,,,Y
S0864,tata,2025,BRSR,Tata Steel Limited@a Scope 1+1.1 Million Tonnes 29.4 46.2 46.3 49.9 51.5# Scope 2 Million Tonnes 1.0 1.7 1.7 1.9 2.1# Scope 3 Million Tonnes -2.0 -3.2 -3.0 -2.9 -2.7# Scope 1+1.1+2+3 Million Tonnes 28.3 44.7 45.0 48.9 51.0 CO emissions intensity tCO/tcs 2.32 2.43 2.38 2.43 2.46# Scope 1+1.1 Million Tonnes 2.4 2.6 Scope 2 Million Tonnes 0.1 0.1 Scope 3 Million Tonnes -0.7 -0.2 Scope 1+1.1+2+3 Million Tonnes 1.8 2.4 CO emissions intensity tCO,model,V,0.5174,S,0.267,vague_adj_ratio=0.00[NONE]; target_year=0.00[NONE]; specific_tech=1.00[scope 1|scope 2|scope 3],,,,Y
S0865,tata,2025,BRSR,Scope 1+1.1 Million Tonnes 10.9 11.6 10.9 8.6 11.3,model,V,0.5325,N,0.0,quantifier_count=0.33[million]; verb_strength=0.05[NONE]; vague_adj_ratio=0.00[NONE],,,,Y
S0866,tata,2025,BRSR,Scope 3 Million Tonnes 0.2 0.3 0.3 -0.2 -0.1,model,V,0.5325,N,0.0,quantifier_count=0.33[million]; verb_strength=0.05[NONE]; vague_adj_ratio=0.00[NONE],,,,Y
S0867,tata,2025,BRSR,Scope 1 +1.1+2+3 Million Tonnes 11.0 11.7 10.9 8.4 11.1 CO emissions intensity tCO/tcs 1.78 1.78 1.78 1.81 1.69 Scope 1+1.1 Million Tonnes 6.2 6.4 5.7 5.5 2.1 Scope 2 Million Tonnes 0.2 0.2 0.2 0.2 0.1 Scope 3 Million Tonnes 0.2 0.2 0.1 0.2 0.1 Scope 1+1.1 + 2+3 Million Tonnes 6.5 6.9 6.0 5.8 2.3 CO emissions intensity tCO/tcs 2.00 2.02 2.05 2.02 2.19,model,V,0.5174,N,0.0,quantifier_count=0.33[million]; verb_strength=0.05[NONE]; vague_adj_ratio=0.00[NONE],,,,Y
S0868,tata,2025,BRSR,Tata Steel Thailand@ Scope 1+1.1 Million Tonnes 0.2 0.2 0.2 0.2 0.2,model,V,0.5325,S,0.267,vague_adj_ratio=0.00[NONE]; target_year=0.00[NONE]; verb_strength=0.10[NONE],,,,Y
S0869,tata,2025,BRSR,Scope 2 Million Tonnes 0.4 0.5 0.4 0.4 0.4 Scope 31.a Million Tonnes 0.1 0.1 0.1 0.1 0.1 Scope 1+1.1+2+31.a Million Tonnes 0.7 0.8 0.7 0.6 0.6 CO emissions intensity1.a tCO/tcs 0.64 0.61 0.59 0.61 0.60 Tata Steel Consolidated (with slag credit) tCO/tcs 2.19 2.19 2.21 2.23 2.22 Note: Scope 1 & 3 CO emissions are assessed based on the actual consumption of resources and generation of saleable co-product/ by-product including slag.,model,V,0.5174,S,0.267,vague_adj_ratio=0.00[NONE]; target_year=0.00[NONE]; specific_tech=1.00[scope 1|scope 2|scope 3],,,,Y
S0870,tata,2025,BRSR,"PIncludes crude steel for India, liquid steel for Tata Steel UK and Tata Steel Nederland, and saleable steel for Tata Steel Thailand operations 1.aEmissions of additional Scope 3 categories included from FY2021-22 onwards @Steelmaking sites @aTS Jamshedpur, TS Kalinganagar for all years reported, TS Meramandali merged in FY2021-22 and TS Gamharia merged in FY2023-24 #KPIs assured by Price Waterhouse & Co Chartered",model,V,0.5594,S,0.133,vague_adj_ratio=0.00[NONE]; target_year=0.00[NONE]; specific_tech=1.00[jamshedpur|kalinganagar|scope 3],,,,N
S0871,tata,2025,BRSR,"Accountants LLP Environmental Social Governance (ESG) Factsheet GHG emissions (based on GHG protocol, in million tCO e)",model,V,0.5690,S,0.4,vague_adj_ratio=0.00[NONE]; quantifier_count=0.00[NONE]; target_year=0.00[NONE],,,,N
S0872,tata,2025,BRSR,Absolute emissions - Scope 21.c Million Tonnes 0.4 0.5 0.5 0.4 0.4,model,V,0.5541,S,0.4,vague_adj_ratio=0.00[NONE]; quantifier_count=0.00[NONE]; target_year=0.00[NONE],,,,N
S0873,tata,2025,BRSR,Absolute emissions - Scope 3 Million Tonnes 0.2 0.2 0.2 0.3 0.1 Total absolute emissions (Scope 1+2+3) Million Tonnes 0.8 0.9 0.8 0.9 0.7 Tata Steel Consolidated (including other entities),model,V,0.5174,S,0.267,vague_adj_ratio=0.00[NONE]; target_year=0.00[NONE]; specific_tech=1.00[scope 1|scope 3],,,,Y
S0874,tata,2025,BRSR,"Absolute emissions - Scope 1 Million Tonnes 66 76 75 77 781.d Absolute emissions - Scope 21.c Million Tonnes 5 5 5 5 61.d Absolute emissions - Scope 3 Million Tonnes 13 14 13 25 291.d,1.e Total absolute emissions (Scope 1+2+3) Million Tonnes 83 94 94 107 1131.d,1.e Total absolute emissions (Scope 1+2) per unit revenue tCoe/Million I 45 33 33 38 36 Note 1: Worldsteel methodology allows credits due to export of various co-products /by-products (incl.",model,V,0.5174,S,0.267,vague_adj_ratio=0.00[NONE]; target_year=0.00[NONE]; specific_tech=1.00[scope 1|scope 2|scope 3],,,,Y
S0875,tata,2025,BRSR,No credits are included in GHG Protocol estimation under Scope 2 and 3.,model,V,0.5541,S,0.4,vague_adj_ratio=0.00[NONE]; quantifier_count=0.00[NONE]; target_year=0.00[NONE],,,,N
S0876,tata,2025,BRSR,"Note 2: Assessment of scope 3 emissions continue to evolve, having high level of uncertainty and are reported based on available information at the time of 1.b Additional Scope 3 emissions assessed since FY2023-24 onwards: (a) Electrical T&D Losses under Scope 3 category 3.",model,V,0.5954,S,0.267,vague_adj_ratio=0.00[NONE]; target_year=0.00[NONE]; verb_strength=0.85[reported],,,,N
S0877,tata,2025,BRSR,"Fuel- and Energy-Related Activities, Not Included in Scope 1 or Scope 2 and (b) Combustion of coal byproducts sold to 3rd party under Scope 3 category 11.",model,V,0.5391,S,0.4,vague_adj_ratio=0.00[NONE]; quantifier_count=0.00[NONE]; target_year=0.00[NONE],,,,Y
S0878,tata,2025,BRSR,Use of Sold Products 1.cScope 2 emissions are based on Location-based emission factor of electricity imported to respective site 1.d Consolidated emissions since FY2023-24 are aggregated based on 'Operational Control' approach (i.e. included full emissions of parent company and subsidiaries irrespective of equity held by Tata Steel Limited).,model,V,0.5174,S,0.267,vague_adj_ratio=0.00[NONE]; target_year=0.00[NONE]; specific_tech=1.00[esp|scope 2],,,,Y
S0879,tata,2025,BRSR,1.e Equity-consolidated emissions of five key joint ventures are included under ‘Investment’ category (Scope 3 as per GHG Protocol Value Chain Standard).,model,V,0.5541,S,0.4,vague_adj_ratio=0.00[NONE]; quantifier_count=0.00[NONE]; target_year=0.00[NONE],,,,N
S0880,tata,2025,BRSR,6.5 5.3# Effluent discharge intensity m3/tcs 0.68 0.52 0.43 0.32 0.26# Fresh water consumption4 Million m3 2.38 2.39 Specific fresh water consumption m3/tcs 3.59 2.52 Effluent discharge volume Million m3 0.05 0.03 Effluent discharge intensity m3/tcs 0.07 0.03 2Calendar year reporting (1 January - 31 December),model,V,0.5475,S,0.267,vague_adj_ratio=0.00[NONE]; target_year=0.00[NONE]; specific_tech=0.00[NONE],,,,Y
S0881,tata,2025,BRSR,"3Historical data revised to exclude fugitive emissions 4Drinking water is not considered in fresh water consumption @Steelmaking sites @aTS Jamshedpur, TS Kalinganagar for all years reported, TS Meramandali merged in FY2021-22 and TS Gamharia merged in FY2023-24 #KPIs assured by Price Waterhouse & Co Chartered",model,V,0.5594,S,0.133,vague_adj_ratio=0.00[NONE]; target_year=0.00[NONE]; specific_tech=1.00[jamshedpur|kalinganagar],,,,N
S0882,tata,2025,BRSR,"Accountants LLP Environmental Social Governance (ESG) Factsheet Tata Steel Nederland@ 4.a Fresh water consumption Million m3 32.3 32.5 32.2 30.4 31.5 Specific fresh water consumption m3/tcs 5.20 4.76 5.21 6.52 4.80 Effluent discharge volume4.b Million m3 184.7 213.5 212.0 32.8 29.0 Effluent discharge intensity m3/tcs 30.44 32.06 34.29 7.04 4.50 Tata Steel UK@ 4.a Fresh water consumption Million m3 28.4 30.8 28.8 35.5 29.8 Specific fresh water consumption m3/tcs 8.73 8.70 9.84 12.26 15.19 Effluent discharge volume Million m3 17.6 21.3 29.4 18.4 15.2 Effluent discharge intensity m3/tcs 5.40 6.02 10.02 6.36 7.39 Note: Fresh water consumption, withdrawal and effluent discharge does not include brackish dock water Tata Steel Thailand@",model,V,0.5690,S,0.4,vague_adj_ratio=0.00[NONE]; quantifier_count=0.00[NONE]; target_year=0.00[NONE],,,,N
S0883,tata,2025,BRSR,Fresh water consumption Million m3 1.7 1.7 1.4 1.3 1.2 Specific fresh water consumption m3/tcs 1.28 1.22 1.09 1.05 1.02 Effluent discharge volume Million m3 - - - - - Effluent discharge intensity m3/tcs - - - - - Note: Tata Steel Thailand is zero effluent discharge (ZED) site Tata Steel Limited@a Solid waste generated Thousand Tonnes,model,V,0.5690,S,0.4,vague_adj_ratio=0.00[NONE]; quantifier_count=0.00[NONE]; target_year=0.00[NONE],,,,N
S0884,tata,2025,BRSR,"5785.d Solid waste sent to landfill / incineration Thousand Tonnes 4 7 6 6 6 Solid waste utilisation % 61 76 98 100 99 4.aNumbers reported since FY2023-24 are based on Financial Year; Previous year numbers were based on Calendar Year 4.bSeawater (215 million m3 in FY2024-25) has been excluded from discharge water aligning with other locations since FY2023-24 5.aSome waste from previous year has been utilised 5.bAll internal arising materials and byproducts have been included since CY2023 5.c Some material from previous years that had been stored on the Port Talbot site that had a previously undetermined destination or use, was utilised for a particular project in early 2022 5.d Blast furnace 5 ceased production in June 2024 and Blast furnace 4 in September 2024 along with Basic Oxygen Steelmaking.",model,V,0.5379,S,0.0,vague_adj_ratio=0.00[NONE]; quantifier_count=1.00[million|fy2023|fy2024]; target_year=0.00[NONE],,,,Y
S0885,tata,2025,BRSR,"Resulting slag production and other recycled or re-used materials were significantly reduced from previous years @Steelmaking sites @aTS Jamshedpur, TS Kalinganagar for all years reported, TS Meramandali merged in FY2021-22 and TS Gamharia merged in FY2023-24 #KPIs assured by Price Waterhouse & Co Chartered Accountants LLP 118th Year | Integrated Report & Annual Accounts 2024-25 Tata Steel Thailand@ Solid waste generated Thousand Tonnes 222 266 254 311 236 Solid waste utilised Thousand Tonnes 221 265 254 311 236 Solid waste sent to landfill / incineration Thousand Tonnes 0.5 0.7 0.4 0.4 0.4",model,V,0.5594,S,0.133,vague_adj_ratio=0.00[NONE]; target_year=0.00[NONE]; specific_tech=1.00[jamshedpur|kalinganagar],,,,N
S0886,tata,2025,BRSR,"Solid waste utilisation % 100 100 100 100 100 Energy intensity Tata Steel Limited@a Energy consumption GJ 44,43,89,343 49,39,97,681 52,90,18,000 # Energy Intensity GJ/tcs 24.11 23.62 23.43 24.55 25.53# Energy consumption GJ 2,26,48,450 2,49,68,000 Energy Intensity GJ/tcs 34.17 26.21 Tata Steel Nederland@ Energy consumption GJ 11,59,18,193 9,47,58,586 12,35,27,000 Energy Intensity GJ/tcs 20.22 20.32 18.82 20.32 18.80 Energy consumption",model,V,0.5042,S,0.0,"vague_adj_ratio=0.00[NONE]; quantifier_count=1.00[,343|,681|,000|,450]; target_year=0.00[NONE]",,,,Y
S0887,tata,2025,BRSR,"Renewable energy Tata Steel Limited@a GJ - - 22,482 51,395 2,50,514# 6a Tata Steel Nederland GJ - - 294 253 236 Tata Steel UK GJ - - 1,59,849 1,73,519 1,81,386 Tata Steel Thailand GJ - - 5,180 5,204 24,1736b Tata Steel Limited Total sites covered under Biodiversity Nos.",model,V,0.5042,S,0.0,"vague_adj_ratio=0.00[NONE]; quantifier_count=1.00[,482|,395|,514|,849]; target_year=0.00[NONE]",,,,Y
S0888,tata,2025,BRSR,"6aTata Steel Limited has signed renewable energy power purchase agreement with Tata Power Company Limited 6bIn FY2024-25 Tata Steel Thailand invested in Solar projects at all 3 sites with total capacity 11 MWp, resulting in significant increase of solar utilisation @Steelmaking sites @aTS Jamshedpur, TS Kalinganagar for all years reported, TS Meramandali merged in FY2021-22 and TS Gamharia merged in FY2023-24 #KPIs assured by Price Waterhouse & Co Chartered",model,V,0.5579,S,0.112,quantifier_count=1.00[mw|fy2024|fy2021|fy2023]; target_year=0.00[NONE]; specific_tech=1.00[jamshedpur|kalinganagar],,,,N
S0889,tata,2026,BRSR,"13.3 Greenhouse Gas (GHG) emission 13.4 Agriculture Indicators explained in SDG1 17.1 Impact ecosystem programmes and organisational systems 17.2 C ollaborations with technology providers, startups, and academia Supporting agriculture and allied activities 119th Year | Integrated Report & Annual Accounts 2025-26 55 Aligned to a dynamic landscape India benefitting from a multi-year demand upcycle India remains one of the most attractive steel markets globally, supported by a ₹143 trillion infrastructure pipeline through 2030.",model,V,0.5541,S,0.4,vague_adj_ratio=0.00[NONE]; quantifier_count=0.00[NONE]; target_year=0.00[NONE],,,,N
S0890,tata,2026,BRSR,"Tata Steel is strengthening its European business through portfolio restructuring and transition towards low-carbon › EUROFER, Economic and Steel Market Outlook 2026-27/Q1 2026 OOuurr SSttrraatteeggyy Green steel transition and decarbonisation Global customers are increasingly prioritising low-carbon supply chains, creating opportunities for green steel producers.",model,V,0.5938,S,0.541,quantifier_count=0.00[NONE]; target_year=0.00[NONE]; specific_tech=0.00[NONE],,,,N
S0891,tata,2026,BRSR,"Tata Steel is pursuing multiple decarbonisation pathways, including EAF-based steelmaking, higher scrap utilisation, renewable energy integration and process efficiency In India, Tata Steel continues to scale energy-efficiency initiatives and optimise raw material usage.",model,V,0.5541,S,0.4,vague_adj_ratio=0.00[NONE]; quantifier_count=0.00[NONE]; target_year=0.00[NONE],,,,N
S0892,tata,2026,BRSR,"In Europe, the Company is restructuring its asset base towards lower- emission steelmaking configurations.",model,V,0.5690,S,0.4,vague_adj_ratio=0.00[NONE]; quantifier_count=0.00[NONE]; target_year=0.00[NONE],,,,N
S0893,tata,2026,BRSR,"Macroeconomic and market risk Mitigation › The Company strengthened its domestic focus During FY2025–26, the global steel industry faced through value-added products, downstream and macroeconomic headwinds from geopolitical tensions, automotive expansion, localisation, and disciplined energy volatility, and regulatory pressures like EU CBAM cost management, enhancing resilience and margins along with weak Chinese domestic demand, resulting in continued high exports and increased price pressure.",model,V,0.5475,S,0.267,vague_adj_ratio=0.00[NONE]; target_year=0.00[NONE]; specific_tech=0.00[NONE],,,,Y
S0894,tata,2026,BRSR,"risks and regulatory changes TSN and TSUK face increasingly strict climate change › TSN and TSUK manage evolving regulations, pursue regulations and ongoing US tariffs, elevating compliance low-carbon transitions, coordinate with EUROFER and market-access challenges, whereas TSTH faces the on trade defence, and track policy shifts amid global risk of Anti-Dumping/Anti-Circumvention non-renewal.",model,V,0.5788,S,0.456,quantifier_count=0.00[NONE]; target_year=0.00[NONE]; specific_tech=0.00[NONE],,,,N
S0895,tata,2026,BRSR,"decarbonisation plan › TSUK is mitigating operational risks by integrating best practices in asset management and improving Tata Steel aims to scale capacity in India sustainably › Prioritise robust cash generation, working capital while transitioning its overseas operations towards optimisation, onshoring of foreign currency debt and low-emission EAF-based steelmaking, a shift that entails continuous cost improvement across geographies substantial investment.",model,V,0.5672,S,0.45,quantifier_count=0.00[NONE]; target_year=0.00[NONE]; vague_adj_ratio=0.08[aims],,,,N
S0896,tata,2026,BRSR,"An identity, entitlement enablement, climate-resilient inability to address these expectations may lead to loss of livelihoods, water, sports inclusion, and disability support the social licence to operate and penalties.",model,V,0.5690,S,0.4,vague_adj_ratio=0.00[NONE]; quantifier_count=0.00[NONE]; target_year=0.00[NONE],,,,N
S0897,tata,2026,BRSR,"Tata Steel is, thus, moving beyond traditional regulatory adherence to position ethical governance as a cornerstone of its sustainability and decarbonisation journey.",model,V,0.5690,S,0.4,vague_adj_ratio=0.00[NONE]; quantifier_count=0.00[NONE]; target_year=0.00[NONE],,,,N
S0898,tata,2026,BRSR,"Born from innovation at our IJmuiden plant in the Netherlands, HIsarna is a game-changer, slashing CO emissions and eliminating energy-intensive steps like coking.",model,V,0.5541,S,0.4,vague_adj_ratio=0.00[NONE]; quantifier_count=0.00[NONE]; target_year=0.00[NONE],,,,N
S0899,tata,2026,BRSR,"This dual focus underscores Tata Steel's unwavering commitment to decarbonisation, actively forging a sustainable steel industry for generations 119th Year | Integrated Report & Annual Accounts 2025-26 65 Collaborating for shared success Tata Steel’s engagement with stakeholders is central to its long-term strategy.",model,V,0.5954,S,0.55,quantifier_count=0.00[NONE]; target_year=0.00[NONE]; specific_tech=0.00[NONE],,,,N
S0900,tata,2026,BRSR,Investors and Lenders Consistent returns on investments Investors and lenders build via capacity expansion and shift relationships providing financial toward low-emission steel; improved capital essential for growth and transparency and reliability in financial transition to a sustainable and non-financial reporting.,manual,S,1.00,V,0.572,quantifier_count=0.00[NONE]; target_year=0.00[NONE]; specific_tech=0.00[NONE],S,2,QA conflict resolution,N
S0901,tata,2026,BRSR,"The risks arising out of material issues are assessed as per the organisation’s Enterprise Risk Management process Stakeholder Engagement and Materiality High priority materiality issues on a consolidated basis Impact Materiality G reenhouse Gas Emissions O ccupational R &D/Technology, Product and and Climate Change Management Health and Safety Process Innovation C ircular Economy/ E mployee Well-being and 2 8 11 S upply Chain Sustainability Recycling of By-products Development W ater Consumption C ommunity Support and 12 C orporate Governance and Effluent Discharge Building Thriving Communities B usiness Ethics, Integrity E nergy Efficiency/Energy 13 A ir Pollution/Air Quality 14 S takeholder Engagement 15 R isk Management Financial Capital Manufactured Capital Intellectual Capital Human Capital Social and Relationship Capital Natural Capital Environment | Social | Governance 119th Year | Integrated Report & Annual Accounts 2025-26 71 Integration of materiality assessment results into the ERM Framework: All 15 ESG issues identified are mapped to the framework, ensuring that key sustainability concerns are effectively integrated.",model,V,0.5541,S,0.4,vague_adj_ratio=0.00[NONE]; quantifier_count=0.00[NONE]; target_year=0.00[NONE],,,,N
S0902,tata,2026,BRSR,"Approach KPIs Capital linkages GHG Emissions and Climate Change Management For details, please refer to the Climate Change report › GHG Emissions – Scope 1, Scope 2, and Scope 3 › Emission intensity per tonne of crude steel Circular Economy/Recycling of By-products Tata Steel follows two approaches for value creation › Total steel scrap recycled from waste and by-products: (internal and external)",model,V,0.6018,S,0.4,vague_adj_ratio=0.00[NONE]; quantifier_count=0.00[NONE]; target_year=0.00[NONE],,,,N
S0903,tata,2026,BRSR,Maximise the usage of scrap in steelmaking › Total solid waste › Maximise revenue from sale of by-products generated › Total solid waste utilised Water Consumption and Effluent Discharge ›,model,V,0.5690,S,0.4,vague_adj_ratio=0.00[NONE]; quantifier_count=0.00[NONE]; target_year=0.00[NONE],,,,N
S0904,tata,2026,BRSR,"The Company actively implements the 4R principle › Total fresh water (Reduce, Reuse, Recycle and Recover) to reduce its consumption water footprint across multiple locations › Total effluent discharge › Tata Steel is also exploring other sources of water volume to replace freshwater and remains dedicated to replenishing the water sources Energy Efficiency/Energy Management › Tata Steel strives to ensure energy efficiency in all its › Total energy consumption areas of operations by reducing energy consumption, › Specific energy recovering and reusing waste heat, and increasing consumption renewable energy mix › Renewable energy Air Pollution/Air Quality Management › Tata Steel frequently upgrades its pollution control › Stack SOx emission equipment to assess and manage its air emissions to › Stack NOx emission ensure a healthy air quality › Stack dust emission Financial implication:",model,V,0.5871,S,0.479,quantifier_count=0.00[NONE]; target_year=0.00[NONE]; specific_tech=0.00[NONE],,,,N
S0905,tata,2026,BRSR,"› Total number of patents is actively engaged in the development and pilot of filed and granted various low CO steelmaking technologies › Total number of new products developed Supply Chain Sustainability › Tata Steel's Responsible Supply Chain Policy integrates › Scope 3 emissions sustainability within its supply chain, by setting › Active supplier base, local assessment standards and mandating trainings for the suppliers – no. and volume supply chain partners › Affirmative Action › Various measures have also been taken to reduce suppliers – no. and volume Scope 3 emissions › Supplier assessments, supplier awareness and › No. of shipments using alternative fuels Corporate Governance › Tata Steel has established a solid foundation › Board/Committee for corporate governance, guided by an active, governance disclosures knowledgeable, and independent Board, along with and reporting various Board Committees › Ethics and compliance ›",model,V,0.5437,S,0.426,quantifier_count=0.00[NONE]; target_year=0.00[NONE]; specific_tech=1.00[esp|scope 3],,,,Y
S0906,tata,2026,BRSR,"119th Year | Integrated Report & Annual Accounts 2025-26 79 Delivering sustained value to stakeholders Capital allocation In the UK, the Company has progressed its transition to low-emission steelmaking at Port Talbot with the execution of Capital allocation remained aligned with the Company’s the 3.2 MTPA EAF project underway.",model,V,0.5808,S,0.267,vague_adj_ratio=0.00[NONE]; target_year=0.00[NONE]; specific_tech=1.00[eaf|port talbot],,,,N
S0907,tata,2026,BRSR,"strengthening raw-material and supply-chain security, and advancing Europe’s decarbonisation pathway in a Tata Steel continues to deliver sustained value to phased manner.",model,V,0.5690,S,0.4,vague_adj_ratio=0.00[NONE]; quantifier_count=0.00[NONE]; target_year=0.00[NONE],,,,N
S0908,tata,2026,BRSR,"Letter of Intent (JLoI) with the Government of the Netherlands and the Province of North-Holland, outlining a collaborative As a result, the Company reported Net Debt of ₹80,144 approach on the Integrated Decarbonisation and Health crore, as on March 31, 2026.",model,V,0.6099,S,0.267,vague_adj_ratio=0.00[NONE]; target_year=0.00[NONE]; specific_tech=0.00[NONE],,,,N
S0909,tata,2026,BRSR,"Investments in low-emission technologies, including HIsarna and EAF-based steelmaking, are expected to further improve long-term capital efficiency and sustainability.",model,V,0.5825,S,0.56,quantifier_count=0.00[NONE]; target_year=0.00[NONE]; verb_strength=0.10[NONE],,,,N
S0910,tata,2026,BRSR,"Tarapur-a first-of-its-kind facility in India, boosting the value-added portfolio and supporting import › Aquisition of Vattenfall power plants located in the IJmond region of the Netherlands, securing energy integration and supporting TSN's › Phase 1 expansion of Tinplate from 0.4 to 0.7 transition to low-emission steel production.",model,V,0.5690,S,0.4,vague_adj_ratio=0.00[NONE]; quantifier_count=0.00[NONE]; target_year=0.00[NONE],,,,N
S0911,tata,2026,BRSR,"A decade of excellence Operational efficiency Sustainability initiatives At Kalinganagar, several units achieved their highest-ever Tata Steel continues to progress on decarbonising its value production, supported by ramp-up of new assets and chain through circularity and resource optimisation.",model,V,0.6162,S,0.4,vague_adj_ratio=0.00[NONE]; quantifier_count=0.00[NONE]; target_year=0.00[NONE],,,,N
S0912,tata,2026,BRSR,"coke, alongside improvements in fuel efficiency and raw Environmental efforts are strengthened through zero effluent material optimisation.",model,V,0.5690,S,0.4,vague_adj_ratio=0.00[NONE]; quantifier_count=0.00[NONE]; target_year=0.00[NONE],,,,N
S0913,tata,2026,BRSR,"discharge initiatives, lower water use, extensive afforestation, and 59 MWp of rooftop and floating solar installations across Process innovations, such as advanced automation, predictive Jamshedpur and Kalinganagar plants.",model,V,0.5174,S,0.267,vague_adj_ratio=0.00[NONE]; target_year=0.00[NONE]; specific_tech=1.00[jamshedpur|kalinganagar],,,,Y
S0914,tata,2026,BRSR,"The Company is also advancing low-emission logistics, At Kalinganagar, the development of high-strength including biofuel-based maritime shipments and deployment automotive steels and coated products enhances the of alternative fuel vehicles, strengthening the sustainability of Company’s position in premium segments.",model,V,0.5541,S,0.4,vague_adj_ratio=0.00[NONE]; quantifier_count=0.00[NONE]; target_year=0.00[NONE],,,,N
S0915,tata,2026,BRSR,"Global operations, including TSN Zeremis® Delivered, a low-emission logistics solution, helping and TSUK, continue to focus on producing differentiated flat customers achieve their sustainability goals.",model,V,0.5943,S,0.52,quantifier_count=0.00[NONE]; target_year=0.00[NONE]; specific_tech=0.00[NONE],,,,N
S0916,tata,2026,BRSR,"Investments in downstream capabilities, such as galvanising lines and cold rolling facilities, have enabled the production of advanced grades, including TSUK introduced Catnic SolarSeam®, an innovative bonded AHSS for automotive applications, shipbuilding grades, photovoltaic solution that delivers efficient renewable energy API-grade steels, and specialised coated products.",model,V,0.5690,S,0.4,vague_adj_ratio=0.00[NONE]; quantifier_count=0.00[NONE]; target_year=0.00[NONE],,,,N
S0917,tata,2026,BRSR,Adopting cutting-edge technology Tata Steel’s Net Zero by 2045 ambition is driven by innovation-led transformation across its value chain.,model,V,0.5408,S,0.267,vague_adj_ratio=0.00[NONE]; target_year=1.00[|net zero by 2045]; specific_tech=0.00[NONE],,,,Y
S0918,tata,2026,BRSR,"Central to this are two breakthrough ironmaking technologies — HIsarna, a patented Tata Steel innovation, with industrial-scale demonstration planned at Jamshedpur, that enables the use of domestic coal and low-grade iron ore with significantly lower emissions, and EASyMelt, which can cut coke use and CO₂ emissions by up to 50%.",model,V,0.5954,S,0.267,vague_adj_ratio=0.00[NONE]; target_year=0.00[NONE]; verb_strength=0.85[cut],,,,N
S0919,tata,2026,BRSR,"TSN's advanced packaging steel line and Tata Steel’s MoU with the University of Science and Technology Beijing further reinforce its commitment to sustainable, recyclable, and future-ready steel Global partnerships further accelerate decarbonisation, including Indo-Sweden–funded initiatives such as MiCOBlast to valorise blast furnace off-gases using microwave plasma and Steel Slag Reborn to recover metallic value from slag while converting residues into sustainable cement inputs.",model,V,0.5621,S,0.445,quantifier_count=0.00[NONE]; target_year=0.00[NONE]; vague_adj_ratio=0.07[sustainable],,,,N
S0920,tata,2026,BRSR,"Operational innovations—such as thermal energy storage with Kraftblock, biofuel injection in blast Tata Steel Group furnaces, and patented coal-combustibility solutions—deliver tangible emissions reductions.",model,V,0.5690,S,0.4,vague_adj_ratio=0.00[NONE]; quantifier_count=0.00[NONE]; target_year=0.00[NONE],,,,N
S0921,tata,2026,BRSR,"These efforts are supported by strong IP stewardship, reflected in Tata Steel’s recognition as Asia at Tata InnoVista 2025 Tata Steel Limited Gold Category Award at 50th International Convention on Quality Control Circles, Taipei Tata Steel Nederland Supplier Excellence Award at Hisense Europe Tata Steel has been awarded funding under the Indo-Sweden Industry Tata Steel UK - Trostre Transition Partnership (ITP) for two collaborative projects focused on accelerating decarbonisation in the steel and cement sectors Highest Food Packaging Safety Rating (Third Consecutive) at BRCGS (Brand Reputation through Compliance Global Standards) Tata Steel UK - Catnic.com Best Online Platform Award at Construction Marketing Awards 2025 Tata Steel Thailand Partnership with SMS Group for the EASyMelt technology at Thailand Kaizen 2025 119th Year | Integrated Report & Annual Accounts 2025-26 87 Performance improvement Key Improvements for FY2025-26 Tata Steel Limited's Shikhar25 initiative identifies and accelerates improvements in projects related to operational excellence and cost optimisation across the value chain.",model,V,0.5808,S,0.288,target_year=0.00[NONE]; specific_tech=0.00[NONE]; vague_adj_ratio=0.04[focused on],,,,N
S0922,tata,2026,BRSR,"Multiskill Leadership Development Programme (GLDP) enable future working arrangements delivered efficiency gains and reduced ready, decarbonised operations.",model,V,0.6304,S,0.4,vague_adj_ratio=0.00[NONE]; quantifier_count=0.00[NONE]; target_year=0.00[NONE],,,,N
S0923,tata,2026,BRSR,"Environmental and than ₹601 crore in public entitlements related to social climate linked community programmes created large scale protection, housing, financial inclusion, and livelihoods.",model,V,0.5475,S,0.267,vague_adj_ratio=0.00[NONE]; target_year=0.00[NONE]; specific_tech=0.00[NONE],,,,Y
S0924,tata,2026,BRSR,"Gram water storage and strengthened drinking water infrastructure Panchayat Development Plans aligned to localised SDGs were for nearly 2 lakh people, alongside biodiversity and native implemented across villages, accompanied by regular Gram species conservation initiatives.",model,V,0.5475,S,0.267,vague_adj_ratio=0.00[NONE]; target_year=0.00[NONE]; specific_tech=0.00[NONE],,,,Y
S0925,tata,2026,BRSR,a value accretive transition through decarbonisation investments and progress on government-supported funding.,model,V,0.5690,S,0.4,vague_adj_ratio=0.00[NONE]; quantifier_count=0.00[NONE]; target_year=0.00[NONE],,,,N
S0926,tata,2026,BRSR,"Engagements also emphasised sustainability and circularity, including Supplier engagement was further deepened through India’s emerging Carbon Credit Trading Scheme, platforms such as Supplier Relationship Management, sustainable logistics solutions such as slurry pipelines Vendor Partner Connect, Vendor Capability Advancement and inland waterways, and improved steel scrap Programme, Annual Supplier Meets, Technology Day, and availability.",model,V,0.5878,S,0.507,quantifier_count=0.00[NONE]; target_year=0.00[NONE]; specific_tech=0.00[NONE],,,,N
S0927,tata,2026,BRSR,progressed on regulatory alignment and an optimal agreement to enable decarbonisation.,model,V,0.5690,S,0.4,vague_adj_ratio=0.00[NONE]; quantifier_count=0.00[NONE]; target_year=0.00[NONE],,,,N
S0928,tata,2026,BRSR,"In the UK, the transition to low-emission steel is progressing TSN engages local stakeholders to address environmental in close coordination with unions, communities, and and social impacts, implement nuisance reduction government, supported by reskilling, redeployment, and measures, and collaborate on the transition to outplacement initiatives.",model,V,0.5690,S,0.4,vague_adj_ratio=0.00[NONE]; quantifier_count=0.00[NONE]; target_year=0.00[NONE],,,,N
S0929,tata,2026,BRSR,low-emission steel in the IJmond region.,model,V,0.5690,S,0.4,vague_adj_ratio=0.00[NONE]; quantifier_count=0.00[NONE]; target_year=0.00[NONE],,,,N
S0930,tata,2026,BRSR,"In the UK, our social collaborate on low-carbon steelmaking technologies.",model,V,0.6514,V,0.88,quantifier_count=0.00[NONE]; target_year=0.00[NONE]; specific_tech=0.00[NONE],,,,N
S0931,tata,2026,BRSR,"Coal, a key cost and carbon resource security, environmental efficiency, circularity, driver, is managed through a combination of captive mining and regulatory compliance.",model,V,0.5690,S,0.4,vague_adj_ratio=0.00[NONE]; quantifier_count=0.00[NONE]; target_year=0.00[NONE],,,,N
S0932,tata,2026,BRSR,Iron ore requirements met through captive 119th Year | Integrated Report & Annual Accounts 2025-26 103 Air quality management is closely linked to Tata Steel’s broader decarbonisation journey.,model,V,0.5690,S,0.4,vague_adj_ratio=0.00[NONE]; quantifier_count=0.00[NONE]; target_year=0.00[NONE],,,,N
S0933,tata,2026,BRSR,"The Company has implemented continuous emission monitoring systems, source apportionment studies, and advanced pollution control technologies to reduce its environmental footprint.",model,V,0.5690,S,0.4,vague_adj_ratio=0.00[NONE]; quantifier_count=0.00[NONE]; target_year=0.00[NONE],,,,N
S0934,tata,2026,BRSR,"Across India operations, these efforts have resulted in sustained reductions in stack dust emissions over time.",model,V,0.5690,S,0.4,vague_adj_ratio=0.00[NONE]; quantifier_count=0.00[NONE]; target_year=0.00[NONE],,,,N
S0935,tata,2026,BRSR,"In Europe, TSN has achieved a ~41% reduction in PM₁₀ emissions compared to 2019 levels, alongside significant improvements in odour control through targeted interventions.",model,V,0.6671,S,0.609,target_year=0.00[NONE]; specific_tech=0.00[NONE]; verb_strength=0.85[achieved],,,,N
S0936,tata,2026,BRSR,"Technological upgrades are expected to deliver further gains: the DeNOx installation at the pellet plant is designed to reduce NOx emissions by ~80%, while the transition to EAF- based steelmaking in the UK is projected to achieve an over 80% reduction in nitrogen emissions and ~90% reduction in particulate emissions from chimneys.",model,V,0.5108,S,0.133,vague_adj_ratio=0.00[NONE]; target_year=0.00[NONE]; verb_strength=0.10[NONE],,,,Y
S0937,tata,2026,BRSR,"Guided by its Environmental Policy, Central Effluent Treatment Plant, Tata Steel Kalinganagar which focuses on water, waste, air emissions, biodiversity, and circular economy principles, Tata Steel strives to Water minimise its environmental footprint.",model,V,0.5747,S,0.492,quantifier_count=0.00[NONE]; target_year=0.00[NONE]; verb_strength=0.15[strive|strives],,,,N
S0938,tata,2026,BRSR,"All sites are certified to ISO 14001:2015, reinforcing a culture of continuous Water stewardship is central to maintaining operational improvement and environmental accountability.",model,V,0.6162,S,0.4,vague_adj_ratio=0.00[NONE]; quantifier_count=0.00[NONE]; target_year=0.00[NONE],,,,N
S0939,tata,2026,BRSR,"The Company sustained efforts in restoring, replenishing, rejuvenating, follows a structured 4R approach — Reduce, Reuse, Recycle, recycling, and substituting resources, Tata Steel is committed and Recover — supported by continuous investments in to preserving the long-term sustainability of these critical water efficiency and recycling systems.",model,V,0.5822,S,0.475,quantifier_count=0.00[NONE]; target_year=0.00[NONE]; specific_tech=0.00[NONE],,,,N
S0940,tata,2026,BRSR,"initiatives such as the commissioning of the Biological Oxidation Tertiary Treatment Plant at Jamshedpur and the Central Effluent Treatment Plant at Kalinganagar, alongside the implementation of Zero Effluent Discharge systems at Meramandali, have strengthened water recovery and reuse.",model,V,0.5391,S,0.4,vague_adj_ratio=0.00[NONE]; quantifier_count=0.00[NONE]; target_year=0.00[NONE],,,,Y
S0941,tata,2026,BRSR,This integrated Tata Steel Thailand selected as a participating organisation to implement approach mitigates water stress risks while enabling and calculate embedded emissions in accordance with EU guidelines.,model,V,0.5690,S,0.4,vague_adj_ratio=0.00[NONE]; quantifier_count=0.00[NONE]; target_year=0.00[NONE],,,,N
S0942,tata,2026,BRSR,"A key pillar of Tata Steel’s transition towards sustainable Internationally, Tata Steel’s Shotton site in the UK has achieved steelmaking is the increased use of scrap, which reduces the Biodiversity Benchmark certification, reflecting best-in-class dependence on virgin raw materials and lowers carbon land stewardship practices.",model,V,0.6434,S,0.477,quantifier_count=0.00[NONE]; target_year=0.00[NONE]; specific_tech=0.00[NONE],,,,N
S0943,tata,2026,BRSR,"Branded products such as Tata Aggreto, Tata demonstrate a structural shift toward circular steelmaking, Nirman, and Tata Dureco enable the productive use of slag and aligning resource efficiency with decarbonisation objectives.",model,V,0.5690,S,0.4,vague_adj_ratio=0.00[NONE]; quantifier_count=0.00[NONE]; target_year=0.00[NONE],,,,N
S0944,tata,2026,BRSR,"Internally, ~2,000 KT of scrap is recycled each year, reinforcing Biodiversity Management circularity within operations.",model,V,0.5890,S,0.133,vague_adj_ratio=0.00[NONE]; target_year=0.00[NONE]; specific_tech=0.00[NONE],,,,N
S0945,tata,2026,BRSR,"In the UK, waste management performance shows guided by science-based frameworks and global standards, 90–96% recycling efficiency, supported by integrated material including alignment with the Taskforce on Nature-related management strategies and a focus on achieving zero waste to Financial Disclosures (TNFD).",model,V,0.5660,S,0.347,target_year=0.00[NONE]; specific_tech=0.00[NONE]; vague_adj_ratio=0.13[focus on],,,,N
S0946,tata,2026,BRSR,"The Sukinda Ecorace Tasar silkworm construction materials, and carbon sequestration solutions.",model,V,0.5690,S,0.4,vague_adj_ratio=0.00[NONE]; quantifier_count=0.00[NONE]; target_year=0.00[NONE],,,,N
S0947,tata,2026,BRSR,"Biodiversity Park at Meramandali and a 12-hectare ecological park at Jamshedpur, alongside afforestation, mine reclamation, 119th Year | Integrated Report & Annual Accounts 2025-26 105 Steel is essential for growth but is a high-emissions sector.",model,V,0.5541,S,0.4,vague_adj_ratio=0.00[NONE]; quantifier_count=0.00[NONE]; target_year=0.00[NONE],,,,N
S0948,tata,2026,BRSR,"However, it remains a hard-to-abate sector, accounting for 7–9% of global GHG",model,V,0.5475,S,0.267,vague_adj_ratio=0.00[NONE]; target_year=0.00[NONE]; specific_tech=0.00[NONE],,,,Y
S0949,tata,2026,BRSR,"As a member of the Taskforce on Nature-related Financial emissions, largely due to the continued reliance on the coal- Disclosures (TNFD), Tata Steel has actively contributed to the intensive blast furnace–basic oxygen furnace route for nearly development of the framework and is now among the early 70% of production.",model,V,0.5325,S,0.267,vague_adj_ratio=0.00[NONE]; target_year=0.00[NONE]; verb_strength=0.10[NONE],,,,Y
S0950,tata,2026,BRSR,"While the scrap-based electric arc furnace adopters of its recommendations, integrating them with the pathway offers significantly lower emissions (~20–25% of TCFD.",model,V,0.5174,S,0.267,vague_adj_ratio=0.00[NONE]; target_year=0.00[NONE]; specific_tech=1.00[electric arc furnace|tcfd],,,,Y
S0951,tata,2026,BRSR,"assessments across its key steelmaking sites, embedding Although decarbonisation of steelmaking is essential for the outcomes into its ERM framework.",model,V,0.5690,S,0.4,vague_adj_ratio=0.00[NONE]; quantifier_count=0.00[NONE]; target_year=0.00[NONE],,,,N
S0952,tata,2026,BRSR,"In parallel, Tata achieving global climate goals, efforts are constrained by high Steel has undertaken a detailed assessment of nature- energy costs, limited access to clean power, scaling challenges related dependencies, risks, and opportunities for its India in new process routes and lack of maturity in policymaking.",model,V,0.5690,S,0.4,vague_adj_ratio=0.00[NONE]; quantifier_count=0.00[NONE]; target_year=0.00[NONE],,,,N
S0953,tata,2026,BRSR,"Tata Steel integrates ESG principles into its core strategy Notably, Tata Steel published its first standalone TNFD Report and, aligned with the Tata Group’s Project Aalingana, has in 2025, marking a significant milestone in its journey towards committed to Net Zero emissions by 2045.",model,V,0.5612,S,0.515,specific_tech=0.00[NONE]; verb_strength=0.15[committed to]; quantifier_count=0.33[by 2045],,,,N
S0954,tata,2026,BRSR,"requires collaborative action across stakeholders, supportive policies, robust carbon pricing frameworks, stronger demand This report presents a holistic view of both climate and for green steel and affordable clean energy access.",manual,V,1.00,V,0.585,quantifier_count=0.00[NONE]; target_year=0.00[NONE]; specific_tech=0.00[NONE],V,2,QA conflict resolution,N
S0955,tata,2026,BRSR,"By structuring its disclosures around the four core pillars — Governance, Net Zero Strategy, Risk Management, and Metrics & Targets — Tata Steel demonstrates strong alignment with global best practices and reinforces its commitment to transparent and Emissions by 2045 for Tata Steel Group sustainable value creation.",model,V,0.5258,S,0.342,specific_tech=0.00[NONE]; verb_strength=0.10[NONE]; vague_adj_ratio=0.12[sustainable],,,,Y
S0956,tata,2026,BRSR,"J N Tata Park, West Bokaro Governance Strategy Tata Steel has embedded robust governance to drive its While the Company is guided by a long-term ambition climate change agenda, aligned with its strategic goal of achieving Net Zero emissions by 2045, the approach of Industry leadership in ESG.",model,V,0.5262,S,0.344,specific_tech=0.00[NONE]; verb_strength=0.10[NONE]; vague_adj_ratio=0.13[long-term],,,,Y
S0957,tata,2026,BRSR,"Oversight is provided and the pace of decarbonisation in each geography is by Board-level committees, including the CSR & influenced by local contexts.",model,V,0.5690,S,0.4,vague_adj_ratio=0.00[NONE]; quantifier_count=0.00[NONE]; target_year=0.00[NONE],,,,N
S0958,tata,2026,BRSR,"Apex Management Committees and customers’ readiness to pay a premium for chaired by the CEO & MD support strategic planning, risk low-emission steel.",model,V,0.5690,S,0.4,vague_adj_ratio=0.00[NONE]; quantifier_count=0.00[NONE]; target_year=0.00[NONE],,,,N
S0959,tata,2026,BRSR,"These factors influence technology choices, investment Cross-functional Centres of Excellence for GHG Emissions sequencing and the pace of transformation, resulting Reduction and Biodiversity Management guide in differentiated strategies that still align with Tata implementation.",model,V,0.5690,S,0.4,vague_adj_ratio=0.00[NONE]; quantifier_count=0.00[NONE]; target_year=0.00[NONE],,,,N
S0960,tata,2026,BRSR,"Together these considerations, Performance) in Technology programme institutionalises combined with Tata Steel’s technology-led project execution, ensuring prioritisation of critical decarbonisation roadmap, will shape the Company’s sustainability initiatives aligned with the Net Zero transition to a low-carbon future across India, the UK, the ambition.",model,V,0.6426,S,0.473,quantifier_count=0.00[NONE]; target_year=0.00[NONE]; specific_tech=0.00[NONE],,,,N
S0961,tata,2026,BRSR,The to increase renewable energy share from 2.4% (in FY2025-26) National Steel Policy envisions capacity reaching 400 MTPA to 6.4% by FY2026–27.,model,S,0.5312,S,0.0,vague_adj_ratio=0.00[NONE]; quantifier_count=1.00[2.4%|6.4%|mt|fy2025]; specific_tech=0.00[NONE],,,,Y
S0962,tata,2026,BRSR,"Additional measures include piloting by FY2035-36, with demand expected to grow four to five the use of plant-based biochar to partially substitute fossil times by mid-century, driven by infrastructure expansion fuels in blast furnaces at Jamshedpur and Meramandali. and industrialisation.",model,S,0.5180,S,0.267,vague_adj_ratio=0.00[NONE]; specific_tech=1.00[blast furnace|jamshedpur]; verb_strength=0.10[NONE],,,,Y
S0963,tata,2026,BRSR,"While this growth is critical for national To enable deep decarbonisation over the long term, development, it also presents significant decarbonisation Tata Steel is advancing first-of-its-kind technologies in challenges, as the sector continues to be dominated by fossil India aimed at transforming the ironmaking process.",model,V,0.6253,V,0.7,quantifier_count=0.00[NONE]; target_year=0.00[NONE]; specific_tech=0.00[NONE],,,,N
S0964,tata,2026,BRSR,"Limited availability of cost-competitive gas-based, plasma-assisted melter capable of reducing CO₂ transition fuels such as natural gas restricts the scalability emissions by over 50% compared to conventional routes.",model,V,0.5475,S,0.267,vague_adj_ratio=0.00[NONE]; target_year=0.00[NONE]; specific_tech=0.00[NONE],,,,Y
S0965,tata,2026,BRSR,"At through a proposed 1 MTPA demonstration plant at the same time, most near-zero emission technologies are still Jamshedpur.",model,V,0.5325,S,0.267,vague_adj_ratio=0.00[NONE]; target_year=0.00[NONE]; verb_strength=0.10[NONE],,,,Y
S0966,tata,2026,BRSR,"driving change such as the Carbon Credit Trading Scheme By combining a high-temperature melting cyclone with a (CCTS) and the emerging Green Steel Taxonomy are at smelting vessel, it allows ore to be melted and reduced in inception stage.",model,V,0.6464,S,0.496,quantifier_count=0.00[NONE]; target_year=0.00[NONE]; specific_tech=0.00[NONE],,,,N
S0967,tata,2026,BRSR,"Tata Steel’s India transition strategy therefore a single continuous step, while generating a concentrated focuses on progressively reducing fossil fuel dependence off-gas stream suitable for carbon capture.",model,V,0.5541,S,0.4,vague_adj_ratio=0.00[NONE]; quantifier_count=0.00[NONE]; target_year=0.00[NONE],,,,N
S0968,tata,2026,BRSR,"inauguration of a 0.75 MTPA scrap-based EAF in Ludhiana, marking a shift toward low-emission circular steelmaking.",model,V,0.5325,S,0.267,vague_adj_ratio=0.00[NONE]; target_year=0.00[NONE]; verb_strength=0.10[NONE],,,,Y
S0969,tata,2026,BRSR,"On the energy front, Tata Steel’s electricity mix in India Conservation Project, which was reviewed by IUCN India currently includes by-product gases and waste heat recovery and aligned with the IUCN Global NbS Standard.",model,V,0.5541,S,0.4,vague_adj_ratio=0.00[NONE]; quantifier_count=0.00[NONE]; target_year=0.00[NONE],,,,N
S0970,tata,2026,BRSR,"continued efforts to reduce Scope 3 carbon emissions, These waste heat recovery systems and dual-fired boilers the Company doubled the deployment of green vehicles improve energy efficiency and reduce emissions.",manual,S,1.00,S,0.5,quantifier_count=0.00[NONE]; target_year=0.00[NONE]; specific_tech=1.00[waste heat recovery|scope 3],S,2,QA conflict resolution,N
S0971,tata,2026,BRSR,"To enhance (vs. FY2024-25) with over 600 green mobility vehicles now renewable integration, the Company has secured 379 MW operational for raw material and finished goods movement of round-the-clock hybrid wind–solar capacity through Tata across locations.",manual,S,1.00,S,0.229,target_year=0.00[NONE]; specific_tech=0.00[NONE]; verb_strength=0.10[NONE],S,2,QA conflict resolution,N
S0972,tata,2026,BRSR,"Tata Steel also became the first Indian steel Power Renewable Energy Limited (TPREL), corresponding company to undertake a fully-laden B24 biofuel voyage for to 966 MW of installed capacity.",model,V,0.5954,S,0.267,vague_adj_ratio=0.00[NONE]; target_year=0.00[NONE]; verb_strength=0.85[installed],,,,N
S0973,tata,2026,BRSR,"There Capesize vessel. are rooftop and floating solar installations of 59 MWp across The United Kingdom The Netherlands In the UK, Tata Steel is transitioning completely to scrap- TSN's decarbonisation strategy is centred on a phased based EAF steelmaking (3.2 MTPA), supported by £500 plan to transition to a Direct Reduced Iron (DRI) and EAF– million government funding.",model,V,0.5743,S,0.133,vague_adj_ratio=0.00[NONE]; target_year=0.00[NONE]; verb_strength=0.85[reduced],,,,N
S0974,tata,2026,BRSR,"In line with the publicly announced ovens and blast furnaces, decommissioning of legacy assets Joint Letter of Intent with the Dutch government, this (completed in 2024) followed by the commissioning of the transition is supported by conditional public funding of up new EAF are together expected to reduce direct emissions by to approximately €2 billion.",model,V,0.5808,S,0.267,vague_adj_ratio=0.00[NONE]; target_year=0.00[NONE]; specific_tech=1.00[blast furnace|eaf],,,,N
S0975,tata,2026,BRSR,"various regulatory challenges facing the business and to complete conditions precedent for the decarbonisation and Toward sustainability-linked product development, environmental improvement project.",model,V,0.5690,S,0.4,vague_adj_ratio=0.00[NONE]; quantifier_count=0.00[NONE]; target_year=0.00[NONE],,,,N
S0976,tata,2026,BRSR,"Subject to resolution TSUK introduced Catnic SolarSeam®, an innovative bonded of these matters and a final investment decision and photovoltaic solution that delivers efficient renewable energy implementation, the planned transformation is expected to without visible frames and is guaranteed to operate for deliver a substantial reduction in direct CO₂ emissions, with indicative reductions of approximately 5.4 million tonnes CO₂ per year compared to a baseline of 12.6 million tonnes CO₂ at 7.23 MTPA of steel production.",model,V,0.5259,S,0.133,vague_adj_ratio=0.00[NONE]; target_year=0.00[NONE]; specific_tech=0.00[NONE],,,,Y
S0977,tata,2026,BRSR,119th Year | Integrated Report & Annual Accounts 2025-26 109 Net Zero by 2045 Strategy lever #1,model,S,0.5232,S,0.267,vague_adj_ratio=0.00[NONE]; target_year=1.00[|net zero by 2045]; specific_tech=0.00[NONE],,,,Y
S0978,tata,2026,BRSR,"The solution scrap-recycling facility at power generation turns waste heat into process Rohtak Taking over ownership of the heat, delivering fuel savings, I ncreased scrap usage at the Vattenfall power plants boosts productivity gains, and ~22,000",model,V,0.5475,S,0.267,vague_adj_ratio=0.00[NONE]; target_year=0.00[NONE]; specific_tech=0.00[NONE],,,,Y
S0979,tata,2026,BRSR,"T SK Phase 2 expansion ramp-up contributing to a record low site power during the transition underway to achieve planned CO intensity in 2025 (ref EU and enabling a cleaner, lower operating parameters ETS) carbon power mix I nstallation of Coke Dry B uild phase of 3.2 MTPA Port Quenching (CDQ), top-pressure Talbot EAF project is underway recovery turbines, dry-gas Short to medium term cleaning, and improved waste-heat and by-product-gas R eplacing ageing assets with Short to medium term recovery high-efficiency by-product gas I mplemented a Regenerative S cale up of scrap-recycling power plants Thermal Oxidiser at TSN facilities to streamline scrap I ncreasing the share of Maubeuge, reducing CO2 supply chain renewable energy in the power emissions by 7,500 tCO2 per D esigning future projects mix year with higher scrap-charging E xtensive optimisation of the Long term Port Talbot steam network I ncreasing scrap-charging in existing steelmaking facilities",model,S,0.5171,S,0.05,"quantifier_count=1.00[mt|tco2|,500]; target_year=0.00[NONE]; specific_tech=1.00[eaf|cdq|port talbot]",,,,Y
S0980,tata,2026,BRSR,"The assessment identified material physical risks like extreme heat, flooding, water stress, and wind and storm events—evaluated under IPCC RCP 4.5 and 8.5 scenarios for Description Mitigation Operational disruption in steelmaking › Climate-resilient capacity design combining strengthened structures and low water facilities due to extreme climate (physical) intensity processes to withstand extreme weather events such as high wind speeds, events leading to loss in profitability.",model,V,0.5690,S,0.4,vague_adj_ratio=0.00[NONE]; quantifier_count=0.00[NONE]; target_year=0.00[NONE],,,,N
S0981,tata,2026,BRSR,"extreme temperatures, and intense rainfall and minimise operational disruptions › Enhancing water security through recycling, use of treated municipal wastewater, rainwater harvesting, and improved stormwater management to reduce freshwater dependence.",model,V,0.5874,S,0.504,quantifier_count=0.00[NONE]; target_year=0.00[NONE]; specific_tech=0.00[NONE],,,,N
S0982,tata,2026,BRSR,"Transition Risk Development in climate change regulations › Utilise sustainability-linked financing to enable capital investments in growth and and disclosure standards, reducing access to decarbonisation capital and increasing the cost of funding.",model,V,0.5690,S,0.4,vague_adj_ratio=0.00[NONE]; quantifier_count=0.00[NONE]; target_year=0.00[NONE],,,,N
S0983,tata,2026,BRSR,"› Develop and communicate a comprehensive decarbonisation action plan to external stakeholders to achieve targeted carbon emission reductions, in alignment with regulatory requirements such as BRSR Cost of carbon compliance: › Develop phased decarbonisation strategies across the short, medium, and long term, (a) I mpact on operational costs from aligned with the evolving market and policy landscape like CCTS direct carbon pricing › Align long-term capital expenditure plans with the Company's carbon emission target (b)",model,V,0.5913,S,0.527,quantifier_count=0.00[NONE]; target_year=0.00[NONE]; specific_tech=0.00[NONE],,,,N
S0984,tata,2026,BRSR,"I mpact of carbon border taxes › Adoption of best available technology for operational efficiency, maximising scrap (c) U se of more expensive but greener recycling, maximising power-mix through RE and bioenergy, capacity expansion via scrap- energy based EAF route, etc.",model,V,0.5541,S,0.4,vague_adj_ratio=0.00[NONE]; quantifier_count=0.00[NONE]; target_year=0.00[NONE],,,,N
S0985,tata,2026,BRSR,"› Piloting breakthrough technology such as EASyMelt and HIsarna › Pursue deep decarbonisation through Carbon Capture, Storage & Usage and hydrogen- based steelmaking Climate-related opportunities Metrics and targets Tata Steel reports its ESG performance through its BRSR and Taxonomy of Green Steel and procurement ESG Factsheet, both integrated within its Integrated Report of less CO intensive products in alignment with leading global frameworks and standards including SEBI’s BRSR, the Greenhouse Gas Protocol, IFRS S2 In alignment with the Government of India’s (GoI) Green (erstwhile TCFD), the Global Biodiversity Framework (GBF) and Steel Taxonomy under the Public Procurement Policy, which the UN Sustainable Development Goals (SDGs).",model,V,0.5507,S,0.465,quantifier_count=0.00[NONE]; target_year=0.00[NONE]; specific_tech=1.00[carbon capture|tcfd],,,,N
S0986,tata,2026,BRSR,"classifies steel products based on carbon emissions and assigns 3 to 5 star ratings, Tata Steel is advancing multiple The Company discloses a comprehensive set of decarbonisation initiatives.",model,V,0.5924,S,0.533,quantifier_count=0.00[NONE]; target_year=0.00[NONE]; specific_tech=0.00[NONE],,,,N
S0987,tata,2026,BRSR,"environmental metrics, including GHG emissions, non-GHG air pollutants, waste generation and management, recycling and recovery, water discharge, and water withdrawal in stress Trading of carbon credit certificates areas.",model,V,0.5690,S,0.4,vague_adj_ratio=0.00[NONE]; quantifier_count=0.00[NONE]; target_year=0.00[NONE],,,,N
S0988,tata,2026,BRSR,These disclosures ensure transparency and consistency GoI is establishing emission reduction targets for steel in tracking environmental performance.,manual,V,1.00,V,0.585,quantifier_count=0.00[NONE]; target_year=0.00[NONE]; specific_tech=0.00[NONE],V,2,QA conflict resolution,N
S0989,tata,2026,BRSR,Entities achieving reductions beyond the Refer to the Business Responsibility and Sustainability prescribed targets will earn Carbon Credit Certificates.,model,V,0.5541,S,0.4,vague_adj_ratio=0.00[NONE]; quantifier_count=0.00[NONE]; target_year=0.00[NONE],,,,N
S0990,tata,2026,BRSR,"Report and ESG Factsheet in Tata Steel's Integrated Report Low carbon market economy India’s low-emission steel market is still at an early stage and For targets, refer to the ESG Goals section in Tata Steel's growing.",model,V,0.5690,S,0.4,vague_adj_ratio=0.00[NONE]; quantifier_count=0.00[NONE]; target_year=0.00[NONE],,,,N
S0991,tata,2026,BRSR,"Tata Steel has designed two product pathways Integrated Report FY2025-26 verified through an accredited third party to cater customer demands: (a) low-emission steel enabled through an internal carbon bank mechanism, and (b) steel products with increased recycled content.",model,V,0.6099,S,0.267,vague_adj_ratio=0.00[NONE]; target_year=0.00[NONE]; specific_tech=0.00[NONE],,,,N
S0992,tata,2026,BRSR,"The underlying internal systems, controls, and processes required to deliver low emission steel are fully developed and deployment ready.",model,V,0.5690,S,0.4,vague_adj_ratio=0.00[NONE]; quantifier_count=0.00[NONE]; target_year=0.00[NONE],,,,N
S0993,tata,2026,BRSR,"CO emissions– steel plants (worldsteel user guide V9.5, with slag credit)@ CO emissions intensity tCO/tcs 2.43 2.38 2.43 2.46 2.45 CO emissions intensity tCO/tcs - - 2.73 2.53 2.56 CO emissions intensity tCO/tcs 1.78 1.78 1.81 1.69 1.66 CO emissions intensity tCO/tcs 2.02 2.05 2.02 2.19 - CO emissions intensity tCO/tcs 0.61 0.59 0.61 0.60 0.60 Tata Steel Consolidated tCO/tcs 2.19 2.21 2.23 2.22 2.22 Note : Scope 1 & 3 CO emissions used in calculation of emission intensity are assessed based on the actual consumption of resources and generation of saleable co-product/ by-product including slag.",model,V,0.5541,S,0.4,vague_adj_ratio=0.00[NONE]; quantifier_count=0.00[NONE]; target_year=0.00[NONE],,,,N
S0994,tata,2026,BRSR,"TSJ, TSK , TSM for all years reported and TSGh merged in FY2023-24; for NINL-Steelmaking site; for TSN- IJumiden; for TSUK- Port Talbot; for TSTH- Rayong, Saraburi, Chonburi) 1 S ince TSUK ceased its crude steel production in October 2024 for transitioning to low carbon steelmaking; intensity figures for FY2024-25 was based on H1 only.",model,V,0.5743,S,0.133,vague_adj_ratio=0.00[NONE]; target_year=0.00[NONE]; verb_strength=0.85[reported],,,,N
S0995,tata,2026,BRSR,"119th Year | Integrated Report & Annual Accounts 2025-26 115 GHG emissions (based on GHG protocol, in million tCOe)",model,V,0.5690,S,0.4,vague_adj_ratio=0.00[NONE]; quantifier_count=0.00[NONE]; target_year=0.00[NONE],,,,N
S0996,tata,2026,BRSR,"Absolute emissions - Scope 1 MT 76 75 77 78 78 Absolute emissions - Scope 2 MT 5 5 5 6 6 Absolute emissions - Scope 3 MT 14 13 25 29 32 Total absolute emissions (Scope 1+2+3) MT 94 94 107 113 116 Total absolute emissions (Scope 1+2) per unit revenue tCo 2 e/ I million 33 33 38 36 36 1: ‘ Operational Control’ based reporting approach adopted since FY2023–24. 2: R eported Scope 1 GHG emissions include “worldsteel Scope 1.1 emissions” (arising from combustion of by-product gases by third parties) as direct emissions and in FY2025-26, excludes Biogenic CO emission from combustion of Biochar of ~63 kt CO. 3: S cope 2 emissions are location-based.",model,S,0.5261,S,0.0,vague_adj_ratio=0.00[NONE]; quantifier_count=1.00[mt|kt|fy2023|fy2025]; target_year=0.00[NONE],,,,Y
S0997,tata,2026,BRSR,"4: S cope 3 emissions reported based on available information at the time of publication, continue to evolve and inherently carry a degree of uncertainty.",model,V,0.6304,S,0.4,vague_adj_ratio=0.00[NONE]; quantifier_count=0.00[NONE]; target_year=0.00[NONE],,,,N
S0998,tata,2026,BRSR,"5: E quity-consolidated emissions of material joint ventures and associated companies are included in FY2025-26 under mainstream emissions (Scope 1, 2 & 3).",model,V,0.5325,S,0.267,vague_adj_ratio=0.00[NONE]; target_year=0.00[NONE]; verb_strength=0.10[NONE],,,,Y
S0999,tata,2026,BRSR,2.a S cope 3 emissions in FY2025-26 additionally include ‘Purchased services’ under Category 1 (Purchased Goods and Services).,model,V,0.5475,S,0.267,vague_adj_ratio=0.00[NONE]; target_year=0.00[NONE]; specific_tech=0.00[NONE],,,,Y
S1000,tata,2026,BRSR,Stack dust emissions KT 7.2 6.4 7.0 6.5 7.4 Stack Dust emission intensity kg/tcs 0.39 0.34 0.35 0.31 0.33 Stack SOx emissions KT 30.4 27.0 32.8 33.5 51.8 SOx emission intensity kg/tcs 1.66 1.43 1.63 1.62 2.31 Stack NOx emissions KT 16.0 15.8 17.5 17.7 22.5 NOx emission intensity kg/tcs 0.87 0.83 0.87 0.86 1.00 Stack dust emissions KT - - 0.29 0.40 0.32 Stack Dust emission intensity kg/tcs - - 0.44 0.42 0.34 Stack SOx emissions KT - - 0.99 1.83 2.25 SOx emission intensity kg/tcs - - 1.51 1.92 2.35 Stack NOx emissions KT - - 0.27 1.03 1.24 NOx emission intensity kg/tcs - - 0.41 1.08 1.30 TSN (Calendar year reporting - Jan 1 to Dec 31),model,V,0.5690,S,0.4,vague_adj_ratio=0.00[NONE]; quantifier_count=0.00[NONE]; target_year=0.00[NONE],,,,N
S1001,tata,2026,BRSR,Stack dust emissions KT 1.6 1.5 1.4 1.5 1.4 Stack Dust emission intensity kg/tcs 0.24 0.25 0.31 0.23 0.21 Stack SOx emissions3.b KT 2.8 3.0 2.8 2.9 3.1 SOx emission intensity kg/tcs 0.42 0.52 0.60 0.45 0.47 Stack NOx emissions KT 5.3 5.0 4.3 5.1 5.5 NOx emission intensity kg/tcs 0.80 0.80 0.90 0.79 0.85 TSUK (Calendar year reporting - Jan 1 to Dec 31),model,V,0.5690,S,0.4,vague_adj_ratio=0.00[NONE]; quantifier_count=0.00[NONE]; target_year=0.00[NONE],,,,N
S1002,tata,2026,BRSR,Stack dust emissions KT 1.2 0.8 0.8 0.8 0.004 Stack Dust emission intensity kg/tcs 0.33 0.28 0.29 0.45 0.002 Stack SOx emissions KT 4.7 4.6 4.0 1.7 0.008 SOx emission intensity kg/tcs 1.33 1.56 1.38 1.01 0.004 Stack NOx emissions KT 5.0 4.3 3.8 1.5 0.371 NOx emission intensity kg/tcs 1.42 1.47 1.30 0.89 0.166 Fresh water consumption Million m3 49.9 49.8 50.9 54.9 38.9 Specific fresh water consumption m3/tcs 2.71 2.62 2.53 2.65 1.73 Effluent discharge volume Million m3 9.5 8.1 6.5 5.3 5.8 Effluent discharge intensity m3/tcs 0.52 0.43 0.32 0.26 0.26 Fresh water consumption Million m3 - - 2.38 2.39 2.14 Specific fresh water consumption m3/tcs - - 3.59 2.52 2.26 Effluent discharge volume Million m3 - - 0.05 0.03 0.02 Effluent discharge intensity m3/tcs - - 0.07 0.03 0.02 @ Steelmaking sites ( For Tata Steel Limited-,model,V,0.5690,S,0.4,vague_adj_ratio=0.00[NONE]; quantifier_count=0.00[NONE]; target_year=0.00[NONE],,,,N
S1003,tata,2026,BRSR,3.a T he methodology for calculating air emissions has been consistently applied across all sites in FY2025-26.,model,V,0.5475,S,0.267,vague_adj_ratio=0.00[NONE]; target_year=0.00[NONE]; specific_tech=0.00[NONE],,,,Y
S1004,tata,2026,BRSR,Stack SOx emissions for CY2022 have been corrected to 3.0 based on validation of the earlier reported number.,model,V,0.6304,S,0.4,vague_adj_ratio=0.00[NONE]; quantifier_count=0.00[NONE]; target_year=0.00[NONE],,,,N
S1005,tata,2026,BRSR,4.d Fresh water consumption and effluent discharge includes flood water (7.7 million m3 and 6.4 million m3 respectively in FY2025-26) 4.e Tata Steel Thailand is zero effluent discharge (ZED) site @ Steelmaking sites ( For Tata Steel Limited-,model,V,0.5108,S,0.133,vague_adj_ratio=0.00[NONE]; target_year=0.00[NONE]; verb_strength=0.10[NONE],,,,Y
S1006,tata,2026,BRSR,"Solid waste generated KT 266 254 311 236 231 Solid waste utilised KT 265 254 311 236 230 Solid waste sent to landfill / incineration KT 0.7 0.4 0.4 0.4 0.4 Solid waste utilisation % 100 100 100 100 100 Energy intensity @ Energy consumption GJ - 44,43,89,343 49,39,97,681 52,90,18,000 54,74,01,167 Energy Intensity GJ/tcs 23.62 23.43 24.55 25.53 24.34 Energy consumption GJ - - 2,26,48,450 2,49,68,000 2,58,49,000 Energy Intensity GJ/tcs - - 34.17 26.21 27.07 Energy consumption GJ - 11,59,18,193 9,47,58,586 12,35,27,000 11,78,25,000 Energy Intensity GJ/tcs 20.32 18.82 20.32 18.78 18.10 Energy consumption GJ - 6,84,06,447 7,35,68,279 2,68,23,844 72,39,878 Energy Intensity GJ/tcs 23.15 23.34 25.43 20.14 3.25 Energy consumption GJ - 58,41,098 58,97,520 1,29,66,000 58,57,120 Energy Intensity GJ/tcs 9.30 5.06 4.95 12.15 13.49 Renewable energy Key sites under Biodiversity Management Plans Nos.",model,V,0.5042,N,0.0,"quantifier_count=1.00[,343|,681|,000|,167]; verb_strength=0.05[NONE]; vague_adj_ratio=0.00[NONE]",,,,Y
S1007,tata,2026,BRSR,6a Numbers for earlier years have been restated to include renewable energy consumption at TSL standalone level .,model,V,0.5690,S,0.4,vague_adj_ratio=0.00[NONE]; quantifier_count=0.00[NONE]; target_year=0.00[NONE],,,,N
S1008,tata,2026,BRSR,Increase in renewable energy consumption since FY2024-25 is on account of renewable energy power purchase agreement signed with The Tata Power Company Limited.,model,V,0.5475,S,0.267,vague_adj_ratio=0.00[NONE]; target_year=0.00[NONE]; specific_tech=0.00[NONE],,,,Y
S1009,tata,2026,BRSR,"1,449 1,257 1,183 1,244 1,218 Steel scrap recycled (internal & external) % 99 99 98 99 100 Spend on Social, Climate Change and Environment (Capex)",model,V,0.5678,S,0.0,"vague_adj_ratio=0.00[NONE]; quantifier_count=1.00[,449|,257|,183|,244]; target_year=0.00[NONE]",,,,N
S1010,tata,2026,BRSR,"Now, Tata Steel is actively advancing its green steel journey across other geographies, marking a significant transition from traditional carbon-intensive steelmaking.",model,V,0.6382,V,0.8,quantifier_count=0.00[NONE]; target_year=0.00[NONE]; specific_tech=0.00[NONE],,,,N
S1011,tata,2026,BRSR,This facility is projected to reduce carbon emissions by 90% and achieve an annual production capacity of 3.2 million tonnes.,model,V,0.5259,S,0.133,vague_adj_ratio=0.00[NONE]; target_year=0.00[NONE]; specific_tech=0.00[NONE],,,,Y
S1012,ultratech,2019,BRR,Changes in fuel prices can significantly impact the production costs as the cement industry is extremely energy intensive.,model,V,0.5690,S,0.4,vague_adj_ratio=0.00[NONE]; quantifier_count=0.00[NONE]; target_year=0.00[NONE],,,,N
S1013,ultratech,2019,BRR,"To de-risk, your Company has established specific policies of long deliveries and continuously optimises its fuel mix and energy efficiency as well as explores the use of alternative fuels.",model,V,0.5690,S,0.4,vague_adj_ratio=0.00[NONE]; quantifier_count=0.00[NONE]; target_year=0.00[NONE],,,,N
S1014,ultratech,2019,BRR,Environment and Sustainability The risks associated with environmental pollution through the discharge of waste causing damages to the fragile surrounding environment is a legal offence.,model,V,0.5690,S,0.4,vague_adj_ratio=0.00[NONE]; quantifier_count=0.00[NONE]; target_year=0.00[NONE],,,,N
S1015,ultratech,2019,BRR,"Various initiatives have been undertaken by your Company like sewage treatment plants, recycling of industrial waste water, bag filters, WHRS and extensive plantation and creation of green belts to de-risk and protect the environment.",model,V,0.5712,S,0.496,quantifier_count=0.00[NONE]; target_year=0.00[NONE]; verb_strength=0.10[NONE],,,,N
S1016,ultratech,2019,BRR,"Natural Resource conservation programs & Non-conventional Energy Bio gas support program, Solar energy support and other energy support programs - (low smoke wood stoves / sky light), Plantation / Green Belt Development /",model,V,0.5874,S,0.504,quantifier_count=0.00[NONE]; target_year=0.00[NONE]; specific_tech=0.00[NONE],,,,N
S1017,ultratech,2019,BRR,"(Average Rate) 018-19 2017-18 2018-19 2017-18 2.5300 2.3900 2.4100 2.3800 0.0531 0.0564 0.0525 0.0570 1.2055 1.2780 1.1970 1.2689 0.0054 0.0058 0.0054 0.0058 6.1856 211.1932 205.5580 208.4636 9.4460 - 70.4582 - 0.3468 - 10.3652 - 0.0187 - 0.0190 - 0.0300 - 0.0304 - Madanpura Bhaskarpara Aditya Birla (North) Coal Coal Company Renewables Company Ltd. SPV 1 Limited 31.03.2019 31.03.2019 31.03.2019 ar end 1,152,560 8,141,050 10,852,442 1.05 8.15 10.81 11.17% 47.37% 26.00% udited 0.95 6.24 11.33 K.K. Maheshwari S.B. Mathur CFO Managing Director Director UltraTech Cement Limited Annual Report 2018-19 29 (a) Steps taken or impact on conservation of energy • Focused drive on improving energy consum energy efficient equipments.",model,S,0.5110,N,0.0,"quantifier_count=1.00[11.17%|47.37%|26.00%|,560]; verb_strength=0.05[NONE]; vague_adj_ratio=0.00[NONE]",,,,Y
S1018,ultratech,2019,BRR,"Addition of renewable energy sources, mainl (c) The capital investment on energy conservation e •",model,V,0.5690,S,0.4,vague_adj_ratio=0.00[NONE]; quantifier_count=0.00[NONE]; target_year=0.00[NONE],,,,N
S1019,ultratech,2019,BRR,Implementation of new technology like low controller to meet new environmental dust a • Six pulse rectifier with three phase transform • Upgradation of existing electrostatic precip UltraTech Cement Limited mption footprint by continual deployment of state-of-art Mills for overall energy optimisation using expert automation e kiln heat rate matching performance of new generation and clean energy sources like installation of solar heaters ng energy efficiency in CPP boilers.,model,V,0.5541,S,0.4,vague_adj_ratio=0.00[NONE]; quantifier_count=0.00[NONE]; target_year=0.00[NONE],,,,N
S1020,ultratech,2019,BRR,"ate sources of energy arious waste materials as substitute for convention fossil , pre-processing and usage of waste materials as energy ed manner based on potential availability of such materials.",model,V,0.5690,S,0.4,vague_adj_ratio=0.00[NONE]; quantifier_count=0.00[NONE]; target_year=0.00[NONE],,,,N
S1021,ultratech,2019,BRR,"pitator with Bag house for particulate matter emission • Introduction of new Electro Chemical battery • Implementation of latest Advance Process Co • Participation in national / international semin (b) Benefits derived like product improvement, cost • Reduction in specific energy consumption in • Achieved energy conservation targets assi • Improvement in environmental performance • Improved product quality and customer satis • Increased skill development of R&D personn • Raw Mix optimisation for conservation of lim • Use of waste material as substitution of natu • Design & development of new product to incr • Improvement in packaging bags quality throu •",model,V,0.6371,S,0.44,quantifier_count=0.00[NONE]; target_year=0.00[NONE]; specific_tech=0.00[NONE],,,,N
S1022,ultratech,2020,BRR,These cements are also less carbon and energy intensive.,model,V,0.5690,S,0.4,vague_adj_ratio=0.00[NONE]; quantifier_count=0.00[NONE]; target_year=0.00[NONE],,,,N
S1023,ultratech,2020,BRR,"concrete modifier, which also reduces the water 1. List up to 3 of your products or services whose design intake into the cement mixes used for preparing has incorporated social or environmental concerns, mortars, plasters and concrete (10-15 % water risks and/or opportunities.",model,V,0.5475,S,0.267,vague_adj_ratio=0.00[NONE]; target_year=0.00[NONE]; specific_tech=0.00[NONE],,,,Y
S1024,ultratech,2020,BRR,"Procurement practices and selection criteria by the The Company is focusing on different options to Company are focused on protection of environment, reduce its carbon footprint and other emissions such societal interest and cost effective procurement seeking as replacing traditional fuels with alternative fuels, resources efficiency, improving the quality of products improving energy efficiency of its products, using clinker and services and ultimately optimising the cost.",model,V,0.5826,S,0.453,quantifier_count=0.00[NONE]; target_year=0.00[NONE]; specific_tech=0.00[NONE],,,,N
S1025,ultratech,2020,BRR,"This will eventually reflect upon resource efficiency, mainly comprising of but not in lower carbon footprint of its products (OPC, PPC etc).",model,V,0.5690,S,0.4,vague_adj_ratio=0.00[NONE]; quantifier_count=0.00[NONE]; target_year=0.00[NONE],,,,N
S1026,ultratech,2020,BRR,"limited to energy efficiency, fuel efficiency, emission The Company has also taken initiatives for educating its control etc.",model,V,0.5690,S,0.4,vague_adj_ratio=0.00[NONE]; quantifier_count=0.00[NONE]; target_year=0.00[NONE],,,,N
S1027,ultratech,2020,BRR,"Child Labour respect of resource use (energy, water, raw material 2.",model,V,0.5541,S,0.4,vague_adj_ratio=0.00[NONE]; quantifier_count=0.00[NONE]; target_year=0.00[NONE],,,,N
S1028,ultratech,2020,BRR,The Company used for thermal energy generation which help imports fuel in bulk size vessels with full cost advantage in the substitution of fossil fuels and allow better of freight.,model,V,0.5882,S,0.509,quantifier_count=0.00[NONE]; target_year=0.00[NONE]; specific_tech=0.00[NONE],,,,N
S1029,ultratech,2020,BRR,This consumes lesser fuel as compared to management of industrial waste.,model,V,0.5690,S,0.4,vague_adj_ratio=0.00[NONE]; quantifier_count=0.00[NONE]; target_year=0.00[NONE],,,,N
S1030,ultratech,2020,BRR,"Recycling water, smaller size shipment in terms of per ton of material rainwater harvesting and recharging of ground shipped.",model,V,0.5690,S,0.4,vague_adj_ratio=0.00[NONE]; quantifier_count=0.00[NONE]; target_year=0.00[NONE],,,,N
S1031,ultratech,2020,BRR,"Hence it is of comparative charts and the release of orders is not feasible to measure the usage (energy, water) expected to be launched in mid-2020.",model,V,0.6304,S,0.4,vague_adj_ratio=0.00[NONE]; quantifier_count=0.00[NONE]; target_year=0.00[NONE],,,,N
S1032,ultratech,2020,BRR,"The Company also and services from local and small producers, including uses waste materials as fuels in our kilns which helps communities surrounding their place of work?",model,V,0.5690,S,0.4,vague_adj_ratio=0.00[NONE]; quantifier_count=0.00[NONE]; target_year=0.00[NONE],,,,N
S1033,ultratech,2020,BRR,"in the substitution of fossil fuels such as coal and If yes, what steps have been taken to improve their capacity and capability of local and small vendors?",model,V,0.5690,S,0.4,vague_adj_ratio=0.00[NONE]; quantifier_count=0.00[NONE]; target_year=0.00[NONE],,,,N
S1034,ultratech,2020,BRR,Does the Company have a mechanism to recycle products and waste?,model,V,0.5690,S,0.4,vague_adj_ratio=0.00[NONE]; quantifier_count=0.00[NONE]; target_year=0.00[NONE],,,,N
S1035,ultratech,2020,BRR,Sexual harassment 02 01# of recycling of products and waste (separately as 3.,model,V,0.5690,S,0.4,vague_adj_ratio=0.00[NONE]; quantifier_count=0.00[NONE]; target_year=0.00[NONE],,,,N
S1036,ultratech,2020,BRR,"2. Does the Company have strategies/ initiatives to The Company has identified the disadvantaged, address global environmental issues such as climate vulnerable and marginalised stakeholder’s viz.",model,V,0.5690,S,0.4,vague_adj_ratio=0.00[NONE]; quantifier_count=0.00[NONE]; target_year=0.00[NONE],,,,N
S1037,ultratech,2020,BRR,"Are there any special initiatives taken by the Company CO emission intensity by 25% from 2005-06 levels to engage with the disadvantaged, vulnerable and by 2021.",model,S,0.5096,S,0.133,vague_adj_ratio=0.00[NONE]; specific_tech=0.00[NONE]; verb_strength=0.10[NONE],,,,Y
S1038,ultratech,2020,BRR,the share of power from renewable energy sources and from WHRS.,model,V,0.5541,S,0.4,vague_adj_ratio=0.00[NONE]; quantifier_count=0.00[NONE]; target_year=0.00[NONE],,,,N
S1039,ultratech,2020,BRR,"The Company has committed to EP100 to water and sanitation, sustainable livelihood, self-help double the energy productivity by 2035 from 2009-10 groups and income generation etc. are extended to the levels.",model,V,0.5672,S,0.549,specific_tech=0.00[NONE]; verb_strength=0.15[committed to]; quantifier_count=0.33[by 2035],,,,N
S1040,ultratech,2020,BRR,The Company has also adopted an internal Company’s contract workers and people living near to carbon price of US$ 10/ton of carbon emissions.,model,V,0.5690,S,0.4,vague_adj_ratio=0.00[NONE]; quantifier_count=0.00[NONE]; target_year=0.00[NONE],,,,N
S1041,ultratech,2020,BRR,Are the emissions/waste generated by the Company taking timely action and continuous monitoring.,model,V,0.5690,S,0.4,vague_adj_ratio=0.00[NONE]; quantifier_count=0.00[NONE]; target_year=0.00[NONE],,,,N
S1042,ultratech,2020,BRR,"Yes, the emissions / waste generated by the Company (IBAT) to assess the potential water and biodiversity are within the permissible limits given by Central risks arising out of its operations and takes necessary Pollution Control Board / State Pollution Control Boards.",model,V,0.5690,S,0.4,vague_adj_ratio=0.00[NONE]; quantifier_count=0.00[NONE]; target_year=0.00[NONE],,,,N
S1043,ultratech,2020,BRR,"Has the Company undertaken any other initiatives on – Inclusive Development Policies, Energy security, clean technology, energy efficiency, renewable energy, Water, Food Security, Sustainable Business Principles, etc.",model,V,0.5891,S,0.514,quantifier_count=0.00[NONE]; target_year=0.00[NONE]; specific_tech=0.00[NONE],,,,N
S1044,ultratech,2020,BRR,"As the largest cement producer in India, the Company The Company continuously advocates the use of eco- continually strives to play a key role in finding effective friendly mining practices, use of alternative fuels, energy and responsible ways to preserve the environment.",manual,V,1.00,S,0.6,quantifier_count=0.00[NONE]; target_year=0.00[NONE]; verb_strength=0.15[strive|strives],V,2,QA conflict resolution,N
S1045,ultratech,2020,BRR,The Company’s installed renewable The Company has specified issue based development energy capacity stands at 3.73 MW and bilateral/ projects in pursuit of its policy on inclusive growth and Group captive capacity is more than 95 MW.,model,V,0.6099,S,0.267,vague_adj_ratio=0.00[NONE]; target_year=0.00[NONE]; specific_tech=0.00[NONE],,,,N
S1046,ultratech,2020,BRR,"The Company empowerment, sustainable livelihood and natural is continuously striving to increase its renewable energy resource management, basic infrastructure and social share.",model,V,0.5954,S,0.55,quantifier_count=0.00[NONE]; target_year=0.00[NONE]; specific_tech=0.00[NONE],,,,N
S1047,ultratech,2021,BRR,"For example, the world will need businesses the ‘2050 Climate Ambition’, which is the Company’s that are able to mitigate and adapt to climate change, commitment to drive down the CO footprint of its with robust and sustainable supply chains that are also operations and products, and the collective aspiration to impervious to all external forces that will inevitably begin to deliver society with carbon neutral concrete by 2050.",model,V,0.5223,S,0.323,specific_tech=0.00[NONE]; vague_adj_ratio=0.09[sustainable]; verb_strength=0.10[NONE],,,,Y
S1048,ultratech,2021,BRR,"The Company has of alternative fuels, the Company has been relentlessly striving to reduce consumption of fossil fuels by 73 products with GreenPro Certification.",model,V,0.5690,S,0.4,vague_adj_ratio=0.00[NONE]; quantifier_count=0.00[NONE]; target_year=0.00[NONE],,,,N
S1049,ultratech,2021,BRR,This year continues to increase the use of renewable energy as the Company continued consideration of carbon part of its energy mix and has increased the consumption US$ 10 per tCO which has enabled it to consider the of renewable energy by more than 50% as compared to 2 previous year.,model,V,0.5475,S,0.267,vague_adj_ratio=0.00[NONE]; target_year=0.00[NONE]; specific_tech=0.00[NONE],,,,Y
S1050,ultratech,2021,BRR,"The Company has embarked on digital transformation The Company’s carbon dioxide (“CO ”) emissions during the year that has the potential to decouple reduction targets, which were committed in July 2020, emissions and resource use from economic growth as have been validated by the Science Based Targets Initiative well as making its operations safer and more reliable.",model,V,0.5541,S,0.4,vague_adj_ratio=0.00[NONE]; quantifier_count=0.00[NONE]; target_year=0.00[NONE],,,,N
S1051,ultratech,2021,BRR,The Company has reduced 6% of Scope 1 CO,model,V,0.5954,S,0.267,vague_adj_ratio=0.00[NONE]; target_year=0.00[NONE]; verb_strength=0.85[reduced],,,,N
S1052,ultratech,2021,BRR,These products are also less carbon and energy 2.,model,V,0.5690,S,0.4,vague_adj_ratio=0.00[NONE]; quantifier_count=0.00[NONE]; target_year=0.00[NONE],,,,N
S1053,ultratech,2021,BRR,It is also India’s first concrete Company to educates the users of cement like masons and meet the requirement of Leadership in Energy and Individual House Builder (“IHB”) on using cement Environmental Design (“LEED”) and other green optimally and reducing wastage.,model,V,0.5847,S,0.489,quantifier_count=0.00[NONE]; target_year=0.00[NONE]; specific_tech=0.00[NONE],,,,N
S1054,ultratech,2021,BRR,concrete roads and white toping to impress on the Some of these are listed below: environmental benefits of switching from bituminous • Super Stucco - a self-curing no water curing roads.,model,V,0.5690,S,0.4,vague_adj_ratio=0.00[NONE]; quantifier_count=0.00[NONE]; target_year=0.00[NONE],,,,N
S1055,ultratech,2021,BRR,"details in respect of resource use (energy, water, raw material etc.) per unit of product (optional): • Seal & Dry – water proofing systems which helps i. Reduction during sourcing / production / in water conservations (arresting leakages) in distribution achieved since the previous year water storage tanks and canals, thus preserving throughout the value chain?",model,V,0.6162,S,0.4,vague_adj_ratio=0.00[NONE]; quantifier_count=0.00[NONE]; target_year=0.00[NONE],,,,N
S1056,ultratech,2021,BRR,"It has accelerated the of Basekrete and Microkrete are self- curing (no adoption of key levers like low clinker products, water curing required) variants, which are used in use of alternative raw materials and fuels, energy repair of buildings.",model,V,0.5690,S,0.4,vague_adj_ratio=0.00[NONE]; quantifier_count=0.00[NONE]; target_year=0.00[NONE],,,,N
S1057,ultratech,2021,BRR,"efficiency, renewable energy, and WHRS.",model,V,0.5541,S,0.4,vague_adj_ratio=0.00[NONE]; quantifier_count=0.00[NONE]; target_year=0.00[NONE],,,,N
S1058,ultratech,2021,BRR,This is one of the largest green product Alternative fuels are also used for thermal energy portfolio in building material industry in India.,manual,S,1.00,V,0.56,quantifier_count=0.00[NONE]; target_year=0.00[NONE]; specific_tech=0.00[NONE],S,2,QA conflict resolution,N
S1059,ultratech,2021,BRR,The generation which help in the substitution of Company is focusing on different options to reduce fossil fuels and allow better management of its carbon footprint and other emissions such as industrial waste.,model,V,0.5891,S,0.514,quantifier_count=0.00[NONE]; target_year=0.00[NONE]; specific_tech=0.00[NONE],,,,N
S1060,ultratech,2021,BRR,"The use of municipal waste as replacing traditional fuels with alternative fuels, an alternative fuel and raw material is a big step improving energy efficiency of its products, using in the circular economy model.",model,V,0.5690,S,0.4,vague_adj_ratio=0.00[NONE]; quantifier_count=0.00[NONE]; target_year=0.00[NONE],,,,N
S1061,ultratech,2021,BRR,"Recycling water, clinker additives, implementing Waste Heat Recovery rainwater harvesting and recharging of ground Systems (“WHRS”) wherever possible.",model,V,0.5391,S,0.4,vague_adj_ratio=0.00[NONE]; quantifier_count=0.00[NONE]; target_year=0.00[NONE],,,,Y
S1062,ultratech,2021,BRR,This will water are standard operating procedures at eventually reflect in lower carbon footprint of its all manufacturing sites.,model,V,0.5690,S,0.4,vague_adj_ratio=0.00[NONE]; quantifier_count=0.00[NONE]; target_year=0.00[NONE],,,,N
S1063,ultratech,2021,BRR,It Business Responsibility Report (Contd.) has made significant investments and tie ups which shall guide the activities to be undertaken for to increase the WHRS and renewable energy accomplishing the desired objectives of the project.,model,V,0.5818,S,0.64,quantifier_count=0.00[NONE]; target_year=0.00[NONE]; specific_tech=1.00[whr|esp],,,,N
S1064,ultratech,2021,BRR,"The criteria for procurement of equipment are based where the target is to double its energy upon resource efficiency, mainly comprising of but not productivity (revenue / GJ) by 2035, compared limited to energy efficiency, fuel efficiency, emission to its 2010 baseline.",model,V,0.5122,S,0.267,vague_adj_ratio=0.00[NONE]; specific_tech=0.00[NONE]; verb_strength=0.10[NONE],,,,Y
S1065,ultratech,2021,BRR,"The impact of the adopted tools like SBTi, Internal Carbon Price product / services being procured is considered (“ICP”) to accelerate decarbonisation efforts in over its whole life-cycle i.e. from cradle to grave, line with the Paris Agreement.",model,V,0.5541,S,0.4,vague_adj_ratio=0.00[NONE]; quantifier_count=0.00[NONE]; target_year=0.00[NONE],,,,N
S1066,ultratech,2021,BRR,"Reduction during usage by consumers environmental friendly manner and no compromise, (energy, water) has been achieved since the whatsoever, is made on the same.",model,V,0.6304,S,0.4,vague_adj_ratio=0.00[NONE]; quantifier_count=0.00[NONE]; target_year=0.00[NONE],,,,N
S1067,ultratech,2021,BRR,"These critical registration form of the Company requires its potential infrastructure result in benefits like distance vendors to specify their commitment on the following reduction, congestion reduction and related social aspects: carbon emission savings.",model,V,0.5690,S,0.4,vague_adj_ratio=0.00[NONE]; quantifier_count=0.00[NONE]; target_year=0.00[NONE],,,,N
S1068,ultratech,2021,BRR,The Company’s products deliver carbon emission savings 1.,model,V,0.5690,S,0.4,vague_adj_ratio=0.00[NONE]; quantifier_count=0.00[NONE]; target_year=0.00[NONE],,,,N
S1069,ultratech,2021,BRR,The project will benefit society by carbon emission 5.,model,V,0.5690,S,0.4,vague_adj_ratio=0.00[NONE]; quantifier_count=0.00[NONE]; target_year=0.00[NONE],,,,N
S1070,ultratech,2021,BRR,"The sustainability initiative named Project Sahyog, Company imports fuel in bulk size vessels with full aimed towards achieving environmental and social cost advantage of freight.",model,V,0.5932,S,0.514,quantifier_count=0.00[NONE]; target_year=0.00[NONE]; specific_tech=0.00[NONE],,,,N
S1071,ultratech,2021,BRR,"of the suppliers and this engagement was meant to also spread knowledge on topics like climate change, The Company has consistently increased the breadth water management, waste management, biodiversity, of vendors across goods and services through health and safety etc. vendor base enhancement.",model,V,0.5690,S,0.4,vague_adj_ratio=0.00[NONE]; quantifier_count=0.00[NONE]; target_year=0.00[NONE],,,,N
S1072,ultratech,2021,BRR,5. Does the Company have a mechanism to recycle products and waste?,model,V,0.5690,S,0.4,vague_adj_ratio=0.00[NONE]; quantifier_count=0.00[NONE]; target_year=0.00[NONE],,,,N
S1073,ultratech,2021,BRR,If yes what is the percentage The Company has always given preference to local of recycling of products and waste (separately as vendors when it comes to sourcing materials.,model,V,0.5690,S,0.4,vague_adj_ratio=0.00[NONE]; quantifier_count=0.00[NONE]; target_year=0.00[NONE],,,,N
S1074,ultratech,2021,BRR,Waste material is also used as fuel in the with the vendors by having rate contracts with kilns which helps in substitution of fossil fuels such as them and providing periodical feedback on their coal and pet coke.,model,V,0.5690,S,0.4,vague_adj_ratio=0.00[NONE]; quantifier_count=0.00[NONE]; target_year=0.00[NONE],,,,N
S1075,ultratech,2021,BRR,How many stakeholder complaints have been share of power from renewable energy sources and received in the past financial year and what WHRS.,model,V,0.5541,S,0.4,vague_adj_ratio=0.00[NONE]; quantifier_count=0.00[NONE]; target_year=0.00[NONE],,,,N
S1076,ultratech,2021,BRR,It has adopted an internal carbon price of US$ 10/ton of carbon emissions.,model,V,0.5690,S,0.4,vague_adj_ratio=0.00[NONE]; quantifier_count=0.00[NONE]; target_year=0.00[NONE],,,,N
S1077,ultratech,2021,BRR,"The 2. Does the Company have strategies / initiatives Company uses various tools such as Aqueduct / India to address global environmental issues such as Water Tool, Integrated Biodiversity Assessment Tool climate change, global warming, etc?",model,V,0.5690,S,0.4,vague_adj_ratio=0.00[NONE]; quantifier_count=0.00[NONE]; target_year=0.00[NONE],,,,N
S1078,ultratech,2021,BRR,"If yes, (“IBAT”) to assess the potential water and biodiversity please give hyperlink for webpage etc. risks arising out of its operations and takes necessary actions to mitigate the same.",model,V,0.5690,S,0.4,vague_adj_ratio=0.00[NONE]; quantifier_count=0.00[NONE]; target_year=0.00[NONE],,,,N
S1079,ultratech,2021,BRR,"The Company will As a founding member of the GCCA, the Company also be using the recently launched GeoSust Tool has committed to the ‘2050 Climate Ambition’, which developed by the Group Sustainability Cell to identify is a commitment to drive down the CO footprint of the Company’s operations and products, and a signatory to the TCFD, the Company has undertaken collective aspiration to deliver society with carbon a climate change risk and opportunities assessment neutral concrete by 2050.",model,V,0.5366,S,0.32,vague_adj_ratio=0.09[committed to]; quantifier_count=0.33[by 2050]; verb_strength=0.45[launched|committed to],,,,Y
S1080,ultratech,2021,BRR,SBTi has validated the Company’s CO 2 emissions These findings have been integrated with the long- reduction targets.,model,V,0.5541,S,0.4,vague_adj_ratio=0.00[NONE]; quantifier_count=0.00[NONE]; target_year=0.00[NONE],,,,N
S1081,ultratech,2021,BRR,its greenhouse gas (“GHG”) emissions.,model,V,0.5690,S,0.4,vague_adj_ratio=0.00[NONE]; quantifier_count=0.00[NONE]; target_year=0.00[NONE],,,,N
S1082,ultratech,2021,BRR,It has also committed to reduce Scope 1 GHG intensity by 27% The Company has already undertaken biodiversity by 2032 from the base year of 2017 and Scope 2 assessments at 8 of its Integrated Units and has taken GHG intensity by 69% within the same time frame.,manual,S,1.00,S,0.109,quantifier_count=1.00[27%|69%|by 2032]; specific_tech=1.00[scope 1|scope 2]; verb_strength=0.15[committed to],S,2,QA conflict resolution,N
S1083,ultratech,2021,BRR,a target to complete the assessment by 2024 for all its SBTi has validated the Company’s GHG reduction Integrated Units.,model,S,0.5029,S,0.267,vague_adj_ratio=0.00[NONE]; verb_strength=0.10[NONE]; quantifier_count=0.33[by 2024],,,,Y
S1084,ultratech,2021,BRR,"Also, the global effort to limit temperature rise below the if Yes, whether any environmental compliance ‘2° C’ threshold in line with the Paris Agreement.",model,V,0.5690,S,0.4,vague_adj_ratio=0.00[NONE]; quantifier_count=0.00[NONE]; target_year=0.00[NONE],,,,N
S1085,ultratech,2021,BRR,"Has the Company undertaken any other initiatives Pollution Control Board / State Pollution Control on – clean technology, energy efficiency, Boards.",model,V,0.5690,S,0.4,vague_adj_ratio=0.00[NONE]; quantifier_count=0.00[NONE]; target_year=0.00[NONE],,,,N
S1086,ultratech,2021,BRR,The major ones that your business deals with: Company’s installed renewable energy capacity stands a. Global Cement & Concrete Association at 125 MWp.,model,V,0.6099,S,0.267,vague_adj_ratio=0.00[NONE]; target_year=0.00[NONE]; specific_tech=0.00[NONE],,,,N
S1087,ultratech,2021,BRR,"areas ( drop box: Governance and Administration, Decarbonisation and digitalisation are megatrends Economic Reforms, Inclusive Development that are forcing sectors and companies to undergo Policies, Energy security, Water, Food Security, structural change and fundamentally alter traditional Sustainable Business Principles, Others) business models.",model,V,0.5818,S,0.473,quantifier_count=0.00[NONE]; target_year=0.00[NONE]; specific_tech=0.00[NONE],,,,N
S1088,ultratech,2021,BRR,The energy conservation and construction of concrete Company has embarked on digital transformation during the year that has the potential to decouple emissions and resource use from economic growth as Principle 8 – Businesses should support inclusive well as making its operations safer and more reliable.,model,V,0.5690,S,0.4,vague_adj_ratio=0.00[NONE]; quantifier_count=0.00[NONE]; target_year=0.00[NONE],,,,N
S1089,ultratech,2021,BRR,Are the emissions / waste generated by the inclusive growth and equitable development.,model,V,0.5690,S,0.4,vague_adj_ratio=0.00[NONE]; quantifier_count=0.00[NONE]; target_year=0.00[NONE],,,,N
S1090,ultratech,2021,BRR,"healthcare, women empowerment, sustainable livelihood and natural resource management, basic Yes, the emissions / waste generated by the Company infrastructure and social reforms. are within the permissible limits given by the Central Welcome to Value Growth ESG Statutory Financial UltraTech Creation Enablers Commitments Reports Statements 2.",model,V,0.5822,S,0.475,quantifier_count=0.00[NONE]; target_year=0.00[NONE]; specific_tech=0.00[NONE],,,,N
S1091,ultratech,2022,BRSR,"In case of risk, approach to opportunity (Indicate No. identified or opportunity opportunity adapt or mitigate positive or negative on curbing Green and fossil fuels as part of the Management section forming House Gas manufacturing process leads to part of the Directors’ Report and Emissions release of carbon emissions.",model,V,0.5827,S,0.477,quantifier_count=0.00[NONE]; target_year=0.00[NONE]; specific_tech=0.00[NONE],,,,N
S1092,ultratech,2022,BRSR,"Management Discussion and and Global Warming warming related risk includes it provides the Company a risks pertaining to environmental unique opportunity to shift norms and natural calamities to sustainable practices like triggered by climate change, exploring renewable energy, as well as local and global level resource and fuel sources.",model,V,0.5811,S,0.468,quantifier_count=0.00[NONE]; target_year=0.00[NONE]; specific_tech=0.00[NONE],,,,N
S1093,ultratech,2022,BRSR,Details of improvements in FY 2021-2022 FY 2020-2021 environmental and R&D 0.04% 0.06% Conservation of energy Capex 1.32% 0.52% 2. a. Does the entity have procedures in place for sustainable sourcing?,model,V,0.5375,S,0.185,quantifier_count=1.00[0.04%|0.06%|1.32%|0.52%]; target_year=0.00[NONE]; specific_tech=0.00[NONE],,,,Y
S1094,ultratech,2022,BRSR,"These criteria encompass availability of robust policies, compliance certifications like ISO 14001, OHSAS 18001, etc., performance on emissions, water use, human rights, etc. •",model,V,0.5541,S,0.4,vague_adj_ratio=0.00[NONE]; quantifier_count=0.00[NONE]; target_year=0.00[NONE],,,,N
S1095,ultratech,2022,BRSR,"More than 19% of raw material used for production of cement is recycled from industrial waste which is sourced sustainably, leading to an increase of 15.4% usage as compared to the previous year.",model,V,0.5890,S,0.133,vague_adj_ratio=0.00[NONE]; target_year=0.00[NONE]; specific_tech=0.00[NONE],,,,N
S1096,ultratech,2022,BRSR,"Describe the processes in place to safely reclaim your products for reusing, recycling and disposing at the end of life, for (a) Plastics (including packaging) (b) E-waste (c) Hazardous waste and (d) other waste.",model,V,0.5732,S,0.4,vague_adj_ratio=0.00[NONE]; quantifier_count=0.00[NONE]; target_year=0.00[NONE],,,,N
S1097,ultratech,2022,BRSR,Plastic waste generated at the Company’s manufacturing Units is used as fuel in the kilns.,model,V,0.5690,S,0.4,vague_adj_ratio=0.00[NONE]; quantifier_count=0.00[NONE]; target_year=0.00[NONE],,,,N
S1098,ultratech,2022,BRSR,"It also sources plastic waste from local municipal corporations and industries, as alternative fuel.",model,V,0.5690,S,0.4,vague_adj_ratio=0.00[NONE]; quantifier_count=0.00[NONE]; target_year=0.00[NONE],,,,N
S1099,ultratech,2022,BRSR,"The above initiatives result in lower usage of natural resources, thereby reducing environmental footprints and curtailing emissions.",model,V,0.5690,S,0.4,vague_adj_ratio=0.00[NONE]; quantifier_count=0.00[NONE]; target_year=0.00[NONE],,,,N
S1100,ultratech,2022,BRSR,"If yes, whether the waste collection plan is in line with the Extended Producer Responsibility (EPR) plan submitted to Pollution Control Boards?",model,V,0.5541,S,0.4,vague_adj_ratio=0.00[NONE]; quantifier_count=0.00[NONE]; target_year=0.00[NONE],,,,N
S1101,ultratech,2022,BRSR,"Details of total energy consumption (in Joules or multiples) and energy intensity, in the following format: Parameter FY 2021-2022 FY 2020-2021 Total electricity consumption (A) (TJ) 4,627.62 4,404.03 Total fuel consumption (B) (TJ) 2,66,383.00 2,52,120.95 Energy consumption through other sources (C) - - Total energy consumption (A+B+C) (TJ) 2,71,010.62 2,56,524.98 Energy intensity per rupee of turnover (Total energy consumption/ turnover in rupees) 5.15 x 10-7 TJ/` 5.73 x 10-7 TJ/` Note: Indicate if any independent assessment/ evaluation/assurance has been carried out by an external agency?",model,V,0.5042,S,0.0,"vague_adj_ratio=0.00[NONE]; quantifier_count=1.00[tj|fy 2021|fy 2020|,627]; target_year=0.00[NONE]",,,,Y
S1102,ultratech,2022,BRSR,"Please provide details of air emissions (other than GHG emissions) by the entity, in the following format: Parameter Please specify unit FY 2021-2022 FY 2020-2021 NOx Tonnes/Year 73,717.33 87,980.15 SOx Tonnes/Year 9,783.77 7,134.93 Particulate matter (PM) Tonnes/Year 2,873.60 2,386.09 Persistent organic pollutants (POP) - - - Volatile organic compounds (VOC) - - -- Hazardous air pollutants (HAP) - - - Others – please specify - - - 6.",model,V,0.5042,S,0.0,"vague_adj_ratio=0.00[NONE]; quantifier_count=1.00[fy 2021|fy 2020|,717|,980]; target_year=0.00[NONE]",,,,Y
S1103,ultratech,2022,BRSR,"Provide details of greenhouse gas emissions (Scope 1 and Scope 2 emissions) & its intensity, in the following format: Parameter Unit FY 2021-2022 FY 2020-2021 Total Scope 1 emissions (Break-up of the GHG into CO , Metric tonnes of CO 6,14,53,953.42 5,65,85,915 CH , N O, HFCs, PFCs, SF , NF , if available) equivalent Total Scope 2 emissions (Break-up of the GHG into CO , Metric tonnes of CO 10,49,149.39 14,05,920.28 CH , N O, HFCs, PFCs, SF , NF , if available) equivalent Total Scope 1 and Scope 2 emissions per rupee of turnover 0.000118 0.0001296 Total Scope 1 and Scope 2 emission intensity (optional) - - 7. Does the entity have any project related to reducing Green House Gas emission?",model,S,0.5182,S,0.044,"quantifier_count=1.00[fy 2021|fy 2020|,953|,915]; target_year=0.00[NONE]; specific_tech=1.00[scope 1|scope 2]",,,,Y
S1104,ultratech,2022,BRSR,The Company is committed to reduce its carbon footprint and has validated all it’s target with Science Based Target Initiative (SBTi).,manual,V,1.00,S,0.585,quantifier_count=0.00[NONE]; target_year=0.00[NONE]; verb_strength=0.15[committed to],V,2,QA conflict resolution,N
S1105,ultratech,2022,BRSR,"To achieve the target of carbon neutrality by 2050, the Company has taken major initiatives such as WHRS installation and RE 100 which increased the green energy to 17%.",model,V,0.5043,S,0.293,verb_strength=0.10[NONE]; vague_adj_ratio=0.27[green]; quantifier_count=0.67[17%|by 2050],,,,Y
S1106,ultratech,2022,BRSR,"It also adopted processes such as replacing traditional fuel with alternative fuel, improving energy efficiency and using industrial waste as 8.",model,V,0.5690,S,0.4,vague_adj_ratio=0.00[NONE]; quantifier_count=0.00[NONE]; target_year=0.00[NONE],,,,N
S1107,ultratech,2022,BRSR,"Total (A+B + C + D + E + F + G + H) 49,870.33 34,095.73 For each category of waste generated, total waste recovered through recycling, re-using or other recovery operations (in Category of waste (ii) Re-used Not measured (iii) Other recovery operations For each category of waste generated, total waste disposed by nature of disposal method (in metric tonnes)",model,V,0.5890,S,0.133,vague_adj_ratio=0.00[NONE]; target_year=0.00[NONE]; specific_tech=0.00[NONE],,,,N
S1108,ultratech,2022,BRSR,The dry waste is co-processed at the kilns and wet waste is stabilized by composting or is used in − There is no process waste generated from cement manufacturing operation and the dust collected from pollution control equipment is being re-used in the process.,model,V,0.5690,S,0.4,vague_adj_ratio=0.00[NONE]; quantifier_count=0.00[NONE]; target_year=0.00[NONE],,,,N
S1109,ultratech,2022,BRSR,"lube oil, grease and oily cotton, is managed through authorized recyclers in terms of the provisions of Hazardous Waste Rules, 2016.",model,V,0.5690,S,0.4,vague_adj_ratio=0.00[NONE]; quantifier_count=0.00[NONE]; target_year=0.00[NONE],,,,N
S1110,ultratech,2022,BRSR,"− Automatic dust cleaning systems like mechanised sweeping machines for removing dust from floors, concrete/ tar topped roads inside the Units to avoid dispersion of dust and good housekeeping practices have been adopted to control fugitive emissions.",model,V,0.5690,S,0.4,vague_adj_ratio=0.00[NONE]; quantifier_count=0.00[NONE]; target_year=0.00[NONE],,,,N
S1111,ultratech,2022,BRSR,"If the entity has operations/offices in/around ecologically sensitive areas (such as national parks, wildlife sanctuaries, biosphere reserves, wetlands, biodiversity hotspots, forests, coastal regulation zones etc.) where environmental approvals / clearances are required, please specify details in the following format: Whether the conditions of environmental S. approval / clearance are being complied Location of operations/offices Type of operations No. with?",model,V,0.5690,S,0.4,vague_adj_ratio=0.00[NONE]; quantifier_count=0.00[NONE]; target_year=0.00[NONE],,,,N
S1112,ultratech,2022,BRSR,"Is the entity compliant with the applicable environmental law/ regulations/ guidelines in India; such as the Water (Prevention and Control of Pollution) Act, Air (Prevention and Control of Pollution) Act, Environment protection act and rules thereunder (Y/N).",model,V,0.5690,S,0.4,vague_adj_ratio=0.00[NONE]; quantifier_count=0.00[NONE]; target_year=0.00[NONE],,,,N
S1113,ultratech,2022,BRSR,Turnover of products and/ services as a percentage of turnover from all products/service that carry information about: As a percentage to total turnover Environmental and social parameters relevant to the product The Company’s products confirm to all applicable statutory Safe and responsible usage Recycling and/or safe disposal 3.,model,V,0.5679,S,0.477,quantifier_count=0.00[NONE]; target_year=0.00[NONE]; verb_strength=0.10[NONE],,,,N
S1114,ultratech,2023,BRSR,Overview of the entity’s material responsible business c Please indicate material responsible business conduct a social matters that present a risk or an opportunity to yo to adapt or mitigate the risk along-with its financial impl S. Material Issue Indicate whether Rationale for identifying th No. Identified risk or opportunity opportunity on curbing Green for cement manufactur House Gases requires fossil fuel for b Emission the limestone.,model,V,0.5731,S,0.507,quantifier_count=0.00[NONE]; target_year=0.00[NONE]; verb_strength=0.10[NONE],,,,N
S1115,ultratech,2023,BRSR,"Yes les 1 to 9) under the National Guidelines on Responsible Number of Remarks Number of Number of Remarks complaints complaints complaints pending filed during pending resolution at the year resolution at close of the close of the conduct issues: and sustainability issues pertaining to environmental and our business, rationale for identifying the same, approach lications, as per the following format he risk/ In case of risk, approach to adapt or Financial mitigate implications of the risk or opportunity (Indicate positive nput To mitigate the risk, the Company Negative ring and has set voluntary targets to reduce burning emissions by 27% and 69% for cess scope 1 and scope 2 respectively, cination by 2032 from 2017 as base year, ustion which is validated by SBTi.",model,S,0.5551,S,0.034,quantifier_count=1.00[27%|69%|by 2032]; specific_tech=1.00[esp|sbti|scope 1]; vague_adj_ratio=0.06[responsible],,,,N
S1116,ultratech,2023,BRSR,"ribute The Company is taking initiatives mpact such as energy transition to d/or renewables, increasing the waste heat recovery systems, increase in green product portfolio and use of alternative fuels and raw materials.",model,V,0.5744,S,0.514,quantifier_count=0.00[NONE]; target_year=0.00[NONE]; verb_strength=0.10[NONE],,,,N
S1117,ultratech,2023,BRSR,"The Company is also exploring innovative technologies like electrical energy to thermal energy for high temperature applications, carbon capture and potential energy for energy generation.",model,V,0.5541,S,0.4,vague_adj_ratio=0.00[NONE]; quantifier_count=0.00[NONE]; target_year=0.00[NONE],,,,N
S1118,ultratech,2023,BRSR,All these initiatives would lead to net zero by 2050.,model,S,0.5232,S,0.267,vague_adj_ratio=0.00[NONE]; target_year=1.00[|net zero by 2050]; specific_tech=0.00[NONE],,,,Y
S1119,ultratech,2023,BRSR,"This brings an oppor of higher revenue to Company due to its product portfolio an reducing the carbon Safety Opportunity very high importanc safety of its employe continuously focusin the four pillars of saf namely behavioural, contractors, and tra safety.",model,V,0.5690,S,0.4,vague_adj_ratio=0.00[NONE]; quantifier_count=0.00[NONE]; target_year=0.00[NONE],,,,N
S1120,ultratech,2023,BRSR,Xtralite -AAC blocks and rtunity Readiplast - products with o the lower carbon footprint.,model,V,0.5690,S,0.4,vague_adj_ratio=0.00[NONE]; quantifier_count=0.00[NONE]; target_year=0.00[NONE],,,,N
S1121,ultratech,2023,BRSR,IT enabled systems are helping in conducting safety audits from a remote location and assessing vendors and third- party service providers on stringent safety criteria before ffers great The Company is investing Positive er the use heavily in using waste from fuel and various industries and oduction agricultural residuals.,model,V,0.5541,S,0.4,vague_adj_ratio=0.00[NONE]; quantifier_count=0.00[NONE]; target_year=0.00[NONE],,,,N
S1122,ultratech,2024,BRSR,"Innovation Using alternative fuels, help the Company in lowering the clinker factor and alternative fuels help reduce the use of fossil fuels and reduce GHG Products resource utilisation and help customers achieve their sustainability goals will help in achieving sustainability in the Company’s value chain.",model,V,0.5690,S,0.4,vague_adj_ratio=0.00[NONE]; quantifier_count=0.00[NONE]; target_year=0.00[NONE],,,,N
S1123,ultratech,2024,BRSR,Management & efficiency and reducing its Efficiency consumption provides an opportunity to reduce CO (Carbon limestone is major material the Company has Intensive and fuel is required for set voluntary targets Sector; Carbon heating.,model,V,0.5690,S,0.4,vague_adj_ratio=0.00[NONE]; quantifier_count=0.00[NONE]; target_year=0.00[NONE],,,,N
S1124,ultratech,2024,BRSR,"CO is released to reduce emissions Tax) from calcination of by 27% and 69% for limestone and combustion scope 1 and scope of fuel, which lead to 2, respectively, by global warming.",model,S,0.5044,S,0.133,vague_adj_ratio=0.00[NONE]; target_year=0.00[NONE]; specific_tech=1.00[esp|scope 1],,,,Y
S1125,ultratech,2024,BRSR,"GHG 2032 from 2017 as the emission may impact base year, which SBTi business continuity and validates.",model,V,0.5541,S,0.4,vague_adj_ratio=0.00[NONE]; quantifier_count=0.00[NONE]; target_year=0.00[NONE],,,,N
S1126,ultratech,2024,BRSR,"The Company focuses circular economy, 100% energy transition, a new product portfolio, and exploring and piloting the CCU technologies through the GCCA consortium to find economical and technical viable options to achieve net Zero by UltraTech Cement Limited Statutory Reports 223 S. Material Issue Indicate whether Rationale for identifying the In case of risk, approach to Financial implications of the risk No.",model,V,0.5325,S,0.267,vague_adj_ratio=0.00[NONE]; target_year=0.00[NONE]; verb_strength=0.10[NONE],,,,Y
S1127,ultratech,2024,BRSR,"FY 2023-24 FY 2022-23 Details of improvements in environmental and social impacts R&D 39.37 23 Green concrete, low water requirement concrete, improvement in energy efficiency, and others.",model,V,0.5567,S,0.305,target_year=0.00[NONE]; specific_tech=0.00[NONE]; verb_strength=0.10[NONE],,,,N
S1128,ultratech,2024,BRSR,"Capex 2.44 12 Energy efficiency, waste heat recovery, renewable energy, air emission control, alternative fuel handling systems, rainwater harvesting, STP installments and enhanced safety systems.",model,V,0.5754,S,0.52,quantifier_count=0.00[NONE]; target_year=0.00[NONE]; verb_strength=0.10[NONE],,,,N
S1129,ultratech,2024,BRSR,"Describe the processes in place to safely reclaim your products for reusing, recycling and disposing at the end of life, for (a) Plastics (including packaging) (b) E-waste (c) Hazardous waste and (d) other waste.",model,V,0.5732,S,0.4,vague_adj_ratio=0.00[NONE]; quantifier_count=0.00[NONE]; target_year=0.00[NONE],,,,N
S1130,ultratech,2024,BRSR,"The plastic packaging used by the Company is recovered as per Guidelines of Central Pollution Control Board and Ministry of Environment, Forest and Climate Change, in line with Company’s Extended Producer Responsibility (EPR) plan.",model,V,0.6162,S,0.4,vague_adj_ratio=0.00[NONE]; quantifier_count=0.00[NONE]; target_year=0.00[NONE],,,,N
S1131,ultratech,2024,BRSR,"If yes, whether the waste collection plan is in line with the Extended Producer Responsibility (EPR) plan submitted to Pollution Control Boards?",model,V,0.5541,S,0.4,vague_adj_ratio=0.00[NONE]; quantifier_count=0.00[NONE]; target_year=0.00[NONE],,,,N
S1132,ultratech,2024,BRSR,"Name of product/ service Description of the risk/ concern Action Taken Ordinary Portland • Abiotic depletion - elements and • Use of alternative fuels and raw materials, Cement, Portland fossils including waste and recycled materials to Pozzolana Cement, • Global warming potential – reduce dependence on natural resources Portland Slag Cement, high Green House Gases (GHG) •",model,V,0.6408,S,0.462,quantifier_count=0.00[NONE]; target_year=0.00[NONE]; specific_tech=0.00[NONE],,,,N
S1133,ultratech,2024,BRSR,Transition to renewable energy and recovery of Portland Composite emissions waste heat to produce power and reducing Cement dependence on Thermal Power Plants.,model,V,0.5690,S,0.4,vague_adj_ratio=0.00[NONE]; quantifier_count=0.00[NONE]; target_year=0.00[NONE],,,,N
S1134,ultratech,2024,BRSR,• Low carbon products - Reducing clinker content • Investment in R&D for technological advancements to achieve carbon neutrality 3.,model,V,0.5690,S,0.4,vague_adj_ratio=0.00[NONE]; quantifier_count=0.00[NONE]; target_year=0.00[NONE],,,,N
S1135,ultratech,2024,BRSR,It is focusing on reducing the carbon emissions by several ways.,model,V,0.5690,S,0.4,vague_adj_ratio=0.00[NONE]; quantifier_count=0.00[NONE]; target_year=0.00[NONE],,,,N
S1136,ultratech,2024,BRSR,"The decarbonisation framework includes driving efficiency improvements, introducing new technologies for reducing carbon footprint, using alternative energy, recovering waste heat, increasing renewables in the energy mix, introducing green product continuously in the portfolio, adopting circularity, reducing water usage, and improving biodiversity.",model,V,0.5822,S,0.475,quantifier_count=0.00[NONE]; target_year=0.00[NONE]; specific_tech=0.00[NONE],,,,N
S1137,ultratech,2024,BRSR,Provide the following details related to water discharged: Parameter FY 2023-24 FY 2022-23 Water discharge by destination and level of treatment (in kilolitres) (i) To Surface water 0 0 - No treatment 0 0 - With treatment – please specify level of treatment 0 0 (ii) To Groundwater 0 0 -,model,V,0.5259,S,0.133,vague_adj_ratio=0.00[NONE]; target_year=0.00[NONE]; specific_tech=0.00[NONE],,,,Y
S1138,ultratech,2024,BRSR,Total water discharged (in kilolitres) 0 0,model,V,0.5690,S,0.4,vague_adj_ratio=0.00[NONE]; quantifier_count=0.00[NONE]; target_year=0.00[NONE],,,,N
S1139,ultratech,2024,BRSR,"6. Please provide details of air emissions (other than GHG emissions) by the entity, in the following format: Parameter Please specify unit FY 2023-2024 FY 2022-2023 NO Tonnes 91,993.86 84,169.11 SO Tonnes 29,333.00 13,145.82 Particulate matter (PM 2.5)",model,V,0.5042,S,0.0,"vague_adj_ratio=0.00[NONE]; quantifier_count=1.00[fy 2023|fy 2022|,993|,169]; target_year=0.00[NONE]",,,,Y
S1140,ultratech,2024,BRSR,and SO is due to increased production and increased power requirement from TPP which is based on fossil fuel.,model,V,0.5690,S,0.4,vague_adj_ratio=0.00[NONE]; quantifier_count=0.00[NONE]; target_year=0.00[NONE],,,,N
S1141,ultratech,2024,BRSR,"7. Provide details of greenhouse gas emissions (Scope 1 and Scope 2 emissions) & its intensity, in the following Parameter Unit FY 2023-24 FY 2022-23 Total Scope 1 emissions* (Break-up of the GHG into Metric tonnes of 7,12,37,860.00 6,25,30,455.00 CO , CH , N O, HFCs, PFCs, SF , NF , if available)",model,S,0.5261,S,0.0,"vague_adj_ratio=0.00[NONE]; quantifier_count=1.00[fy 2023|fy 2022|,860|,455]; target_year=0.00[NONE]",,,,Y
S1142,ultratech,2024,BRSR,"CO Total Scope 2 emissions (Break-up of the GHG into Metric tonnes of 18,84,386.58 16,95,035.71 CO , CH , N O, HFCs, PFCs, SF , NF , if available)",model,V,0.5108,S,0.133,vague_adj_ratio=0.00[NONE]; target_year=0.00[NONE]; verb_strength=0.10[NONE],,,,Y
S1143,ultratech,2024,BRSR,CO Total Scope 1 and Scope 2 emission intensity per rupee kg CO / rupee 0.103 0.103 of turnover (Total Scope 1 and Scope 2 GHG emissions / Revenue from operations),model,V,0.5391,S,0.4,vague_adj_ratio=0.00[NONE]; quantifier_count=0.00[NONE]; target_year=0.00[NONE],,,,Y
S1144,ultratech,2024,BRSR,Integrated and Sustainability Report 2023-24 Parameter Unit FY 2023-24 FY 2022-23 Total Scope 1 and Scope 2 emission intensity per rupee kg CO /USD 2.286 2.292 of turnover adjusted for Purchasing Power Parity (PPP) (Total Scope 1 and Scope 2 GHG emissions / Revenue from operations adjusted for PPP Total Scope 1 and Scope 2 emission intensity in terms of kg CO /tonne 618.17 618.00 physical output of cementitious Note: Indicate if any independent assessment/ evaluation/assurance has been carried out by an external agency?,model,S,0.5044,S,0.133,vague_adj_ratio=0.00[NONE]; target_year=0.00[NONE]; specific_tech=1.00[scope 1|scope 2],,,,Y
S1145,ultratech,2024,BRSR,Scope 1 & 2 have increased due to increased production WHICH in line with growth aspirations of UltraTech.,model,V,0.5541,S,0.4,vague_adj_ratio=0.00[NONE]; quantifier_count=0.00[NONE]; target_year=0.00[NONE],,,,N
S1146,ultratech,2024,BRSR,"Long term mitigation measures are being worked on, which is evident in net zero road map in alignment with GCCA.",manual,V,1.00,V,0.585,quantifier_count=0.00[NONE]; target_year=0.00[NONE]; specific_tech=0.00[NONE],V,2,QA conflict resolution,N
S1147,ultratech,2024,BRSR,"*Reporting criteria derived from GHG Protocol and GCCA’s Cement CO2 and Energy Protocol, Version 3.1. 8.",model,V,0.5690,S,0.4,vague_adj_ratio=0.00[NONE]; quantifier_count=0.00[NONE]; target_year=0.00[NONE],,,,N
S1148,ultratech,2024,BRSR,Does the entity have any project related to reducing Green House Gas emission?,model,V,0.6155,V,0.666,quantifier_count=0.00[NONE]; target_year=0.00[NONE]; specific_tech=0.00[NONE],,,,N
S1149,ultratech,2024,BRSR,"The Company also has targets to reduce 27% of its Scope 1 emission intensity and 69% of its Scope 2 emission intensity by 2032 from base year 2017, validated by Science Based Targets initiative (SBTi).",model,S,0.5612,S,0.0,vague_adj_ratio=0.00[NONE]; quantifier_count=1.00[27%|69%|by 2032]; specific_tech=1.00[science based targets|sbti|scope 1],,,,N
S1150,ultratech,2024,BRSR,"Under GHG emission reduction initiatives, Company has implemented various projects in areas of energy efficiency, circular economy, low carbon products development, renewable energy and waste heat recovery and is exploring other technological advancements including kiln electrification, carbon capture and storage.",model,V,0.5391,S,0.4,vague_adj_ratio=0.00[NONE]; quantifier_count=0.00[NONE]; target_year=0.00[NONE],,,,Y
S1151,ultratech,2024,BRSR,"Using 100% renewable energy, the heat-generating capabilities of RDHTM units were demonstrated in real-time in the lab trial conducted by Coolbrook.",model,V,0.5475,S,0.267,vague_adj_ratio=0.00[NONE]; target_year=0.00[NONE]; specific_tech=0.00[NONE],,,,Y
S1152,ultratech,2024,BRSR,"We have joined several industry consortium to explore and pilot new technologies to accelerate our decarbonisation journey through carbon capture, utilisation and development of alternative supplementary cementing materials (SCMs), as well as alternative calcination technologies and processes.",model,V,0.5541,S,0.4,vague_adj_ratio=0.00[NONE]; quantifier_count=0.00[NONE]; target_year=0.00[NONE],,,,N
S1153,ultratech,2024,BRSR,Our R&D is also focused on developing low-carbon cement and concrete products.,model,V,0.6746,V,1.0,vague_adj_ratio=1.00[focused on|low-carbon]; quantifier_count=0.00[NONE]; target_year=0.00[NONE],,,,N
S1154,ultratech,2024,BRSR,"Our researchers are exploring new ways to develop green concrete, aimed at reducing our carbon footprint and conserving natural resources by using various SCMs, including C&D wastes.",model,V,0.6195,V,0.666,quantifier_count=0.00[NONE]; target_year=0.00[NONE]; specific_tech=0.00[NONE],,,,N
S1155,ultratech,2024,BRSR,"Revenue from 0.085 - operations adjusted for PPP) (kg/USD) Waste intensity in terms of physical output (tonnes/ tonne of cementitious materials Waste intensity (optional) – the relevant metric may be selected For each category of waste generated, total waste recovered through recycling, re-using or other recovery operations (in metric tonnes)",model,V,0.6304,S,0.4,vague_adj_ratio=0.00[NONE]; quantifier_count=0.00[NONE]; target_year=0.00[NONE],,,,N
S1156,ultratech,2024,BRSR,"Category of waste FY 2023-24 (i) Recycled 52,564 (ii) Re-used 26,57,830 (iii) Other recovery operations - Total 27,10,394",model,V,0.5678,S,0.0,"vague_adj_ratio=0.00[NONE]; quantifier_count=1.00[fy 2023|,564|,830|,394]; target_year=0.00[NONE]",,,,N
S1157,ultratech,2024,BRSR,The remaining 1.9% waste is recycled through authorized recyclers in an eco-friendly manner.,model,V,0.6099,S,0.267,vague_adj_ratio=0.00[NONE]; target_year=0.00[NONE]; specific_tech=0.00[NONE],,,,N
S1158,ultratech,2024,BRSR,"If the entity has operations/offices in/around ecologically sensitive areas (such as national parks, wildlife sanctuaries, biosphere reserves, wetlands, biodiversity hotspots, forests, coastal regulation zones etc.) where environmental approvals / clearances are required, please specify details in the following format: S. Location of operations/offices Type of operations Whether the conditions of environmental No. approval / clearance are being complied If no, the reasons thereof and corrective action taken, if any.",model,V,0.5690,S,0.4,vague_adj_ratio=0.00[NONE]; quantifier_count=0.00[NONE]; target_year=0.00[NONE],,,,N
S1159,ultratech,2024,BRSR,"Is the entity compliant with the applicable environmental law/ regulations/ guidelines in India; such as the Water (Prevention and Control of Pollution) Act, Air (Prevention and Control of Pollution) Act, Environment protection act and rules thereunder (Y/N).",model,V,0.5690,S,0.4,vague_adj_ratio=0.00[NONE]; quantifier_count=0.00[NONE]; target_year=0.00[NONE],,,,N
S1160,ultratech,2024,BRSR,"Provide details Any fines / penalties / Corrective action No. / guidelines which was not of the non- action taken by regulatory taken, if any complied with compliance agencies such as pollution control boards or by courts UltraTech Cement Limited Statutory Reports 247 Leadership Indicators: 1. Water withdrawal, consumption and discharge in areas of water stress (in kilolitres): For each facility / plant located in areas of water stress, provide the following information: (i) Name of the area: Shambhupura (Rajasthan), Tadipatri (Andhra Pradesh), Kovaya (Gujarat), Nathdwara (Rajasthan),",model,V,0.5541,S,0.4,vague_adj_ratio=0.00[NONE]; quantifier_count=0.00[NONE]; target_year=0.00[NONE],,,,N
S1161,ultratech,2024,BRSR,"(iii) Water withdrawal, consumption and discharge in the following format Parameter FY 2023-24 FY2022-23 Water withdrawal by source (in kilolitres) (i) Surface water 1,76,900 3,02,311 (ii) Groundwater 13,43,858 15,38,839 (iii) Third party water - - (iv) Seawater / desalinated water 15,56,989 - (v) Others (Rainwater) 15,61,556 23,40,581 Total volume of water withdrawal (in kilolitres) 46,39,303 41,81,731 Total volume of water consumption (in kilolitres)",model,V,0.5042,S,0.0,"vague_adj_ratio=0.00[NONE]; quantifier_count=1.00[fy 2023|fy2022|,900|,311]; target_year=0.00[NONE]",,,,Y
S1162,ultratech,2024,BRSR,"33,81,111 39,40,839 Water intensity per rupee of turnover (Water consumed / 0.005 0.0307 turnover) (l/rupee) Water intensity (optional) – the relevant metric may be selected - - Water discharge by destination and level of treatment (in kilolitres) - (i) Into Surface water 0 0",model,V,0.5259,S,0.133,vague_adj_ratio=0.00[NONE]; target_year=0.00[NONE]; specific_tech=0.00[NONE],,,,Y
S1163,ultratech,2024,BRSR,"Please provide details of total Scope 3 emissions & its intensity, in the following format: Parameter Unit FY 2023-24 FY2022-23 Total Scope 3 emissions (Break-up of the GHG into CO2, Metric tonnes of 82,50,584.95 42,04,917.64 CH4, N2O, HFCs, PFCs, SF6, NF3, if available)",model,S,0.5110,S,0.0,"vague_adj_ratio=0.00[NONE]; quantifier_count=1.00[fy 2023|fy2022|,584|,917]; target_year=0.00[NONE]",,,,Y
S1164,ultratech,2024,BRSR,CO equivalent Total Scope 3 emissions per rupee of turnover,model,V,0.5541,S,0.4,vague_adj_ratio=0.00[NONE]; quantifier_count=0.00[NONE]; target_year=0.00[NONE],,,,N
S1165,ultratech,2024,BRSR,"Yes, BDO India LLP We have increased the coverage of Scope 3 disclosures from 5 categories in FY23 to 7 categories in FY24.",model,V,0.5541,S,0.4,vague_adj_ratio=0.00[NONE]; quantifier_count=0.00[NONE]; target_year=0.00[NONE],,,,N
S1166,ultratech,2024,BRSR,"If the entity has undertaken any specific initiatives or used innovative technology or solutions to improve resource efficiency, or reduce impact due to emissions / effluent discharge / waste generated, please provide details of the same as well as outcome of such initiatives, as per the following format: Sr. Initiative undertaken Details of the initiative Outcome of the initiative No (Web-link, if any, may be provided along-with summary) of renewable energy and recovered energy in FY 7,18,666 tCO waste heat to substitute electricity - Avoided Scope 1 GHG emissions through generated though thermal power waste heat recovery in FY 24: 16,04,6416 blended cements by substituting clinker blended cements in FY 1,97,14,158 24: with supplementary cementitious materials like fly ash, slag etc.",model,V,0.5594,S,0.133,vague_adj_ratio=0.00[NONE]; target_year=0.00[NONE]; specific_tech=1.00[waste heat recovery|scope 1],,,,N
S1167,ultratech,2024,BRSR,"This helps us to be more sustainable in terms of low natural resource utilisation, save on the extraction, environmental impact of transportation on GHG and air pollution.",manual,V,1.00,V,0.572,quantifier_count=0.00[NONE]; target_year=0.00[NONE]; specific_tech=0.00[NONE],V,2,QA conflict resolution,N
S1168,ultratech,2024,BRSR,We are committed to reduce our GHG emissions from our process and we have made significant process as compared to base year of 2017.,model,V,0.6746,V,1.0,vague_adj_ratio=1.00[committed to|significant|significant]; quantifier_count=0.00[NONE]; target_year=0.00[NONE],,,,N
S1169,ultratech,2024,BRSR,"Our net CO emission intensity has decreased from 632 kg/tonne of cementitious products (in 2017) to 556kg/tonne of cementitious products (12% reduction from base year) this year, which is in line with our target reducing 27% carbon intensity by 2032.",model,V,0.5327,S,0.0,vague_adj_ratio=0.00[NONE]; quantifier_count=1.00[12%|27%|by 2032]; specific_tech=0.00[NONE],,,,Y
S1170,ultratech,2024,BRSR,This has been possible due large influx of Renewable energy to substitute the fossil fuel-based energy and optimization of our manufacturing process.,model,V,0.5690,S,0.4,vague_adj_ratio=0.00[NONE]; quantifier_count=0.00[NONE]; target_year=0.00[NONE],,,,N
S1171,ultratech,2025,BRSR,"The reporting criteria have been derived from the Principles of National Guidelines on Responsible Business Conduct, 2018 (NGRBC), Greenhouse Gas (GHG) Protocol - A Corporate Accounting and Reporting Standard, and Global Cement and Concrete Association's Cement CO2 and Energy Protocol, Version 3.1, developed by the WBCSD Cement Sustainability Initiative (CSI) and European Cement Research Academy (ECRA).",model,V,0.5656,S,0.465,quantifier_count=0.00[NONE]; target_year=0.00[NONE]; verb_strength=0.10[NONE],,,,N
S1172,ultratech,2025,BRSR,"Assurance standard We conducted our assurance engagement in accordance with International Standard on Assurance Engagements (ISAE) 3000 (Revised), “Assurance Engagements Other than Audits or Reviews of Historical Financial Information”, and ISAE 3410, “Assurance Engagements on Greenhouse Gas Statement”, issued by the International Auditing and Standards Board.",model,V,0.5690,S,0.4,vague_adj_ratio=0.00[NONE]; quantifier_count=0.00[NONE]; target_year=0.00[NONE],,,,N
S1173,ultratech,2025,BRSR,"Recycled input material used 3 305-7 Nitrogen Oxide (NOx), Sulphur Oxide (SOx), and other significant air emissions 4 401-1 Employee hire and turnover 5 401-3 Parental leave 6 404-1 Average hours of training per year per employee 7 305-3",model,V,0.6681,S,0.629,quantifier_count=0.00[NONE]; target_year=0.00[NONE]; specific_tech=0.00[NONE],,,,N
S1174,ultratech,2025,BRSR,"Other indirect (Scope 3) GHG emissions (Category 1, Category 2, Category 3, Category 4, Category 5, Category 6, Category 7 and Category 9) 8 - Claim related to status on plastic negativity 9 - Claim related to status on water positivity 10 - Claim related to avoided emissions Integrated and Sustainability Report 2024-25 UltraTech Cement Limited B Wing, Ahura Centre, 2nd Floor, Mahakali Caves Road, Andheri (East), Mumbai - 400 093 www.ultratechcement.com",model,V,0.5686,S,0.4,vague_adj_ratio=0.00[NONE]; quantifier_count=0.00[NONE]; target_year=0.00[NONE],,,,N
