sentence_id,company,year,report_type,sentence_text,label,confidence,llm_label,llm_gw_risk,llm_top_features,kee_label,kee_notes
S0033,jsw,2020,BRR,This will help reduce fresh water consumption by approximately Liquid Discharge Effluent Treatment Plant with a capacity 30 KLD to treat the effluent from Air Cooled Condenser cooling tower.,V,0.5475,S,0.267,vague_adj_ratio=0.00[NONE]; target_year=0.00[NONE]; specific_tech=0.00[NONE],,
S0036,jsw,2020,BRR,The Company has built-in processes and capabilities to help the plants recycle and reuse the waste generated across F ollowing are the key waste management measures undertaken during the year: - V ijayanagar expanded its slag sand plant with an additional capacity of 125 tonnes per hour.,V,0.5475,S,0.267,vague_adj_ratio=0.00[NONE]; target_year=0.00[NONE]; specific_tech=0.00[NONE],,
S0046,jsw,2021,BRR,"ons taken for social impacts are available on https://www.jsw.in/ n-program-overview E1 of Principle-6 Steel, Government of India, in its 2017 policy has included GHG el sector to a level 2.2 – 2.4tCO2 per ton of crude steel produced (tCO2/ & 2.6 – 2.7tCO2 per ton of crude steel produced (tCO2/tCS) by 2030 in ry agreed by all major steel producers as integrated in the National JSW Steel will abide by this target of Government of India The company or to create better products to address various factors including ils are provided in the Integrated Report .",S,0.5301,S,0.187,specific_tech=1.00[jsw steel|tco2]; vague_adj_ratio=0.09[better]; verb_strength=0.10[NONE],,
S0049,jsw,2021,BRR,"About 35 tonnes of waste plastic has been n, with subsequent reduction in electrical energy consumption.",V,0.5475,S,0.267,vague_adj_ratio=0.00[NONE]; target_year=0.00[NONE]; specific_tech=0.00[NONE],,
S0055,jsw,2021,BRR,"Tackling Climate Change With a looming climate crisis in the background, the Company has devised a climate action plan to improve its net carbon emission intensity beyond India’s Nationally Determined Contributions (NDC) and achieve more than 41% reduction by 2030 from the base year of 2005.",S,0.5096,S,0.133,vague_adj_ratio=0.00[NONE]; specific_tech=0.00[NONE]; verb_strength=0.10[NONE],,
S0057,jsw,2021,BRR,"Reducing coke in Blast Furnaces (BFs), increased Pulverised Coal Injection (PCI) and Natural Gas (NG) use in BFs • Energy efficiency and process efficiency improvements through best available • Continue efforts and collaborations towards development of deep decarbonisation technologies such as Carbon Capture Utilisation/Storage (CCUS), use of hydrogen in iron reduction etc.",V,0.5391,S,0.4,vague_adj_ratio=0.00[NONE]; quantifier_count=0.00[NONE]; target_year=0.00[NONE],,
S0058,jsw,2021,BRR,"The Company has an operating Carbon Capture Utilisation (CCU) plant at Salav facility, which is capturing carbon from the exhaust gases generated by sponge iron operations, treating and converting it to approximately 100 TPD CO (99.5% purity) and selling it to the food and beverage industry for use.",V,0.5325,S,0.267,vague_adj_ratio=0.00[NONE]; target_year=0.00[NONE]; verb_strength=0.10[NONE],,
S0060,jsw,2021,BRR,"Multiple operational interventions were implemented during the year to further improve on the sustainability performance and aid the achievement of our targets like installation of Waste Gas Recovery at Sinter Plant 4 resulting in fuel saving, increasing TRT power generation by 22.5% from 8.03 MW in FY 2019-20 to 9.84 MW in FY 2020-21 resulting in reduction in purchased power requirement.",V,0.5042,S,0.0,vague_adj_ratio=0.00[NONE]; quantifier_count=1.00[22.5%|mw|fy 2019|fy 2020]; target_year=0.00[NONE],,
S0068,jsw,2021,BRR,"In Salem, installation of mobile de-dusting system in the Blast Furnace resulted in reduction of fugitive emission from 12,500 ug/m3 to 3,200 ug/m3.",V,0.5108,S,0.133,vague_adj_ratio=0.00[NONE]; target_year=0.00[NONE]; verb_strength=0.10[NONE],,
S0079,jsw,2022,BRSR,"While the y entity that is mandated to file this report, the leadership spire to progress to a higher level in their quest to be socially, elves with integrity, and in a manner that is Ethical, mmes on any of the Principles during the financial year: %age of persons d under the training and its impact category covered by the awareness ude the Committee Meetings which have discussions 100 of BRSR including climate change, biodiversity, water, rmance Indicators, Global trends on sustainability ndustry, external ratings and disclosures, Stakeholder iality, climate change Risks and Opportunities etc. egrity and ethics, core values, code of conduct, and 100 enabling KMPs to drive company’s values, purpose f conduct, adaptive leadership programmes, and ≈40% areness by way of periodical internal communication ESG, Sustainability Initiatives at locations, Actions ndation, Environment Initiatives at locations, Life oduct Sustainability, Biodiversity & its importance for entions for Sustainable World & Safety Management.",V,0.5369,S,0.291,target_year=0.00[NONE]; vague_adj_ratio=0.04[sustainable]; verb_strength=0.10[NONE],,
S0086,jsw,2022,BRSR,"Provide details of greenhouse gas emissions (Scope 1 a Total Scope 1 emissions (Break-up of the GHG into CO2, CH4, Me N2O, HFCs, PFCs, SF6, NF3, if available) Total Scope 2 emissions (Break-up of the GHG into CO2, CH4, Me N2O, HFCs, PFCs, SF6, NF3, if available) Total Scope 1 and Scope 2 emissions per rupee of turnover Total Scope 1 and Scope 2 emission intensity (optional) – the relevant metric may be selected by the entity Note: Indicate if any independent assessment/ evaluation/ assurance has been carried out by an external agency?",V,0.5391,S,0.4,vague_adj_ratio=0.00[NONE]; quantifier_count=0.00[NONE]; target_year=0.00[NONE],,
S0090,jsw,2022,BRSR,We are also collaborating with various technology Carbon Capture Utilisation and Storage (CCUS) op d,V,0.5391,S,0.4,vague_adj_ratio=0.00[NONE]; quantifier_count=0.00[NONE]; target_year=0.00[NONE],,
S0093,jsw,2022,BRSR,Financial year) etric tonnes of CO2 44211310 37523071 etric tonnes of CO2 0.038 kgCO2/` 0.048 kgCO2/` tCO2/tcs 2.50 tCO2/tcs 2.49 tCO2/tcs,V,0.5325,S,0.267,vague_adj_ratio=0.00[NONE]; target_year=0.00[NONE]; verb_strength=0.10[NONE],,
S0095,jsw,2022,BRSR,duction target of 42% reduction over a base year of 2005 till tCO2/tcs.,V,0.5325,S,0.267,vague_adj_ratio=0.00[NONE]; target_year=0.00[NONE]; verb_strength=0.10[NONE],,
S0099,jsw,2022,BRSR,"if the entity has operations/offices in/around ecological sanctuaries, biosphere reserves, wetlands, biodiversity environmental approvals / clearances are required, plea All our integrated steel plant facilities are compliant wi tity, in the following format: Financial Year) reak-up by composition i.e. by materials 13,157,153.4 gh recycling, re-using or other recovery ure of disposal method (in metric tonnes)",V,0.5475,S,0.267,vague_adj_ratio=0.00[NONE]; target_year=0.00[NONE]; specific_tech=0.00[NONE],,
S0110,jsw,2022,BRSR,"Dolvi and planted more than a million saplings in the span of orest cover which is estimated to have carbon capture, over a 25-year period, of approximately 185,000 tonnes.",S,0.5044,S,0.133,vague_adj_ratio=0.00[NONE]; target_year=0.00[NONE]; specific_tech=1.00[carbon capture|dolvi],,
S0115,jsw,2022,BRSR,Responsible business • Obtained Environmental Product Declarations (EPD)- Type III eco-labelling for all finished products from three integrated steel plants • Received an A-band from CDP for the number of best practices the Company is implementing under • Flagged off first-ever Electric Vehicle (EV) for material transfer in line with Company’s objective reduce carbon emissions at coated business.,V,0.5498,S,0.46,quantifier_count=0.00[NONE]; target_year=0.00[NONE]; specific_tech=1.00[esp|cdp],,
S0118,jsw,2022,BRSR,"In April 2022, JUSL, a wholly-owned subsidiary of JSW Steel has received the environmental clearance (EC) for setting up of a greenfield Integrated Steel Plant (ISP) of 13.2 million tonnes per annum (MTPA) crude steel from the Union Ministry of Environment & Forest and Climate Change (MoEF&CC).",V,0.5325,S,0.267,vague_adj_ratio=0.00[NONE]; target_year=0.00[NONE]; verb_strength=0.10[NONE],,
S0124,jsw,2022,BRSR,The Company has developed a climate action plan to improve its carbon emission intensity beyond India’s Nationally Determined Contributions (NDC) and achieve more than 42% reduction by 2030 from the base year of 2005.,S,0.5096,S,0.133,vague_adj_ratio=0.00[NONE]; specific_tech=0.00[NONE]; verb_strength=0.10[NONE],,
S0125,jsw,2022,BRSR,"Improvement of input raw material quality through beneficiation • Increased use of renewable energy and scrap • Reducing coke in Blast Furnaces (BFs), increased Pulverised Coal Injection (PCI) and Natural Gas (NG) • Energy efficiency and process efficiency improvements through best available technologies • Continue efforts and collaborations towards development of deep decarbonisation technologies The Company has an operating Carbon Capture Utilisation (CCU) plant at Salav facility, which is capturing carbon from the exhaust gases generated by sponge iron operations, treating and converting it to approximately 100 TPD CO (99.5% purity) and which is being used in the food and beverage industry for use.",V,0.5174,S,0.267,vague_adj_ratio=0.00[NONE]; target_year=0.00[NONE]; specific_tech=1.00[carbon capture|blast furnace],,
S0126,jsw,2022,BRSR,"The Company has earmarked `10,000 crore over the next few years to decarbonise, the initiatives include shifting to solar power for energy and increase the usage of scrap in the steel making operations.",V,0.5259,S,0.133,vague_adj_ratio=0.00[NONE]; target_year=0.00[NONE]; specific_tech=0.00[NONE],,
S0127,jsw,2022,BRSR,"The Company had set a target of consuming around ~1,000 MW of renewable energy by 2030, and it has progressed steadily towards achieving the same.",S,0.5312,S,0.0,"vague_adj_ratio=0.00[NONE]; quantifier_count=1.00[mw|by 2030|,000]; specific_tech=0.00[NONE]",,
S0128,jsw,2022,BRSR,JSW Steel has entered into a solar and wind power purchase agreement through SPVs set up by JSW Energy Limited.,V,0.5391,S,0.4,vague_adj_ratio=0.00[NONE]; quantifier_count=0.00[NONE]; target_year=0.00[NONE],,
S0144,jsw,2023,BRSR,"Details of total energy consumption (in Joules or multiples) and energy intensity, in the following format: Parameter (Current Financial (Previous Financial Total electricity consumption (A) 12650641 GJ 11703082 GJ Total fuel consumption (B) 481733789 GJ 435079392 GJ Energy consumption through other sources (C) 0 0 Total energy consumption (A+B+C) 494384430 GJ 446782474 GJ Energy intensity per rupee of turnover (Total energy consumption/ turnover in rupees) 0.00038 GJ/₹ 0.00038 GJ/₹ Energy intensity (optional) – the relevant metric may be selected by the entity 23.69 GJ/tcs 25.30 GJ/tcs Note: Indicate if any independent assessment/ evaluation/ assurance has been carried out by an Yes.",V,0.5475,S,0.267,vague_adj_ratio=0.00[NONE]; target_year=0.00[NONE]; specific_tech=0.00[NONE],,
S0147,jsw,2023,BRSR,"Provide details of greenhouse gas emissions (Scope 1 and Scope 2 emissions) & its intensity, in the following format: Parameter Unit (Current Financial (Previous Financial Total Scope 1 emissions (Break-up of the GHG into CO , CH , N O, Metric Tonnes HFCs, PFCs, SF6, NF3, if available) 49359385 44211310 Total Scope 2 emissions (Break-up of the GHG into CO , CH , N O, Metric Tonnes HFCs, PFCs, SF6, NF3, if available) Total Scope 1 and Scope 2 emissions per rupee of turnover kgCO /₹ turnover 0.0378 0.038 Total Scope 1 and Scope 2 emission intensity (optional) tCO /tcs 2.36 2.50 – the relevant metric may be selected by the entity Note: Indicate if any independent assessment/ evaluation/ Yes.",V,0.5391,S,0.4,vague_adj_ratio=0.00[NONE]; quantifier_count=0.00[NONE]; target_year=0.00[NONE],,
S0149,jsw,2023,BRSR,We have set ourselves an ambitious CO emission reduction target of 42% reduction over a base year of 2005 till 2030.,V,0.5475,S,0.267,vague_adj_ratio=0.00[NONE]; target_year=0.00[NONE]; specific_tech=0.00[NONE],,
S0152,jsw,2023,BRSR,We are also collaborating with various technology and engineering companies to explore and evaluate various Carbon Capture Utilisation and Storage (CCUS) options and their applications.,V,0.5391,S,0.4,vague_adj_ratio=0.00[NONE]; quantifier_count=0.00[NONE]; target_year=0.00[NONE],,
S0158,jsw,2023,BRSR,"Provide break-up of the total energy consumed (in Joules or multiples) from renewable and non-renewable sources, in the following format: Parameter (Current Financial (Previous Financial From renewable sources Total electricity consumption (A) 1427160 GJ 0 Total fuel consumption (B 0 0 Energy consumption through other sources (C) 0 0 Total energy consumption (A+B+C) 1427160 GJ 0",V,0.5475,S,0.267,vague_adj_ratio=0.00[NONE]; target_year=0.00[NONE]; specific_tech=0.00[NONE],,
S0159,jsw,2023,BRSR,From Non renewable sources Total electricity consumption (D) 11223481 GJ 11703082 GJ Total fuel consumption (E) 481733789 GJ 435079392 GJ Energy consumption through other sources (F) 0 0 Total energy consumption (D+E+F) 492957270 GJ 446782474 GJ Note: Indicate if any independent assessment/ evaluation/assurance has been carried out by an Yes.,V,0.5475,S,0.267,vague_adj_ratio=0.00[NONE]; target_year=0.00[NONE]; specific_tech=0.00[NONE],,
S0161,jsw,2023,BRSR,"With treatment – please specify level of treatment Vijayanagar, Dolvi and Salem are Zero (iii) To Seawater Discharge Plants.",V,0.5391,S,0.4,vague_adj_ratio=0.00[NONE]; quantifier_count=0.00[NONE]; target_year=0.00[NONE],,
S0171,jsw,2023,BRSR,"JSW have taken up a Mangrove restoration project at Dolvi and planted more than a million saplings in the span of 4 years thereby bringing 340 hectares of land under forest cover which is estimated to have carbon capture, over a 25-year period, of approximately 185,000 tonnes.",S,0.5044,S,0.133,vague_adj_ratio=0.00[NONE]; target_year=0.00[NONE]; specific_tech=1.00[carbon capture|dolvi],,
S0174,jsw,2023,BRSR,Turnover of products and/ services as a percentage of turnover from all products/service that carry information As a percentage to total turnover Environmental and social parameters relevant to the product Safe and responsible usage 100% Recycling and/or safe disposal 3.,V,0.5498,S,0.363,target_year=0.00[NONE]; verb_strength=0.10[NONE]; vague_adj_ratio=0.16[responsible],,
S0175,jsw,2023,BRSR,"interventions under public health, In FY 2022-23, profit after tax was education, skill development, social $10.5 million (`110 crore), compared to infrastructure, waste management, a net loss after tax of $10.6 million (`72 environment, drinking water, women crore) in FY 2021-22. empowerment, and so on.",V,0.5042,S,0.0,vague_adj_ratio=0.00[NONE]; quantifier_count=1.00[million|crore|fy 2022|fy 2021]; target_year=0.00[NONE],,
S0176,jsw,2023,BRSR,"company has developed a comprehensive climate To make this Vision a reality – a comprehensive strategy action plan with the goal of achieving carbon dioxide has been developed which is backed by a robust emission intensity reduction of more than 42% by 2030, Sustainability Framework.",V,0.5054,S,0.216,specific_tech=0.00[NONE]; verb_strength=0.10[NONE]; vague_adj_ratio=0.14[comprehensive],,
S0181,jsw,2023,BRSR,"In addition, the company has Key Sustainability Focus Areas committed `10,000 crore ($1.3 billion) over the next few • Climate Change years towards decarbonisation initiatives, including the shift to solar power for energy and increasing the usage of scrap in steel making operations.",V,0.5042,S,0.0,"vague_adj_ratio=0.00[NONE]; quantifier_count=1.00[crore|billion|,000]; target_year=0.00[NONE]",,
S0184,jsw,2023,BRSR,"• Air Emissions JSW Steel is proud to announce the launch of project SEED (Sustainable Energy Environment and Decarbonisation), a large scale decarbonisation • Local Considerations programme at Vijayanagar plant, as part of the commitment to achieving decarbonisation targets by 2030.",V,0.5001,S,0.367,specific_tech=1.00[vijayanagar|jsw steel]; verb_strength=0.10[NONE]; vague_adj_ratio=0.17[sustainable],,
S0188,jsw,2023,BRSR,5) Water Management JSW Steel has set a target of achieving specific water JSW Steel has been steadily shifting towards cleaner consumption (in steel production) of 2.21 m3/tcs energy sources to optimise its business processes by 2030.,S,0.5247,S,0.133,vague_adj_ratio=0.00[NONE]; verb_strength=0.10[NONE]; quantifier_count=0.67[m3|by 2030],,
S0189,jsw,2023,BRSR,"As the Company’s main steel set a target of installing 10 GW of renewable power production facilities operate in water-scarce areas, JSW capacities and using only renewables in steel making Steel continuously implements process enhancements by 2030 and has made exceptional progress towards to achieve better water conservation and harvesting.",V,0.5036,S,0.206,specific_tech=0.00[NONE]; verb_strength=0.10[NONE]; vague_adj_ratio=0.12[better],,
S0201,jsw,2023,BRSR,"It is designed as a special bag During FY 2022-23, the Company spent `243 crore filter based dry gas cleaning system for sinter plants towards CSR expenditure and the balance of `48 crore and has capabilities to treat up to 430,000 Nm3/hour, was deposited in an escrow account for CSR spending significantly reducing dust emissions.",V,0.5042,S,0.0,"vague_adj_ratio=0.00[NONE]; quantifier_count=1.00[crore|fy 2022|,000]; target_year=0.00[NONE]",,
S0204,jsw,2023,BRSR,"Recognised as a Supplier Engagement Leader by Awards and Recognition on Environment: CDP for implementation of current best practices • Dolvi Works has received CAP 2.0 Award (Climate Action Programme 2022), under the Category for Vijayanagar Energy, Mining and Heavy Manufacturing Sector for outstanding Initiatives and achievement on • Won the IIM National Sustainability Award for best Environment and Energy Management at JSW Steel quality, registering highest product development, profit making, human resources management, and environmental performances during the year.",V,0.5391,S,0.4,vague_adj_ratio=0.00[NONE]; quantifier_count=0.00[NONE]; target_year=0.00[NONE],,
S0205,jsw,2023,BRSR,jswsteel.in/investors/. • Carbon Disclosure Project (CDP) 7) Directors and Key Management Personnel • Principles under United Nations Global Compact,V,0.5391,S,0.4,vague_adj_ratio=0.00[NONE]; quantifier_count=0.00[NONE]; target_year=0.00[NONE],,
S0207,jsw,2024,BRSR,"JSW have taken up a Mangrove restoration project at Dolvi and planted more than a million saplings in the span of 4 years thereby bringing 340 hectares of land under forest cover which is estimated to have carbon capture, over a 25-year period, of approximately 185,000 tonnes.",S,0.5044,S,0.133,vague_adj_ratio=0.00[NONE]; target_year=0.00[NONE]; specific_tech=1.00[carbon capture|dolvi],,
S0212,jsw,2024,BRSR,"Details of beneficiaries of CSR projects: % of beneficiaries from No. of persons benefitted CSR Project vulnerable and marginalised from CSR Projects Health & Nutrition 6,07,260.00 75% Education 5,54,902.00 75% Waste Management 1,47,150.00 75% Agri Livelihood 51,612.00 75% Water, Environment & Sanitation 2,49,630.00 75% Skills Livelihood 18,821.00 75% Promotion of Sports 69,762.00 75% PRINCIPLE 9: Businesses should engage with and provide value to their consumers in a responsible manner Essential Indicators 1.",S,0.5149,S,0.062,"quantifier_count=1.00[75%|,260|,902|,150]; target_year=0.00[NONE]; specific_tech=1.00[esp|gri]",,
S0215,jsw,2024,BRSR,"The HSM in April 2022, JUSL, a wholly owned subsidiary facility has capability of manufacturing plates, of JSW Steel, received the environmental coils and is equipped with advanced features clearance ('Ec') for setting up a 13.2 MTPA such as Digital Reheating Furnaces, Evaporative greenfield integrated Steel Plant ('iSP') cooling System, Waste Heat Recovery System, from the Union Ministry of Environment & Attached Edger in Finishing mills for accurate width Forest and climate change ('MoEF&cc').",V,0.5174,S,0.267,vague_adj_ratio=0.00[NONE]; target_year=0.00[NONE]; specific_tech=1.00[waste heat recovery|jsw steel],,
S0216,jsw,2024,BRSR,"NSL Green Steel Recycling Limited ('NGSRL') land, for which the Divisional Forest Officer, The company has embarked on the journey of Mangrove Forest Division ('WL'), Rajnagar & reducing its carbon footprint by setting a target the collector on January 4, 2024 delivered of 1.95 TcO/Ton of steel from 2.52 TcO by 2030.",V,0.5283,S,0.356,specific_tech=0.00[NONE]; verb_strength=0.10[NONE]; vague_adj_ratio=0.15[green],,
S0219,jsw,2024,BRSR,"Key sustainability focus areas: • climate change The policy also enumerates that efforts will be made to maintain a dividend payout (including dividend distribution tax and dividend on preference shares, if any) in the range of 15% to 20% of the consolidated net profit of the company, • Water resources in any financial year, subject to compliance of covenants • Waste with lenders/bondholders.",V,0.5259,S,0.133,vague_adj_ratio=0.00[NONE]; target_year=0.00[NONE]; specific_tech=0.00[NONE],,
S0221,jsw,2024,BRSR,The company has set a • Human rights target to transition from thermal to renewable energy usage for which it has planned installation of 10 GW • indigenous people renewable energy capacities by 2030.,S,0.5096,S,0.133,vague_adj_ratio=0.00[NONE]; specific_tech=0.00[NONE]; verb_strength=0.10[NONE],,
S0223,jsw,2024,BRSR,Supply chain sustainability The company had entered into Power Purchase • Sustainable mining Agreement for procurement of 958 MW of renewable • Social sustainability power (733 MW Wind and 225 MW Solar) earlier.,V,0.5403,S,0.393,target_year=0.00[NONE]; specific_tech=1.00[mw solar|mw wind]; verb_strength=0.10[NONE],,
S0226,jsw,2024,BRSR,The The Board of Directors has now approved entering company is taking a number of steps in its journey into contract for procuring a hybrid renewable energy towards decarbonisation: generation capacity of 600 MW (200 MW Solar and 400 MW Wind) along with 320 MWh battery storage at •,V,0.5174,S,0.267,vague_adj_ratio=0.00[NONE]; target_year=0.00[NONE]; specific_tech=1.00[mw solar|mw wind],,
S0227,jsw,2024,BRSR,"The company has set a target to reduce its cO emission intensity by 42% by 2030 (from 2005 base the above renewable capacities are being set up under year), and become Net Neutral in carbon emissions the group captive norms prescribed under the Electricity for all operations under its direct control by 2050 •",S,0.5312,S,0.0,vague_adj_ratio=0.00[NONE]; quantifier_count=1.00[42%|by 2030|by 2050]; specific_tech=0.00[NONE],,
S0228,jsw,2024,BRSR,"The company has earmarked USD 1.25 billion dollars in addition to this, the company is continuously towards initiatives to reduce our cO emissions to achieve its 2030 target practices to conserve energy and optimise input costs.",V,0.5122,S,0.267,vague_adj_ratio=0.00[NONE]; specific_tech=0.00[NONE]; verb_strength=0.10[NONE],,
S0234,jsw,2024,BRSR,5) Water Management 8) Biodiversity The company has set a target of achieving specific JSW Steel pursues the biodiversity conservation for the water consumption (in steel production) of 2.21 m3/ protection and management of biodiversity to obtain tcs by 2030.,S,0.5247,S,0.133,vague_adj_ratio=0.00[NONE]; verb_strength=0.10[NONE]; quantifier_count=0.67[m3|by 2030],,
S0245,jsw,2024,BRSR,The Maximised Emission after set off was `298 crore.,V,0.5475,S,0.267,vague_adj_ratio=0.00[NONE]; target_year=0.00[NONE]; specific_tech=0.00[NONE],,
S0248,jsw,2024,BRSR,Exceed OHS Other awards received by respective Plants award & conference 2022 in the Steel category Vijayanagar • Recognised with “Platinum award” for EcO innovative • Won the prestigious Gold award in the Waste product by Grow care india Management category at the 14th Exceed Green • Recognised with “Gold award” for Excellence in Future Award & conference 2023 Energy Efficiency by Grow care india • Declared as a Gold Award winner in the international • Recognised with “Gold award” for Excellence in Research institute for Manufacturing (iRiM)’s india Water Management by Grow care india Green Manufacturing challenge (iGMc) Awards 2023 • 16 teams participated and won 16 Gold (First category) awards in chapter convention on Quality •,V,0.5448,S,0.432,quantifier_count=0.00[NONE]; target_year=0.00[NONE]; specific_tech=1.00[esp|vijayanagar],,
S0249,jsw,2024,BRSR,"• carbon Disclosure Project ('cDP') Pursuant to the recommendation of the Nomination • Principles under United Nations Global compact and Remuneration committee, the Board of Directors of the company (Board) at its meeting held on January • National Guidelines on Responsible Business 25, 2024, had subject to the approval of the members conduct ('NGRBc') at the ensuing AGM of the company, approved the The necessary disclosures under these guidelines, re-appointment of Mr. Jayant Acharya as a Whole-time together with the articulation of company’s approach to Director of the company, designated as Jt.",V,0.5475,S,0.447,quantifier_count=0.00[NONE]; target_year=0.00[NONE]; specific_tech=1.00[esp|carbon disclosure project|cdp],,
S0262,jsw,2025,BRSR,"Principle (In INR) judicial institutions (Yes/No) Penalty/Fine 1 Principle 6 Chhattisgarh 360,000 Emission of smoke from duct canopy from the shed of No Environment SMS Unit and high emission from the chimney of the Conservation Board, sinter plant was observed by Regional officer and Chief Raipur (CG) Chemist of C.E.C.B. Penalty/Fine 2 Principle 6 Chhattisgarh 570,000 Penalty letters received from Chhattisgarh No Environment Environment Conservation Board (CECB) RO for Conservation Board Improper tarpaulin covering of Coal transporting truck.",V,0.5475,S,0.267,vague_adj_ratio=0.00[NONE]; target_year=0.00[NONE]; specific_tech=0.00[NONE],,
S0269,jsw,2025,BRSR,Provide the following details related to water discharged (in kilolitres): Current Financial Year Previous Financial Year Water discharge by destination and level of treatment (in kilolitres) (i) To Surface water No treatment 0.00 Kl 0.00 Kl With treatment – please specify level of treatment 0.00,V,0.5475,S,0.267,vague_adj_ratio=0.00[NONE]; target_year=0.00[NONE]; specific_tech=0.00[NONE],,
S0270,jsw,2025,BRSR,No treatment 0.00 Kl 0.00 Kl With treatment – please specify level of treatment 0.00 Kl 0.00 Kl Total water discharged (in kilolitres) 0.00 Kl 0.00 Kl Note: Indicate if any independent assessment/evaluation/assurance has been carried out by an external agency?,V,0.5475,S,0.267,vague_adj_ratio=0.00[NONE]; target_year=0.00[NONE]; specific_tech=0.00[NONE],,
S0273,jsw,2025,BRSR,"Provide details of greenhouse gas emissions (Scope 1 and Scope 2 emissions) and its intensity: Current Financial Year Previous Financial Year Total Scope 1 emissions (Break-up of the GHG into CO , CH , N O, HFCs, Ton CO 5,31,00,751.63 5,21,06,566.00 PFCs, SF , NF , if available) Total Scope 2 emissions (Break-up of the GHG into CO , CH , N O, HFCs, Ton CO 16,53,056.65 10,61,079.00 PFCs, SF , NF , if available) Total Scope 1 and Scope 2 emissions per rupee of turnover (Total Scope 1 and Scope 2 GHG emissions/Revenue from operations)",S,0.5261,S,0.0,"vague_adj_ratio=0.00[NONE]; quantifier_count=1.00[,751|,566|,056|,079]; target_year=0.00[NONE]",,
S0274,jsw,2025,BRSR,Ton CO /I 0.00004356 0.00003979 Total Scope 1 and Scope 2 emissions intensity per rupee of turnover Ton CO /USD 0.00090008 0.000891 adjusted for Purchasing Power Parity (PPP),V,0.5391,S,0.4,vague_adj_ratio=0.00[NONE]; quantifier_count=0.00[NONE]; target_year=0.00[NONE],,
S0275,jsw,2025,BRSR,(Total Scope 1 and Scope 2 GHG emissions/Revenue from operations adjusted for PPP),V,0.5391,S,0.4,vague_adj_ratio=0.00[NONE]; quantifier_count=0.00[NONE]; target_year=0.00[NONE],,
S0276,jsw,2025,BRSR,Total Scope 1 and Scope 2 emissions intensity in terms of physical outputTon,V,0.5391,S,0.4,vague_adj_ratio=0.00[NONE]; quantifier_count=0.00[NONE]; target_year=0.00[NONE],,
S0277,jsw,2025,BRSR,2.436 2.44 Total Scope 1 and Scope 2 emissions intensity (optional) – the relevant metric may be selected by the entity Note: Indicate if any independent assessment/evaluation/assurance has been carried out by an external agency?,V,0.5391,S,0.4,vague_adj_ratio=0.00[NONE]; quantifier_count=0.00[NONE]; target_year=0.00[NONE],,
S0279,jsw,2025,BRSR,We have set ourselves an ambitious CO emission reduction target of 42% reduction over a base year of 2005 till 2030.,V,0.5475,S,0.267,vague_adj_ratio=0.00[NONE]; target_year=0.00[NONE]; specific_tech=0.00[NONE],,
S0282,jsw,2025,BRSR,We are also collaborating with various technology and engineering companies to explore and evaluate various Carbon Capture Utilization and Storage (CCUS) options and their applications.,V,0.5391,S,0.4,vague_adj_ratio=0.00[NONE]; quantifier_count=0.00[NONE]; target_year=0.00[NONE],,
S0284,jsw,2025,BRSR,Currently we are already using RE power from 225 MW Solar plant and partly from 600 MW wind power plant which is under commissioning.,V,0.5174,S,0.267,vague_adj_ratio=0.00[NONE]; target_year=0.00[NONE]; specific_tech=1.00[solar plant|mw solar|mw wind],,
S0293,jsw,2025,BRSR,"Water withdrawal, consumption and discharge in the following format: Current Financial Year Previous Financial Year Water withdrawal by source (in kilolitres) (i) Surface water 59303549.05 Kl 55245020.00 Kl (ii) Groundwater 118140.00",V,0.5475,S,0.267,vague_adj_ratio=0.00[NONE]; target_year=0.00[NONE]; specific_tech=0.00[NONE],,
S0294,jsw,2025,BRSR,32105186.16 Kl 29934640.00 Kl Water intensity per rupee of turnover (Water consumed/turnover) 0.00002554 Kl/I 0.00002240 Kl/I Water intensity (optional) – the relevant metric may be selected by the entity Current Financial Year Previous Financial Year Water discharge by destination and level of treatment (in kilolitres) (i) Into Surface water No treatment 0.00 Kl 0.00 Kl With treatment – please specify level of treatment 0.00,V,0.5475,S,0.267,vague_adj_ratio=0.00[NONE]; target_year=0.00[NONE]; specific_tech=0.00[NONE],,
S0295,jsw,2025,BRSR,No treatment 0.00 Kl 0.00 Kl With treatment – please specify level of treatment 0.00 Kl 0.00 Kl Total water discharged (in kilolitres) 0.00 Kl 0.00 Kl Source-India water tool 3.0 for water stress area details.,V,0.5475,S,0.267,vague_adj_ratio=0.00[NONE]; target_year=0.00[NONE]; specific_tech=0.00[NONE],,
S0302,jsw,2025,BRSR,The Board of Directors had approved the capital expenditure to be incurred by JUSL for setting up: (a) a JUSL has received environmental clearance (EC) for setting up a 13.2 MTPA greenfield Integrated Steel Plant (“KMs”) from the Nuagaon mines to Jagatsinghpur; and (ISP) from the Union Ministry of Environment & Forest (b) an 8 MTPA pellet plant at Jagatsinghpur including land and Climate Change (MoEF&CC).,V,0.5475,S,0.267,vague_adj_ratio=0.00[NONE]; target_year=0.00[NONE]; specific_tech=0.00[NONE],,
S0307,jsw,2025,BRSR,"The implementation by the European Union and the second phase of the modernisation of Baytown Government of India's initiatives to bring down carbon plate mill will allow JSW Steel (USA) Inc. to supply emission in the Steel industry and support it reach net plate for applications including heavy plates for zero by 2070 are likely to develop a global market for pressure vessels, bridges, mining and agricultural green steel.",V,0.5496,S,0.459,quantifier_count=0.00[NONE]; target_year=0.00[NONE]; specific_tech=1.00[jsw steel|gri],,
S0314,jsw,2025,BRSR,"The total purchase consideration emissions, Biodiversity, Local considerations, Human for the transaction (including closing adjustments) rights, Indigenous people, Cultural heritage, Business is I4,159 crore.",V,0.5475,S,0.267,vague_adj_ratio=0.00[NONE]; target_year=0.00[NONE]; specific_tech=0.00[NONE],,
S0319,jsw,2025,BRSR,"By embedding R&D into its towards climate change mitigation by reducing its CO sustainability strategy, JSW Steel is not only addressing 2 emission intensity by 30% from its base year of 2005 in environmental risks but also positioning itself as a FY 25.",V,0.5325,S,0.267,vague_adj_ratio=0.00[NONE]; target_year=0.00[NONE]; verb_strength=0.10[NONE],,
S0322,jsw,2025,BRSR,Board has already approved 2.5GW of RE capacity installation combined with 320MWh of battery storage (such as fugitive emissions) pollution.,V,0.5259,S,0.133,vague_adj_ratio=0.00[NONE]; target_year=0.00[NONE]; specific_tech=0.00[NONE],,
S0325,jsw,2025,BRSR,The The Company has achieved a specific water Maximised Emission Reduction of Sintering (MEROS) consumption level of 2.35 m3/tcs in FY 25 and has with Waste Gas Recirculation (WGR) System at Dolvi set a target of achieving specific water consumption and Vijayanagar is designed as a special bag filter (in steel production) of 2.21 m3/tcs by 2030.,V,0.5242,S,0.133,vague_adj_ratio=0.00[NONE]; specific_tech=1.00[vijayanagar|dolvi]; verb_strength=0.85[achieved],,
S0332,jsw,2025,BRSR,"The Report which forms a part of the Annual Report, along with all the related  Carbon Disclosure Project (CDP) policies, can also be viewed on the Company’s website:  Principles under United Nations Global Compact https://www.jswsteel.in/investors/jsw-steel-financials- (UNGC) annual-reports. ",V,0.5391,S,0.4,vague_adj_ratio=0.00[NONE]; quantifier_count=0.00[NONE]; target_year=0.00[NONE],,
S0339,tata,2019,BRR,"GHG emission intensity Zero effluent discharge by 2025 Sustain LD slag utilisation at 100% Ensure no net loss of biodiversity at our mining locations Rain Water Harvesting, Noamundi Iron Mine NATURAL CAPITAL (Continued)",V,0.5145,S,0.242,specific_tech=0.00[NONE]; verb_strength=0.15[ensure]; vague_adj_ratio=0.18[ensure],,
S0341,tata,2019,BRR,The steel industry contributes to about 6-8% of global emission and is considered to be a ‘hard to abate sector’ since carbon is used as a reductant in the steelmaking process and low carbon steelmaking technologies are yet to be commercialised.,V,0.5475,S,0.267,vague_adj_ratio=0.00[NONE]; target_year=0.00[NONE]; specific_tech=0.00[NONE],,
S0342,tata,2019,BRR,"Cognisant of India’s commitment and the sectoral requirements, Tata Steel has set an aspirational goal of <2 tCO/tcs emission by 2025.",V,0.5122,S,0.267,vague_adj_ratio=0.00[NONE]; specific_tech=0.00[NONE]; verb_strength=0.10[NONE],,
S0343,tata,2019,BRR,"Over the years, the adoption of best available technologies for waste heat recovery such as Top Recovery Turbine (TRT), Coke Dry Quenching (CDQ), use of by-product gases in power generation and other energy efficiency initiatives have resulted in improving resource efficiency as well as reducing carbon footprint.",V,0.5391,S,0.4,vague_adj_ratio=0.00[NONE]; quantifier_count=0.00[NONE]; target_year=0.00[NONE],,
S0345,tata,2019,BRR,A benchmark for the industry Tata Steel Jamshedpur is the Indian benchmark for CO emission intensity at 2.29 tCO/tcs and energy intensity at 5.67 GCal/tcs for steel production through Blast Furnace - Basic Oxygen Furnace (BF-BOF) route.,V,0.5391,S,0.4,vague_adj_ratio=0.00[NONE]; quantifier_count=0.00[NONE]; target_year=0.00[NONE],,
S0346,tata,2019,BRR,Some such • Carbon Capture and Use (CCU) at Tata Steel Jamshedpur and at the Ferro-Chrome plant at Bamnipal •,V,0.5391,S,0.4,vague_adj_ratio=0.00[NONE]; quantifier_count=0.00[NONE]; target_year=0.00[NONE],,
S0351,tata,2019,BRR,Scope 1 21.10 21.02 25.53 26.52 Scope 1.1 2.27 2.31 3.69 3.96 Scope 2 0.72 0.74 1.11 1.17 Scope 3 -1.08 -1.19 -2.21 -1.99 Overall 23.02 22.89 28.11 29.66 Europe (incl.,V,0.5391,N,0.0,quantifier_count=0.00[NONE]; verb_strength=0.05[NONE]; vague_adj_ratio=0.00[NONE],,
S0358,tata,2019,BRR,This could reduce carbon emission by 50-60% as compared to traditional steel production.,V,0.5475,S,0.267,vague_adj_ratio=0.00[NONE]; target_year=0.00[NONE]; specific_tech=0.00[NONE],,
S0361,tata,2020,BRR,"2,52,681 Natural Capital ‐ TSJ - Energy intensity (Gcal/tcs) 5.63 ‐ TSK - Energy intensity (Gcal/tcs) 6.27 ‐ TSL - Specific water consumption (m3/tcs)",V,0.5475,S,0.267,vague_adj_ratio=0.00[NONE]; target_year=0.00[NONE]; specific_tech=0.00[NONE],,
S0375,tata,2020,BRR,The facility produced over 10 MnT CO emission and energy intensity.,V,0.5475,S,0.267,vague_adj_ratio=0.00[NONE]; target_year=0.00[NONE]; specific_tech=0.00[NONE],,
S0379,tata,2020,BRR,"Our Strategy Strategic Review Statutory Reports Financial Statements 02 20 28 46 84 206 Strategic linkage Material issues addressed ‐ CO emission ‐ Achieve <2 tCO/tcs GHG emission ‐ Water consumption and effluent discharge intensity by 2025 ‐ Waste management ‐ Achieve specific water consumption ‐ Renewable and clean energy <3 m3/tcs by 2025 ‐ Biodiversity ‐ Sustain LD slag utilisation at 100% ‐ Energy efficiency ‐ Ensure no net loss of biodiversity at ‐ Air pollution our mining locations ‐ Circular economy ‐ Supply chain sustainability SO2 - Consolidate position as a global cost leader SO4 - Industry leadership in Corporate Social Responsibility, and Safety, Health and Environment",S,0.5347,S,0.041,quantifier_count=1.00[100%|m3|by 2025]; vague_adj_ratio=0.07[ensure]; verb_strength=0.15[ensure],,
S0381,tata,2020,BRR,"We aspire to take our carbon integrated steel operations at Jamshedpur Jamshedpur unit is in the midst of the emissions to <2 tCO/tcs for our and Kalinganagar abated 0.5 MnT of CO by city, our efforts in upgrading air pollution India operations, attain zero waste and implementing process improvements and control equipment and better environment reduce specific water consumption to energy conservation projects.",V,0.5457,S,0.4,target_year=0.00[NONE]; specific_tech=1.00[jamshedpur|kalinganagar]; verb_strength=0.15[aspire],,
S0382,tata,2020,BRR,in dust emission since FY 2016-17.,V,0.5475,S,0.267,vague_adj_ratio=0.00[NONE]; target_year=0.00[NONE]; specific_tech=0.00[NONE],,
S0383,tata,2020,BRR,"With the The R&D team is collaborating with crude steel production ramping up to We continue our pursuit of establishing technology companies and academia to best-in-class facilities and constantly invest work on a wide range of technologies, which operations of pollution control system have to upgrade manufacturing and distribution includes carbon capture, use and storage resulted in a 56% reduction in dust emissions facilities to improve operational and (CCUS), hydrogen-based steelmaking and new from the first year of operations in FY 2016-17.",S,0.5044,S,0.133,vague_adj_ratio=0.00[NONE]; target_year=0.00[NONE]; specific_tech=1.00[ccus|carbon capture],,
S0396,tata,2020,BRR,Scope 2 0.74 1.11 1.17 1.17 1.08 CIRCULAR ECONOMY Scope 3 -1.19 -2.21 -1.99 -1.81 -1.75 Steel has a unique property of being infinitely Overall 22.89 28.11 29.66 31.03 30.39 recyclable with some risk of downcycling.,V,0.5391,S,0.4,vague_adj_ratio=0.00[NONE]; quantifier_count=0.00[NONE]; target_year=0.00[NONE],,
S0397,tata,2020,BRR,"Emissions based on CO2 data collection user guide, version 9, World Steel Association Primarily, the Electric Arc Furnace (EAF) method for steelmaking, with lower carbon footprint, is used for re-melting of steel.",V,0.5391,S,0.4,vague_adj_ratio=0.00[NONE]; quantifier_count=0.00[NONE]; target_year=0.00[NONE],,
S0400,tata,2020,BRR,"9.39 6.49 9.69 001 #Defined as amount of nitrogen oxides (in kilograms) emitted from stacks for producing one ton of crude steel ##Defined as amount of sulphur oxides (in kilograms) emitted from stacks for producing one ton of crude steel *Defined as freshwater consumption per tonne of crude steel produced (at TSK, water loss at clarifier is excluded in the calculation) $ Defined as effluent discharged (in cubic metres) from operational premises for producing one ton of crude steel @Defined as amount of solid waste used internally or externally + sold outside as a percentage of total solid waste generation Corporate Overview Performance Review Our Strategy Strategic Review Statutory Reports Financial Statements 02 20 28 46 84 206 Social and relationship capital Co-creating a shared future At Tata Steel, we believe a successful business is built on FY 2019-20 Highlights time-tested relationships based on mutual trust, respect and benefits.",V,0.5325,S,0.267,vague_adj_ratio=0.00[NONE]; target_year=0.00[NONE]; verb_strength=0.10[NONE],,
S0402,tata,2021,BRR,Reduction in specific fresh water Reduction in stack dust emission consumption since FY 2016-17 intensity since FY 2016-17 Impact on SDGs Rated ‘A-’ (Leadership band) for Climate Change and Supply Chain disclosure in CDP 2020,V,0.5325,S,0.267,vague_adj_ratio=0.00[NONE]; target_year=0.00[NONE]; verb_strength=0.10[NONE],,
S0403,tata,2021,BRR,Governance Snapshot Tata Steel and Materiality Reports Statements Strategic linkage Key #CombatCo2v02i5d G1o9a lsinitiatives in FY21 2030 Goals Climate change Achieve CO emission intensity of <2 tCO /tcs for Achieve CO emission intensity of <1.8 tCO/tcs Tata Steel India for Tata Steel India Water Achieve specific freshwater consumption of » Achieve specific freshwater consumption of 2 m3/tcs across all steelmaking sites <1.5 m3/tcs across all steel making sites » Aim for water neutrality Circular economy Achieve material efficiency of 99% at all » Sustain material efficiency at 100% at all steelmaking sites steelmaking sites » Increase IBMD EBITDA by 2.4 times over 2020 » Build recycling business in steel and other materials (>5 MnTPA) Biodiversity Develop and implement Biodiversity Aspire for no net loss of biodiversity Management Plans (BMPs) for all operations sites (including raw material locations),V,0.5039,S,0.059,quantifier_count=1.00[99%|100%|m3|mnt]; target_year=0.00[NONE]; vague_adj_ratio=0.10[aim|aspire],,
S0404,tata,2021,BRR,"Dust emission Achieve specific dust emission intensity of Achieve benchmark dust emission intensity by 0.4 kg/tcs for Tata Steel India adopting best available technology Supply chain Coverage of 100% critical supply chain partners Integrate ESG performance of partners in for ESG risk assessment and collaborate for procurement decision-making risk mitigation Product Cover 100% of steelmaking and downstream Disclose environment performance of 100% sites under Life Cycle Assessment of products ResponsibleSteelTM Certification of all steelmaking sites - Material issues addressed » CO emission » Renewable and clean energy » Circular economy » Water consumption and effluent » Biodiversity » Supply chain sustainability » Energy efficiency » Waste management » Air pollution Our approach to managing natural capital We focus on operational excellence through our ‘Prevent, is underpinned by our strategies on low Minimise, Recover, Reuse and Recycle’ approach.",V,0.5415,S,0.293,target_year=0.00[NONE]; vague_adj_ratio=0.04[focus on]; verb_strength=0.15[focus on],,
S0410,tata,2021,BRR,"Our continuous efforts for reducing stack emission During FY 2020-21, a comparative LCA study was load has resulted in the reduction of dust emission carried out between our HabiNest structure and a intensity by 34% and 62% since FY 2016-17 at TSJ and similar type of conventional structure.",V,0.5042,S,0.0,vague_adj_ratio=0.00[NONE]; quantifier_count=1.00[34%|62%|fy 2020|fy 2016]; target_year=0.00[NONE],,
S0411,tata,2021,BRR,Performance About Stakeholders Statutory Financial Leadership Strategy Capitals Governance Snapshot Tata Steel and Materiality Reports Statements GHG management Jamshedpur Works GHG emissions from Indian steelmaking operations (million tCO2),V,0.5391,S,0.4,vague_adj_ratio=0.00[NONE]; quantifier_count=0.00[NONE]; target_year=0.00[NONE],,
S0412,tata,2021,BRR,Steelmaking Sites Scope FY17 FY18 FY19 FY20 FY21 Tata Steel Limited (TSJ+TSK) Scope 1 25.53 26.52 27.14 26.53 24.84 Scope 1.1 3.69 3.96 4.53 4.53 4.51 Scope 2 1.11 1.17 1.17 1.08 0.95 Scope 3 (2.21) (1.99) (1.81) (1.75) (1.98),V,0.5391,N,0.0,quantifier_count=0.00[NONE]; verb_strength=0.05[NONE]; vague_adj_ratio=0.00[NONE],,
S0418,tata,2021,BRR,Renewable energy projects with a combined improvement of resource efficiency as well as reduction potential of ~150 MW have been initiated based on a of carbon footprint.,V,0.5475,S,0.267,vague_adj_ratio=0.00[NONE]; target_year=0.00[NONE]; specific_tech=0.00[NONE],,
S0423,tata,2021,BRR,"advances coupled with adoption Specific fresh water consumption of of best practices, such as reusing TSJ (2.25 m3/tcs in FY 2020-21, of treated town sewage water for excluding drinking water industrial purpose at Jamshedpur consumption) is one of the lowest works, recycling of industrial effluent in the steel industry in India.",V,0.5108,S,0.133,vague_adj_ratio=0.00[NONE]; target_year=0.00[NONE]; verb_strength=0.10[NONE],,
S0424,tata,2021,BRR,"In our at all sites and recovery of storm pursuit to make Jamshedpur the first runoff water at Kalinganagar works city in India to achieve zero sewage has enabled reduction of specific fresh discharge into the river, two Sewage water consumption by 41% and 46% Treatment Plants (STPs) with capacity at TSJ and TSK, respectively since of 45 million litres per day (MLD) FY 2016-17.",S,0.5261,S,0.0,vague_adj_ratio=0.00[NONE]; quantifier_count=1.00[41%|46%|million|fy 2016]; target_year=0.00[NONE],,
S0426,tata,2021,BRR,"Primarily, the Electric Arc Furnace (EAF) method for steelmaking, with lower carbon footprint, is used for re-melting of steel.",V,0.5391,S,0.4,vague_adj_ratio=0.00[NONE]; quantifier_count=0.00[NONE]; target_year=0.00[NONE],,
S0436,tata,2022,BRSR,Solid waste utilisation Steel producer to join Sea Cargo Charter to reduce Scope 3 emission Coal Bed Methane Injection trial in Blast Furnace First of its kind in the world MATERIAL ISSUES,V,0.5391,S,0.4,vague_adj_ratio=0.00[NONE]; quantifier_count=0.00[NONE]; target_year=0.00[NONE],,
S0442,tata,2022,BRSR,"continuous efforts have resulted in an reducing dependence on freshwater We maintain state-of-the-art accredited overall reduction of 29% in stack dust consumption, pollution control, laboratories for environmental emission intensity since FY 2017-18.",V,0.5259,S,0.133,vague_adj_ratio=0.00[NONE]; target_year=0.00[NONE]; specific_tech=0.00[NONE],,
S0445,tata,2022,BRSR,"Additionally, journey so far in minimising air emission establishing best-in-class facilities and JN Tata Park, West Bokaro we are conducting Source Apportionment studies in the The expected results of Roadmap Plus are mentioned below: steel plant and surrounding area (20-kilometer radius) to identify key sources of air pollution, their contribution to the overall ambient air quality in the region and thereby › By 2022, a 50% reduction in the emission of develop air quality management plans to improve the Polycyclic aromatic hydrocarbons (PAH) ambient air quality of Jamshedpur.",S,0.5119,S,0.18,vague_adj_ratio=0.08[plans to]; verb_strength=0.15[plans to]; quantifier_count=0.67[50%|by 2022],,
S0447,tata,2022,BRSR,"− Reduction of approximately 85% odour emissions experienced by the surrounding At our UK operations, we pursue targeted investment in environmental control technology to achieve reductions in our impact.",V,0.5475,S,0.267,vague_adj_ratio=0.00[NONE]; target_year=0.00[NONE]; specific_tech=0.00[NONE],,
S0453,tata,2022,BRSR,"We are undertaking concrete actions in the short term, while continuing to invest in sustainable solutions to produce climate-neutral steel in Water management Water is a key material issue for Tata Steel as most of our operations in India are located near rivers (Jamshedpur Dust suppression at Noamundi Mine through water sprinkling and Gamharia plants near the Subarnarekha river, and Performance About Stakeholders Value Statutory Financial Snapshot Tata Steel Leadership Strategy and Materiality Creation Reports Statements Kalinganagar and Meramandali plants near Brahmani river).",V,0.5462,S,0.44,quantifier_count=0.00[NONE]; target_year=0.00[NONE]; specific_tech=1.00[jamshedpur|kalinganagar],,
S0458,tata,2022,BRSR,"To minimise the withdrawal of fresh water from rivers and to make Jamshedpur a zero-sewage discharge city, we are reusing the treated municipal wastewater from two sewage treatment plants (STPs) of 45 and 16 MLD (million litres per day) capacities into our operations.",V,0.5325,S,0.267,vague_adj_ratio=0.00[NONE]; target_year=0.00[NONE]; verb_strength=0.10[NONE],,
S0470,tata,2022,BRSR,"We have held streamline the construction of public sector buildings, such over 100 working sessions with our automotive Original as schools and health facilities, meeting the government’s Equipment Manufacturers (OEMs) and their customers in industrial strategy of reducing costs by a third, delivering recent years and have been able to develop jointly agreed buildings in half the time and with a 50% reduction in roadmaps for decarbonisation, circularity and responsible carbon emissions from the sector.",V,0.5409,S,0.314,target_year=0.00[NONE]; vague_adj_ratio=0.08[responsible]; verb_strength=0.10[NONE],,
S0472,tata,2022,BRSR,"vehicle range, coupled with high power and torque density, R&D building, Tata Steel Jamshedpur Works Envisioning a decarbonised future Iron and steel have been central to human development for making process through the Blast Furnace.",V,0.5391,S,0.4,vague_adj_ratio=0.00[NONE]; quantifier_count=0.00[NONE]; target_year=0.00[NONE],,
S0476,tata,2022,BRSR,"As per International Energy Agency (IEA), the steel sector emits 2.6 Gt CO annually, which accounts for 7-9% of global sectors for GHG emissions because of hard-to-abate metallurgical coal being used as a reductant in the iron Climate Action Governance Board and Apex level Governance Operational level Governance At Tata Steel, climate action is an integral part of In 2018, a Centre of Excellence for GHG reduction and business strategy and risk management and is driven mitigation (cross-functional team with members from by the Company’s Board, with implementation through Operations, Technology and R&D, Sustainability, Finance an organisation-wide governance structure.",V,0.5475,S,0.267,vague_adj_ratio=0.00[NONE]; target_year=0.00[NONE]; specific_tech=0.00[NONE],,
S0484,tata,2022,BRSR,"Based on global scenarios on technology, government policy, consumer behaviour and Company’s asset configuration, our decarbonisation strategy is set out in three-time horizons, as mentioned below: Short-term (by 2025): Shifts in business models › Entry into Steel Recycling Business to create a formal our Indian sites, plan to commission 11.8 MW of solar circular economy for steel in India; a 0.5 MnTPA scrap power plants by FY 2022-23 at our Thailand facilities processing unit (first shredding unit in India) was › Internal Carbon Pricing: To boost the carbon abatement commissioned in FY 2020-21 and multiple units across projects appraisal in India, we have increased the different regions are in the pipeline internal carbon pricing from US$15 to US$40/tonne COe › Utilisation of higher scrap charge in the steelmaking in FY 2021-22, which we plan to review in FY 2022-23 process in India › Tata Steel Nederland:",S,0.5027,S,0.0,vague_adj_ratio=0.00[NONE]; quantifier_count=1.00[mw|mnt|fy 2022|fy 2020]; target_year=1.00[|fy],,
S0498,tata,2022,BRSR,"by 2030 Our CO reduction ambitions in Europe are in line with the European Commission’s proposals for new Climate Law that will enshrine in law a target of a 55% reduction in CO Our targets for the India business take into account India’s emissions by 2030 (compared to 1990), which will be a big growth ambitions, increasing steel consumption, evolving step for the EU becoming climate neutral by 2050.",S,0.5312,S,0.0,vague_adj_ratio=0.00[NONE]; quantifier_count=1.00[55%|by 2030|by 2050]; specific_tech=0.00[NONE],,
S0499,tata,2022,BRSR,"The 360o marketing excavation and pre-engineering building segments campaign resulted in ~66% growth in retail product with 28% and 25% Y-o-Y growth respectively and offerings in FY 2021-22 expanded its presence in niche segments comprising solar, transmission towers, crash barriers and › Nest-In: Nest-In deploys various approaches to water pipelines engage with customers at all stages of the customer life cycle.",S,0.5110,S,0.0,vague_adj_ratio=0.00[NONE]; quantifier_count=1.00[66%|28%|25%|fy 2021]; target_year=0.00[NONE],,
S0500,tata,2022,BRSR,"Tata Steel is one of the few companies to measure end-to-end Scope 3 emissions in all modes of transportation, giving it an equal focus as Scope 1 and Scope 2 emissions.",V,0.5391,S,0.4,vague_adj_ratio=0.00[NONE]; quantifier_count=0.00[NONE]; target_year=0.00[NONE],,
S0506,tata,2022,BRSR,"Integration of ESG performance of supply chain partners in procurement decision-making has been planned through Implementation of Green Procurement Framework in FY 2022-23 with key raw material suppliers and focussed projects on reducing carbon footprint Pioneered the use of EVs for steel transportation Caring for the community For over a century, Tata Steel has been serving the marginalised and voiceless sections of the community across more than 4,500 villages in nine districts of Jharkhand and Odisha.",V,0.5353,S,0.185,target_year=0.00[NONE]; specific_tech=0.00[NONE]; vague_adj_ratio=0.09[green],,
S0508,tata,2022,BRSR,"Tata Steel Standalone - Jamshedpur, Kalinganagar, Absolute emissions -Scope 1+1.1 MnT 30.5 31.7 31.1 29.4 46.2 Absolute emissions - Scope 2 MnT 1.2 1.2 1.1 1.0 1.7 Absolute emissions - Scope 3 MnT",V,0.5174,S,0.267,vague_adj_ratio=0.00[NONE]; target_year=0.00[NONE]; specific_tech=1.00[jamshedpur|kalinganagar|scope 1],,
S0509,tata,2022,BRSR,-2.0 -1.8 -1.8 -2.0 -3.2 Total absolute emissions (Scope 1+1.1+2 + 3) MnT 29.7 31 30.4 28.3 44.7 CO emissions intensity tCO/tcs 2.37 2.35 2.31 2.32 2.43 Tata Steel Long Products Limited - Gamharia Absolute emissions - Scope 1 MnT - - 3.0 3.1 3.2 Absolute emissions - Scope 2 MnT - - 0.0 0.0 0.0 Absolute emissions - Scope 3 MnT -,V,0.5174,S,0.267,vague_adj_ratio=0.00[NONE]; target_year=0.00[NONE]; specific_tech=1.00[scope 1|scope 2|scope 3],,
S0510,tata,2022,BRSR,- -0.3 -0.4 -0.3 Total absolute emissions (Scope 1 +2 + 3) MnT - - 2.7 2.8 3.0 CO emissions intensity tCO/tcs - - 4.52 4.29 4.39 Absolute emissions - Scope 1 MnT 7.0 6.4 7.1 6.5 6.9 Absolute emissions - Scope 2 MnT 0.5 0.4 0.4 0.3 0.4 Absolute emissions - Scope 3 MnT 0.6 0.5 0.5 0.5 0.4 Total absolute emissions (Scope 1 +2 + 3) MnT 8.1 7.4 8.0 7.3 7.7 CO emissions intensity (Port Talbot) tCO/tcs 2.18 2.21 2.22 2.14 2.16 Tata Steel Netherlands Absolute emissions - Scope 1+1.1 MnT 13 12 12 11 12 Absolute emissions - Scope 2 MnT (0.15) (0.18) (0.13) (0.06) (0.10) Absolute emissions - Scope 3 MnT 0.08 0.15 0.16 0.17 0.27,V,0.5174,S,0.267,vague_adj_ratio=0.00[NONE]; target_year=0.00[NONE]; specific_tech=1.00[port talbot|scope 1|scope 2],,
S0511,tata,2022,BRSR,Absolute emissions - Scope 1 MnT - - - 66.0 75.7 Absolute emissions - Scope 2 MnT - - - 4.8 5.6 Absolute emissions - Scope 3 MnT - - - 12.6 11.9 Total absolute emissions (Scope 1 +2 + 3) MnT - - - 83.4 93.2 * worldsteel methodology allows credits due to export to various co-products / byproducts (incl.,V,0.5174,S,0.267,vague_adj_ratio=0.00[NONE]; target_year=0.00[NONE]; specific_tech=1.00[scope 1|scope 2|scope 3],,
S0514,tata,2022,BRSR,"Consolidated emissions of Tata Steel has been arrived at by using equity based approach For TSJ, TSK and TSM, Absolute Scope 1 emissions are 46.7 MntCO2e, Absolute Scope 2 emissions are 4.4 MntCO2e, Absolute Scope 3 emissions are 1.5 MntCO2e.",V,0.5174,S,0.267,vague_adj_ratio=0.00[NONE]; target_year=0.00[NONE]; specific_tech=1.00[tco2|tco2e|scope 1],,
S0523,tata,2023,BRSR,"has adopted policies intended to help Specific dust load is the key it become the international benchmark Steel, with a resource-intensive environment performance indicator in stack dust emission by 2030 and is manufacturing process, generates for Tata Steel and at all our operating currently developing strategies and emissions and effluents, impacting sites and we have the necessary conducting feasibility studies, as below: the nature.",V,0.5273,S,0.327,specific_tech=0.00[NONE]; vague_adj_ratio=0.10[intended]; verb_strength=0.15[intend|intended],,
S0528,tata,2023,BRSR,pursuit of establishing best- at a level that is lower by 50% to Tata Steel Nederland’s nitrogen 80% than the prevailing prescribed oxide emissions have already been in-class facilities and ensure norms.,V,0.5498,S,0.242,target_year=0.00[NONE]; specific_tech=0.00[NONE]; verb_strength=0.15[ensure],,
S0529,tata,2023,BRSR,"up a new DeNOx installation at the Pelletising Plant, which is part of Tata Steel Nederland’s multi-year Roadmap+ 67% investments of c. €300M. The DeNOx installation is expected to reduce Tata Steel’s total nitrogen oxide emissions Estimated reduction at IJmuiden by c. 30%, compared to 2019, upon commissioning in 2025.",V,0.5108,S,0.133,vague_adj_ratio=0.00[NONE]; target_year=0.00[NONE]; verb_strength=0.10[NONE],,
S0530,tata,2023,BRSR,"in specific stack dust As part of the Pellet Plant, Tata Steel emissions since FY2004-05 has introduced a new technology that has not yet been applied on this scale at Tata Steel Limited.",V,0.5475,S,0.267,vague_adj_ratio=0.00[NONE]; target_year=0.00[NONE]; specific_tech=0.00[NONE],,
S0533,tata,2023,BRSR,"We reuse the treated steel industry benchmark in specific for cooling, dust suppression, cleaning, effluents for low-end applications like freshwater consumption to less than temperature control (heat treatment), coke quenching, blast furnace slag 1.50 m3/tonne of crude steel by 2030 transport of waste materials (ash, granulation, steel slag quenching, for its Indian operations.",S,0.5247,S,0.133,vague_adj_ratio=0.00[NONE]; verb_strength=0.10[NONE]; quantifier_count=0.67[m3|by 2030],,
S0534,tata,2023,BRSR,"Our European Major initiatives taken by Tata Steel Initiatives to achieve the goal include operations are based out of coastal (in India) in FY2022-23 to minimise its enhancing recovery recycling reuse of locations and have access to adequate specific freshwater consumption and wastewater, eliminating losses in the water supply.",V,0.5475,S,0.267,vague_adj_ratio=0.00[NONE]; target_year=0.00[NONE]; specific_tech=0.00[NONE],,
S0535,tata,2023,BRSR,"reduction of effluent discharge include: processes, adopting dry process like Tata Steel is looking to minimise − Enhancing water recovery through gas cleaning plant in the blast furnaces fresh water withdrawal from rivers augmentation of Central Effluent and steel melting shops, process-level while maximising the recycling of Treatment Plant from 4 million benchmarking and improvements and treated waste effluents within the gallons per day (MGD) to 9 MGD at enhancing rainwater harvesting.",V,0.5325,S,0.267,vague_adj_ratio=0.00[NONE]; target_year=0.00[NONE]; verb_strength=0.10[NONE],,
S0543,tata,2023,BRSR,"It is a step aligned All local authorities now collect steel to the Company’s goal of achieving Net packaging at the kerbside, contributing Zero carbon emission by 2045.",V,0.5122,S,0.267,vague_adj_ratio=0.00[NONE]; specific_tech=0.00[NONE]; verb_strength=0.10[NONE],,
S0551,tata,2023,BRSR,"i 2 n reducing Scope 3 12,000 tonnes of used refractories.",V,0.5108,S,0.133,vague_adj_ratio=0.00[NONE]; target_year=0.00[NONE]; verb_strength=0.10[NONE],,
S0553,tata,2023,BRSR,Tata Steel Halmstad and Naantali Service Centres in Sweden and Finland respectively are already Supply chain sustainability fully Scope 1 and Scope 2 carbon neutral operations.,V,0.5391,S,0.4,vague_adj_ratio=0.00[NONE]; quantifier_count=0.00[NONE]; target_year=0.00[NONE],,
S0561,tata,2023,BRSR,Company is currently working on the 70% of global production is through A number of the potential pathway towards its Net Zero target the blast furnace route which relies on technology solutions are being as it evaluates investment priorities coal.,V,0.5325,S,0.267,vague_adj_ratio=0.00[NONE]; target_year=0.00[NONE]; verb_strength=0.10[NONE],,
S0565,tata,2023,BRSR,"In the FY 2022-23 (Global financial markets to price climate route but consumes more electricity Comment), the Company adopted the change related risks to support and is not yet able to produce the entire target to be net zero across its entire informed, efficient capital-allocation range of value-added grades of steel.",V,0.5475,S,0.267,vague_adj_ratio=0.00[NONE]; target_year=0.00[NONE]; specific_tech=0.00[NONE],,
S0568,tata,2023,BRSR,"The Board has constituted disclosures, and members from both Scope 1, Scope 2, and, if appropriate, specific committees (including financial and non-financial companies Scope 3 emissions.",V,0.5391,S,0.4,vague_adj_ratio=0.00[NONE]; quantifier_count=0.00[NONE]; target_year=0.00[NONE],,
S0573,tata,2023,BRSR,framework of transition to low carbon 40 MnTPA.,V,0.5475,S,0.267,vague_adj_ratio=0.00[NONE]; target_year=0.00[NONE]; specific_tech=0.00[NONE],,
S0578,tata,2023,BRSR,neighbours Tata Steel’s Kalinganagar substitution of carbon in blast furnaces 3.,V,0.5391,S,0.4,vague_adj_ratio=0.00[NONE]; quantifier_count=0.00[NONE]; target_year=0.00[NONE],,
S0581,tata,2023,BRSR,Piloting new technologies in Tata Steel operates 1 MnTPA of EAF first step towards creating an economic partnership with academia on technology to produce speciality framework and the foundation for the pilot projects which are currently long products at its Gamharia site in investment thesis for de-carbonisation.,V,0.5325,S,0.267,vague_adj_ratio=0.00[NONE]; target_year=0.00[NONE]; verb_strength=0.10[NONE],,
S0582,tata,2023,BRSR,"116 116th Year Integrated Report & Annual Accounts 2022-23 Harnessing renewable energy at Tata Steel Kalinganagar steel plant at Ludhiana, Punjab at an Europe Long-term (2031 – 2045) investment of ₹2,600 crore.",V,0.5324,S,0.253,target_year=0.00[NONE]; verb_strength=0.10[NONE]; vague_adj_ratio=0.20[long-term],,
S0590,tata,2023,BRSR,Tata Steel is reduction of over 2 million tonnes of its Jamshedpur Works in April 2023 undertaking detailed engagement with CO emissions per annum.,V,0.5325,S,0.267,vague_adj_ratio=0.00[NONE]; target_year=0.00[NONE]; verb_strength=0.10[NONE],,
S0593,tata,2023,BRSR,The fuel consumption and CO emissions 2 blast furnaces with a steelmaking Company plans to set up modular EAF upon use of greener fuels in the blast capacity of 7 MnTPA.,V,0.5487,S,0.417,target_year=0.00[NONE]; specific_tech=1.00[blast furnace|eaf]; verb_strength=0.15[plans to],,
S0594,tata,2023,BRSR,"made a public commitment to reduce 117 116th Year Integrated Report & Annual Accounts 2022-23 Climate Change Report its CO emissions by 5 Megatons by EMW Stahl Service, Arania, Permastore 2030 and to be fully climate-neutral and Hardt Hyperloop have reached by 2045 via an accelerated transition agreements to source this steel.",V,0.5122,S,0.267,vague_adj_ratio=0.00[NONE]; specific_tech=0.00[NONE]; verb_strength=0.10[NONE],,
S0596,tata,2023,BRSR,"As the of improvements at its blast furnaces in Tata Steel has also undertaken a technology selection, the project Port Talbot will reduce the site’s carbon detailed and systematic assessment of economics and discussions with the footprint by about 1,60,000 tonnes of Physical and Transition risks in a Climate Government of Netherlands is finalised, CO a year.",S,0.5044,S,0.133,vague_adj_ratio=0.00[NONE]; target_year=0.00[NONE]; specific_tech=1.00[blast furnace|port talbot],,
S0630,tata,2023,BRSR,"It global average and does not include publication of the final methodology, has developed sector-leading expertise actual emission factor based on the expected in Q2 of FY2023-24.",V,0.5475,S,0.267,vague_adj_ratio=0.00[NONE]; target_year=0.00[NONE]; specific_tech=0.00[NONE],,
S0636,tata,2023,BRSR,"Tata Steel has reporting of Scope 3 emissions been recognised by its peers for its − Total emission, Scope 1, 2 and against a longer list of 15 different excellence in LCA, receiving prestigious 3, as per the Greenhouse Gas categories.",V,0.5391,S,0.4,vague_adj_ratio=0.00[NONE]; quantifier_count=0.00[NONE]; target_year=0.00[NONE],,
S0640,tata,2023,BRSR,"Target secured a rating of A-, placing it very Recognising the likely changes in Net Zero by 2045 close to the top within steel sector reporting methodologies in future, listings.",S,0.5232,S,0.267,vague_adj_ratio=0.00[NONE]; target_year=1.00[|net zero by 2045]; specific_tech=0.00[NONE],,
S0641,tata,2023,BRSR,Tata Steel has started reporting its Tata Steel’s performance on its emission as per the GHG Protocol F. Disclosure key performance indicators has from FY2021-22 onwards.,V,0.5475,S,0.267,vague_adj_ratio=0.00[NONE]; target_year=0.00[NONE]; specific_tech=0.00[NONE],,
S0642,tata,2023,BRSR,"emission intensity as per the WSA worldsteel (the World Steel Association) 121 116th Year Integrated Report & Annual Accounts 2022-23 Environmental Social Governance (ESG) Factsheet FY2022-23 Tata Steel Limited (Standalone), Tata Steel Long Products Limited, Tata Steel Nederland BV, Tata Steel UK Limited and Tata Steel (Thailand) PCL account for ~ 90% of our global group turnover.",V,0.5259,S,0.133,vague_adj_ratio=0.00[NONE]; target_year=0.00[NONE]; specific_tech=0.00[NONE],,
S0644,tata,2023,BRSR,Tata Steel Limited (Standalone)@ Scope 1 Million tonnes 31.7 31.1 29.4 46.2 46.3 Scope 2 Million tonnes 1.2 1.1 1.0 1.7 1.7 Scope 3 Million tonnes,V,0.5174,S,0.267,vague_adj_ratio=0.00[NONE]; target_year=0.00[NONE]; specific_tech=1.00[scope 1|scope 2|scope 3],,
S0645,tata,2023,BRSR,-1.8 -2.0 -3.2 -3.0# Scope 1 +2 + 3 Million tonnes 31.0 30.4 28.3 44.7 45.0 CO2 emissions intensity tCO /tcs 2.35 2.31 2.32 2.43 2.38# Tata Steel Long Products Limited (including NINL)@ Scope 1 Million tonnes - 3.0 3.1 3.2 4.1,V,0.5325,S,0.267,vague_adj_ratio=0.00[NONE]; target_year=0.00[NONE]; verb_strength=0.10[NONE],,
S0646,tata,2023,BRSR,Scope 2 Million tonnes - 0.0 0.0 0.0 0.1 Scope 3 (Gamharia) Million tonnes - - - - -0.3# Scope 3 (Gamharia & NINL),V,0.5174,S,0.267,vague_adj_ratio=0.00[NONE]; target_year=0.00[NONE]; specific_tech=1.00[scope 2|scope 3],,
S0650,tata,2023,BRSR,Scope 1 Million tonnes 6.4 7.1 6.5 6.9 5.7 Scope 2 Million tonnes 0.4 0.4 0.3 0.4 0.2,V,0.5174,N,0.0,quantifier_count=0.33[million]; verb_strength=0.05[NONE]; vague_adj_ratio=0.00[NONE],,
S0651,tata,2023,BRSR,Scope 3 Million tonnes 0.5 0.5 0.5 0.4 0.1# Scope 1 +2 + 3 Million tonnes 7.4 8.0 7.3 7.7 6.0 CO emissions intensity tCO/tcs 2.21 2.22 2.14 2.16 2.05# Tata Steel Nederland BV@ Scope 1 Million tonnes 12.5 11.8 10.9 11.6 10.9,V,0.5174,N,0.0,quantifier_count=0.33[million]; verb_strength=0.05[NONE]; vague_adj_ratio=0.00[NONE],,
S0652,tata,2023,BRSR,-0.3 Scope 3 Million tonnes 0.1 0.2 0.2 0.3 0.3# Scope 1 +2 + 3 Million tonnes 12.4 11.9 11.0 11.7 10.9 CO emissions intensity tCO/tcs 1.77 1.76 1.78 1.78 1.78# Tata Steel (Thailand) PCL@ Scope 1 Million tonnes 0.2 0.2 0.2 0.2 0.2 Scope 2 Million tonnes 0.4 0.4 0.4 0.5 0.4 Scope 3 Million tonnes 0.1 0.1 0.1 0.1 0.1,V,0.5174,N,0.0,quantifier_count=0.33[million]; verb_strength=0.05[NONE]; vague_adj_ratio=0.00[NONE],,
S0653,tata,2023,BRSR,"Scope 1 +2 + 3 Million tonnes 0.7 0.7 0.7 0.8 0.7 CO2 emissions intensity tCO2/tcs 0.64 0.67 0.64 0.61 0.59 Tata Steel Consolidated (with slag credit) tCO2/tcs - - 2.20 2.19 2.21 GHG emissions (based on GHG protocol, in Million tCO2e) Tata Steel Limited (Standalone) Absolute emissions - Million tonnes - - - - 47.1# Scope 1 for steel making sites Absolute emissions -Scope 1 for all sites Million tonnes - - 32.5 49.2 49.6",V,0.5174,S,0.267,vague_adj_ratio=0.00[NONE]; target_year=0.00[NONE]; specific_tech=1.00[tco2|tco2e|scope 1],,
S0654,tata,2023,BRSR,Absolute emissions - Million tonnes - - - - 4.63# Scope 2 for steel making sites Absolute emissions - Scope 2 for all sites Million tonnes - - 3.9 5.4 5.6 Absolute emissions - Scope 3 Million tonnes - - 5.2 5.9 5.7 Total absolute emissions Million tonnes - - 41.5 60.5 61.0 (Scope 1 +2 + 3) for all sites Tata Steel Long Products Limited including NINL Absolute emissions - Million tonnes - - - - 3.18# Scope 1 for steel making sites Absolute emissions -Scope 1 for all sites Million tonnes - - 3.9 4.1 4.9(1) # KPIs assured by Price Waterhouse & Co.,V,0.5174,S,0.267,vague_adj_ratio=0.00[NONE]; target_year=0.00[NONE]; specific_tech=1.00[scope 1|scope 2|scope 3],,
S0655,tata,2023,BRSR,Chartered Accountants LLP Tata Steel Nederland BV Absolute emissions - Million tonnes - - - - 10.93# Scope 1 for steel making sites* Absolute emissions -Scope 1 for all sites Million tonnes - - - 11.7 11.2 Absolute emissions - Million tonnes - - - - 0.0# Scope 2 for steel making sites Absolute emissions - Scope 2 for all sites Million tonnes - - - 0.80 0.60 Absolute emissions - Scope 3 Million tonnes - - - 5.0 3.8 Total absolute emissions Million tonnes - - - 17.4 15.6 (Scope 1 +2 + 3) for all sites Tata Steel (Thailand) PCL Absolute emissions - Scope 1 Million tonnes - - 0.2 0.2 0.2 Absolute emissions - Scope 2 Million tonnes - - 0.4 0.5 0.5 Absolute emissions - Scope 3 Million tonnes - - 0.2 0.2 0.2 Total absolute emissions (Scope 1 +2 + 3) Million tonnes - - 0.8 0.9 0.8 Tata Steel Consolidated (including other entities),V,0.5174,S,0.267,vague_adj_ratio=0.00[NONE]; target_year=0.00[NONE]; specific_tech=1.00[scope 1|scope 2|scope 3],,
S0656,tata,2023,BRSR,Absolute emissions - Scope 1 Million tonnes - - 66.0 75.7 75.5 Absolute emissions - Scope 2 Million tonnes - - 4.8 5.0 5.2 Absolute emissions - Scope 3 Million tonnes - - 12.6 13.5 13.1 Total absolute emissions (Scope 1 +2 + 3) Million tonnes - - 83.4 94.2 93.8 Total absolute emissions tCOe/Million ₹ - - 45.2 33.1 33.2 (Scope 1 +2) per unit revenue - worldsteel methodology allows credits due to export of various co-products / by-products (incl.,V,0.5174,S,0.267,vague_adj_ratio=0.00[NONE]; target_year=0.00[NONE]; specific_tech=1.00[scope 1|scope 2|scope 3],,
S0657,tata,2023,BRSR,TSUK numbers for FY2022-23 aligned with parent company to include slag credit in the CO2 intensity calculations.,V,0.5475,S,0.267,vague_adj_ratio=0.00[NONE]; target_year=0.00[NONE]; specific_tech=0.00[NONE],,
S0659,tata,2023,BRSR,Scope 1.1 emissions under worldsteel scope considered direct emissions under Scope 1 for steelmaking sites - Scope 2 emissions are location based for all entities - Uncertainty of total emissions < 3% - Entity-wise data represents absolute gross emissions independent of equity held by Tata Steel.,V,0.5174,S,0.267,vague_adj_ratio=0.00[NONE]; target_year=0.00[NONE]; specific_tech=1.00[scope 1|scope 2],,
S0660,tata,2023,BRSR,Consolidated emissions of Tata Steel has been arrived at by using equity based approach - FY2021-22 numbers are updated post verification in July 2022 * Calculated based only on CO2 emissions factor.,V,0.5475,S,0.267,vague_adj_ratio=0.00[NONE]; target_year=0.00[NONE]; specific_tech=0.00[NONE],,
S0673,tata,2023,BRSR,"Thousand - - 1,057 851 1,050 Solid waste utilisation (Gamharia) % - - - - 92.6# Solid waste utilisation (Gamharia & Joda) % - - 111.65 83.2 92.2 # KPIs assured by Price Waterhouse & Co.",V,0.5259,S,0.133,vague_adj_ratio=0.00[NONE]; target_year=0.00[NONE]; specific_tech=0.00[NONE],,
S0674,tata,2023,BRSR,Chartered Accountants LLP 125 116th Year Integrated Report & Annual Accounts 2022-23 Environmental Social Governance (ESG) Factsheet FY2022-23 Tata Steel UK Limited@ (CY)2 Solid waste generated Thousand - 231 186 111 3146 Solid waste utilised Thousand - 221 113 85 3086 Solid waste sent to landfill / incineration Thousand - 4 4 7 6 Solid waste utilisation % - 95.9 60.5 76.1 98.0# 5Some waste from previous year has been utilised.,V,0.5475,S,0.267,vague_adj_ratio=0.00[NONE]; target_year=0.00[NONE]; specific_tech=0.00[NONE],,
S0675,tata,2023,BRSR,"% 74.1 78.3 79.1 74.7 71.6# Tata Steel (Thailand) PCL Solid waste generated Thousand 211 201 222 266 254 Solid waste utilised Thousand 210 200 221 265 254 Solid waste sent to landfill / incineration Thousand 0.70 0.36 0.46 0.69 0.4 Solid waste utilisation % 99.7 99.8 99.8 99.7 99.8 Energy Intensity Tata Steel Limited (Standalone)@ Energy consumption GJ - - - - 44,43,89,343# Energy Intensity GJ/tcs 24.35 24.17 24.11 23.62 23.43# Tata Steel Long Products Limited@",V,0.5475,S,0.267,vague_adj_ratio=0.00[NONE]; target_year=0.00[NONE]; specific_tech=0.00[NONE],,
S0679,tata,2023,BRSR,These contribute over 98% of Tata Steel’s consolidated revenues 99% of Tata Steel's Consolidated emission footprint.,V,0.5259,S,0.133,vague_adj_ratio=0.00[NONE]; target_year=0.00[NONE]; specific_tech=0.00[NONE],,
S0683,tata,2023,BRSR,Tata Steel has committed to a deca target of Net Zero by 2045 and transition Iron to low carbon steelmaking is critical for bed the long-term success of the Company.,V,0.5389,S,0.587,target_year=1.00[|net zero by 2045]; specific_tech=0.00[NONE]; verb_strength=0.15[committed to],,
S0684,tata,2023,BRSR,Approach to adapt or mitigate a Steel has set an ambitious target to be Net Zero emissions by 2045.,V,0.5122,S,0.267,vague_adj_ratio=0.00[NONE]; specific_tech=0.00[NONE]; verb_strength=0.10[NONE],,
S0686,tata,2023,BRSR,"d methane) in blast furnaces, carbon capture & usage, increased ap usage in existing operations and scrap-based steelmaking.",V,0.5391,S,0.4,vague_adj_ratio=0.00[NONE]; quantifier_count=0.00[NONE]; target_year=0.00[NONE],,
S0688,tata,2023,BRSR,Tata Steel has adopted a target to be Net Zero emissions by 2045 and increased (b) Ta usage of scrap in its steelmaking process a p is one of its strategies to become a green Re steel producer.,V,0.5393,S,0.417,specific_tech=0.00[NONE]; verb_strength=0.10[NONE]; vague_adj_ratio=0.25[green],,
S0700,tata,2023,BRSR,"multaneously, to reduce its dependence on fossil fuel, Tata Steel is entering into agreement with Tata Power Renewable Energy Limited to set up c.950 MW solar & wind hybrid renewable power capacity under captive arrangement.",V,0.5325,S,0.267,vague_adj_ratio=0.00[NONE]; target_year=0.00[NONE]; verb_strength=0.10[NONE],,
S0706,tata,2023,BRSR,"153 116th Year Integrated Rep Tata Steel’s Initiatives Tata Steel is one of the few companies to measure end to end Scope 3 emissions for all modes of transportation, giving it an equal focus as Scope 1 & 2 emissions.",V,0.5391,S,0.4,vague_adj_ratio=0.00[NONE]; quantifier_count=0.00[NONE]; target_year=0.00[NONE],,
S0708,tata,2023,BRSR,Tata Steel has launched the Zero Carbon Logistics programme in Europe which aims to reduce our CO footprint caused by the transport of our product to the customer by 30% by 2030.,V,0.5473,S,0.283,specific_tech=0.00[NONE]; vague_adj_ratio=0.25[aims]; quantifier_count=0.67[30%|by 2030],,
S0713,tata,2024,BRSR,"In view of the mergers during FY2023-24, the repor comparability of FY2023-24 figures to that of FY2022- 117th Year Integrated Report & Annual Accounts 2023-24 the performance of Tata Steel Limited and its 12 key subsidiary a Steel Limited (TSL) a Steel Downstream Products Limited (TSDPL) a Steel Utilities and Infrastructure Services Limited (TSUISL) e Indian Steel & Wire Products Limited (ISWP) gul Energy Limited (AEL) ubaneshwar Power Private Limited (BPPL) elachal Ispat Nigam Limited (NINL) a Steel Support Services Limited (TSSSL) a Steel Technical Services Limited (TSTSL) a Steel Nederland BV (TSN) a Steel UK Limited (TSUK) a Steel (Thailand) PLC (TSTH) a Steel Minerals Canada Limited (TSMC) materiality and constitute 98% of the Tata Steel’s consolidated 00% of Tata Steel Group’s emission footprint.",V,0.5042,S,0.0,vague_adj_ratio=0.00[NONE]; quantifier_count=1.00[98%|00%|fy2023|fy2022]; target_year=0.00[NONE],,
S0717,tata,2024,BRSR,"f the BRSR Core indicators on a standalone basis for FY2023-24. re indicators on a consolidated basis for the select entities as ndertaken the assurance on a standalone basis unless otherwise SG) indicators, which are part of the ESG factsheet published in & select indicators of ESG factsheet and Limited Assurance W & Co CA LLP are annexed to Tata Steel’s Integrated Report for eel.com/investors/integrated-reportannual-report/ es, Tata Steel UK Limited and Tata Steel Nederland BV, are in the ansition to low carbon steelmaking.",V,0.5475,S,0.267,vague_adj_ratio=0.00[NONE]; target_year=0.00[NONE]; specific_tech=0.00[NONE],,
S0723,tata,2024,BRSR,"The Net Zero by 2045, Tata Steel has increased the scrap usage in its steelmaking process.",S,0.5232,S,0.267,vague_adj_ratio=0.00[NONE]; target_year=1.00[|net zero by 2045]; specific_tech=0.00[NONE],,
S0747,tata,2024,BRSR,"ach to adapt or mitigate ta Steel is one of the few companies to measure end-to-end Scope 3 emissions r all modes of transportation, giving it an equal importance as Scope 1 and emissions.",V,0.5391,S,0.4,vague_adj_ratio=0.00[NONE]; quantifier_count=0.00[NONE]; target_year=0.00[NONE],,
S0751,tata,2024,BRSR,"Optimum Voyage, used for information and optimisation of the most fuel-efficient route for shipping logistics, has resulted in savings of approximately 5% in CO emissions.",V,0.5475,S,0.267,vague_adj_ratio=0.00[NONE]; target_year=0.00[NONE]; specific_tech=0.00[NONE],,
S0752,tata,2024,BRSR,"Tata Steel Nederland is working to replace road transport with more carbon-efficient rail transport, reducing over 5,000 trucks per year.",V,0.5475,S,0.267,vague_adj_ratio=0.00[NONE]; target_year=0.00[NONE]; specific_tech=0.00[NONE],,
S0758,tata,2024,BRSR,"y benchmark in Corporate Citizenship, Tata Steel has adopted ESG s for the organisation: n intensity of 0.43 kg per tonne of crude steel in India specific dust emission intensity in India n 80% of the finished products will be covered under Life Cycle Assessment mance of 100% of products in India onsumption of 2.38 cubic metres per tonne of crude steel across all onsumption of <1.5 cubic metres per tonne of crude steel across all sites in diversity Management Plans across India, the UK, and the Netherlands ns (NbS) leader in India by 2030 117th Year Integrated Report & Annual Accounts 2023-24 Statutory Reports 6. Circular Economy a. 2025:",S,0.5312,S,0.0,vague_adj_ratio=0.00[NONE]; quantifier_count=1.00[80%|100%|by 2030]; specific_tech=0.00[NONE],,
S0767,tata,2025,BRSR,Tata Steel's new 3.2 MTPA EAF-based steelmaking unit in the UK and emission reduction initiatives in the Netherlands position the Company to capitalise on this trend.,V,0.5325,S,0.267,vague_adj_ratio=0.00[NONE]; target_year=0.00[NONE]; verb_strength=0.10[NONE],,
S0768,tata,2025,BRSR,"To prepare for a rise in demand for low-emission steel in India in the medium to long run, Tata Steel is building a 0.75 MTPA scrap-based electric arc furnace in Ludhiana and exploring technologies to decarbonise its value chain.",V,0.5325,S,0.267,vague_adj_ratio=0.00[NONE]; target_year=0.00[NONE]; verb_strength=0.10[NONE],,
S0780,tata,2025,BRSR,"Material topics are further linked to the requirements of GRI, SASB, World Steel Association (WSA), Business Responsibility and Sustainability 11 NGOs Reporting (BRSR), and World Economic 118th Year | Integrated Report & Annual Accounts 2024-25 High priority materiality issues on a consolidated basis Impact Materiality Greenhouse Gas Emissions and Occupational 1 7 11 Supply Chain Sustainability Climate Change Management Health and Safety Circular Economy/ Employee Well-being 2 8 12 Corporate Governance Recycling of By-products and Development Water Consumption Community Support and Business Ethics, Integrity and Effluent Discharge Building Thriving and Transparency Energy Efficiency/ 4 14 Stakeholder Engagement Energy Management R&D Technology, Product and Air Pollution/Air 10 Quality Management Financial Manufactured Intellectual Human Social and Relationship Natural Capital",V,0.5391,S,0.4,vague_adj_ratio=0.00[NONE]; quantifier_count=0.00[NONE]; target_year=0.00[NONE],,
S0784,tata,2025,BRSR,"As of March 31, low-emission steelmaking, securing recommended, reinforcing Tata Steel 2025, the Company’s Net Debt stood planning permissions for beginning Board's confidence in the Company’s at ₹82,579 crore, with Net Debt to construction of the EAF project from performance and strategy.",V,0.5108,S,0.133,vague_adj_ratio=0.00[NONE]; target_year=0.00[NONE]; verb_strength=0.10[NONE],,
S0785,tata,2025,BRSR,"118th Year | Integrated Report & Annual Accounts 2024-25 For FY2025-26, Tata Steel plans a support for decarbonisation and Financial management capital expenditure of ~₹15,000 crore, environmental initiatives.",V,0.5042,S,0.0,"vague_adj_ratio=0.00[NONE]; quantifier_count=1.00[crore|fy2025|,000]; target_year=0.00[NONE]",,
S0788,tata,2025,BRSR,"Being the largest increased the steelmaking capacity Its development roadmap focuses steel producer in the UK, Tata Steel UK of the plant from 3 MTPA to 8 MTPA, on achieving benchmark emissions, produces high quality differentiated thereby expanding its portfolio in flat increasing renewable energy strip steel products for the products and value-added segments.",V,0.5475,S,0.267,vague_adj_ratio=0.00[NONE]; target_year=0.00[NONE]; specific_tech=0.00[NONE],,
S0790,tata,2025,BRSR,"The Company targets emission reduction impacting local crude steel production capacity Tata Steel is setting up a 0.75 communities and increasing scrap in India to 40 MTPA, through a MTPA scrap-based EAF facility in steel usage to enhance circularity.",V,0.5325,S,0.267,vague_adj_ratio=0.00[NONE]; target_year=0.00[NONE]; verb_strength=0.10[NONE],,
S0792,tata,2025,BRSR,"commissioning of Blast Furnace #2 in Talbot, expected to reduce direct Simultaneously, 21 million tonnes September 2024, and a third furnace at CO₂ emissions by 50 MT over the of finished goods, encompassing the Hot Strip Mill (HSM) in December next decade.",V,0.5108,S,0.133,vague_adj_ratio=0.00[NONE]; target_year=0.00[NONE]; verb_strength=0.10[NONE],,
S0802,tata,2025,BRSR,"Pursuing benchmark productivity India operations Tata Steel Nederland Tata Steel UK In India, to realise the economies of To make its Netherlands In the UK, our human capital scale with the growing capacity, Tata operations more competitive and strategy includes managing large Steel imparted training to over 3,500 efficient, Tata Steel has undertaken scale workforce transition due to the employees in critical areas such as a comprehensive transformation planned shutdown of blast furnaces at Generative AI (Artificial Intelligence), programme built on a multi- Port Talbot, with emphasis on 1,800+ Hydrogen Safety, and Carbon pronged approach of maximising voluntary retirements, redeployment, Capture.",V,0.5018,S,0.167,target_year=0.00[NONE]; specific_tech=1.00[blast furnace|port talbot]; vague_adj_ratio=0.06[comprehensive],,
S0812,tata,2025,BRSR,"118th Year | Integrated Report & Annual Accounts 2024-25 Water Harvesting Park, Noamundi Steelmaking hinges on iron ore, captive mines (Noamundi, Katamati, middlings, tailings, and rejects are coke, and flux as its key raw materials, Joda East, Khondbond, Vijaya II, and repurposed for power generation, with ~60% of its costs incurred till the Koida) and has mining expansion with water recycling ensuring hot metal stage, 70% of which is from plans at Gandhalpada and Kalamang. efficiency.",V,0.5259,S,0.133,vague_adj_ratio=0.00[NONE]; target_year=0.00[NONE]; specific_tech=0.00[NONE],,
S0813,tata,2025,BRSR,"The Company continues to optimise water use through reduction, recovery, recycling, and reuse of treated wastewater across Treated effluents are reused for applications such as coke quenching, slag granulation, sinter/pellet mixing, gas cleaning, horticulture, and dust JN Tata Park, West Bokaro Key initiatives in FY2024-25 Air is crucial for steelmaking – Jamshedpur: Increased processes.",V,0.5325,S,0.267,vague_adj_ratio=0.00[NONE]; target_year=0.00[NONE]; verb_strength=0.10[NONE],,
S0817,tata,2025,BRSR,Tata Steel is FY2018-19 – Meramandali: Replacing conscious of its impact and employs freshwater with treated water advanced air pollution control – Gamharia: 0.981 kg/tcs in the Raw Material Handling technologies and energy-efficient 65% reduction since acquisition in System operations to maintain a healthy FY2019-20 ambient air quality in its communities.,V,0.5042,S,0.0,vague_adj_ratio=0.00[NONE]; quantifier_count=1.00[65%|fy2018|fy2019]; target_year=0.00[NONE],,
S0821,tata,2025,BRSR,"In October 2024, an 8-metre Discharge approach, treating and high, 1,000-metre windbreaker reusing all wastewater.",V,0.5475,S,0.267,vague_adj_ratio=0.00[NONE]; target_year=0.00[NONE]; specific_tech=0.00[NONE],,
S0824,tata,2025,BRSR,"Scrap for steelmaking Solid waste management Biodiversity management By increasing the use of available Aiming for a 100% utilisation of To ensure natural ecosystem health, scrap in the steelmaking process, by-products and zero waste to landfill, Tata Steel has developed Biodiversity Tata Steel reduces the need to extract the Company manages ~18 million Management Plans (BMPs) for raw materials to produce steel.",V,0.5409,S,0.193,target_year=0.00[NONE]; specific_tech=0.00[NONE]; vague_adj_ratio=0.10[ensure],,
S0825,tata,2025,BRSR,"Tata Steel Nederland Steel Nederland aims to raise its Facilities in Jamshedpur, Kalinganagar, implements BMPs using ecological scrap steel usage in its traditional Meramandali, and Gamharia have assessments and biodiversity manufacturing process, from 17% to consistently achieved 100% solid waste sensitivity maps.",V,0.5390,S,0.208,target_year=0.00[NONE]; specific_tech=1.00[jamshedpur|kalinganagar]; vague_adj_ratio=0.12[aims],,
S0837,tata,2025,BRSR,The UK The Netherlands Tata Steel has adopted Tata Steel UK is building a 3.2 MTPA Tata Steel Nederland (TSN) is low-emission steelmaking practices EAF-based steelmaking facility to continuously working with the Dutch such as EAF-based steelmaking and reduce its direct emissions by ~90%.,V,0.5108,S,0.133,vague_adj_ratio=0.00[NONE]; target_year=0.00[NONE]; verb_strength=0.10[NONE],,
S0846,tata,2025,BRSR,"We assessed our operations' impacts on nature at The installation and Completely replacing fossil- various levels, identifying key risks and commissioning of a modular based grid power with renewable opportunities and prioritising essential scrap-based EAF plant in energy sources ecosystem services.",V,0.5391,S,0.4,vague_adj_ratio=0.00[NONE]; quantifier_count=0.00[NONE]; target_year=0.00[NONE],,
S0848,tata,2025,BRSR,"Incorporating higher scrap in Enhancing gas injection into blast basic oxygen furnace (BOF) furnaces to significantly reduce coal and coke consumption Reducing coal usage by switching to biochar and Ensuring the sustainable production, storage, and utilisation of green hydrogen Collaborating with academic institutions and original Expanding pilot projects for equipment manufacturers Carbon Capture, Utilisation and (OEMs) to pilot new low Technology Readiness Level (TRL) technologies Developing value-added products from captured carbon Continuously optimising the energy and carbon intensity of existing operations Scaling up breakthrough technologies like HIsarna and Solar Plant at Noamundi Mine 118th Year | Integrated Report & Annual Accounts 2024-25 C Risk and impact management Tata Steel uses its Enterprise Risk Management process to manage climate change and nature-related risks across the organisation in an integrated manner.",V,0.5481,S,0.45,quantifier_count=0.00[NONE]; target_year=0.00[NONE]; specific_tech=1.00[carbon capture|solar plant],,
S0858,tata,2025,BRSR,"In deep engagement with the Dutch Government to replace one blast furnace at Furnace IJmuiden, the Netherlands, with DRI-EAF – Construction of a 3.2 MTPA EAF underway at Port Talbot, UK 118th Year | Integrated Report & Annual Accounts 2024-25 D Metrics and targets Tata Steel reports its ESG metrics in alignment with the Business Responsibility & Sustainability Reporting (BRSR) framework issued by SEBI, the Greenhouse Gas Protocol, International Financial Reporting Standards, S2 (IFRS)",V,0.5174,S,0.267,vague_adj_ratio=0.00[NONE]; target_year=0.00[NONE]; specific_tech=1.00[blast furnace|eaf|esp],,
S0860,tata,2025,BRSR,"For details, please refer to The environmental metrics Tata Steel’s Integrated Report for include GHG emissions, Non-GHG air FY2024-25.",V,0.5475,S,0.267,vague_adj_ratio=0.00[NONE]; target_year=0.00[NONE]; specific_tech=0.00[NONE],,
S0861,tata,2025,BRSR,"Comparative figures for steelmaking methods at the UK's Tata Steel Limited includes FY2023-24 for Tata Steel Limited have largest steelworks as it transitions its steel plants (TS Jamshedpur, been restated, as applicable, to include to lower emission steel production TS Kalinganagar, TS Meramandali data for these 3 subsidiaries.",V,0.5174,S,0.267,vague_adj_ratio=0.00[NONE]; target_year=0.00[NONE]; specific_tech=1.00[jamshedpur|kalinganagar],,
S0863,tata,2025,BRSR,"Million Tonnes 0.66 0.95 Tata Steel Nederland Million Tonnes 6.07 6.45 6.16 4.81 6.75 Tata Steel UK Million Tonnes 3.27 3.40 2.93 2.99 1.07 Tata Steel Thailand Million Tonnes 1.09 1.31 1.13 1.12 1.19 Note 1: The production of Tata Steel UK is lower in FY2024-25 due to closure of its legacy steelmaking assets Note 2: The production of Tata Steel Nederland is lower in FY2023-24 due to relining of Blast Furnace 6 CO emissions– Steel plants (WSA worldsteel user guide V9.5, with slag credit)",V,0.5108,S,0.133,vague_adj_ratio=0.00[NONE]; target_year=0.00[NONE]; verb_strength=0.10[NONE],,
S0864,tata,2025,BRSR,Tata Steel Limited@a Scope 1+1.1 Million Tonnes 29.4 46.2 46.3 49.9 51.5# Scope 2 Million Tonnes 1.0 1.7 1.7 1.9 2.1# Scope 3 Million Tonnes -2.0 -3.2 -3.0 -2.9 -2.7# Scope 1+1.1+2+3 Million Tonnes 28.3 44.7 45.0 48.9 51.0 CO emissions intensity tCO/tcs 2.32 2.43 2.38 2.43 2.46# Scope 1+1.1 Million Tonnes 2.4 2.6 Scope 2 Million Tonnes 0.1 0.1 Scope 3 Million Tonnes -0.7 -0.2 Scope 1+1.1+2+3 Million Tonnes 1.8 2.4 CO emissions intensity tCO,V,0.5174,S,0.267,vague_adj_ratio=0.00[NONE]; target_year=0.00[NONE]; specific_tech=1.00[scope 1|scope 2|scope 3],,
S0865,tata,2025,BRSR,Scope 1+1.1 Million Tonnes 10.9 11.6 10.9 8.6 11.3,V,0.5325,N,0.0,quantifier_count=0.33[million]; verb_strength=0.05[NONE]; vague_adj_ratio=0.00[NONE],,
S0866,tata,2025,BRSR,Scope 3 Million Tonnes 0.2 0.3 0.3 -0.2 -0.1,V,0.5325,N,0.0,quantifier_count=0.33[million]; verb_strength=0.05[NONE]; vague_adj_ratio=0.00[NONE],,
S0867,tata,2025,BRSR,Scope 1 +1.1+2+3 Million Tonnes 11.0 11.7 10.9 8.4 11.1 CO emissions intensity tCO/tcs 1.78 1.78 1.78 1.81 1.69 Scope 1+1.1 Million Tonnes 6.2 6.4 5.7 5.5 2.1 Scope 2 Million Tonnes 0.2 0.2 0.2 0.2 0.1 Scope 3 Million Tonnes 0.2 0.2 0.1 0.2 0.1 Scope 1+1.1 + 2+3 Million Tonnes 6.5 6.9 6.0 5.8 2.3 CO emissions intensity tCO/tcs 2.00 2.02 2.05 2.02 2.19,V,0.5174,N,0.0,quantifier_count=0.33[million]; verb_strength=0.05[NONE]; vague_adj_ratio=0.00[NONE],,
S0868,tata,2025,BRSR,Tata Steel Thailand@ Scope 1+1.1 Million Tonnes 0.2 0.2 0.2 0.2 0.2,V,0.5325,S,0.267,vague_adj_ratio=0.00[NONE]; target_year=0.00[NONE]; verb_strength=0.10[NONE],,
S0869,tata,2025,BRSR,Scope 2 Million Tonnes 0.4 0.5 0.4 0.4 0.4 Scope 31.a Million Tonnes 0.1 0.1 0.1 0.1 0.1 Scope 1+1.1+2+31.a Million Tonnes 0.7 0.8 0.7 0.6 0.6 CO emissions intensity1.a tCO/tcs 0.64 0.61 0.59 0.61 0.60 Tata Steel Consolidated (with slag credit) tCO/tcs 2.19 2.19 2.21 2.23 2.22 Note: Scope 1 & 3 CO emissions are assessed based on the actual consumption of resources and generation of saleable co-product/ by-product including slag.,V,0.5174,S,0.267,vague_adj_ratio=0.00[NONE]; target_year=0.00[NONE]; specific_tech=1.00[scope 1|scope 2|scope 3],,
S0873,tata,2025,BRSR,Absolute emissions - Scope 3 Million Tonnes 0.2 0.2 0.2 0.3 0.1 Total absolute emissions (Scope 1+2+3) Million Tonnes 0.8 0.9 0.8 0.9 0.7 Tata Steel Consolidated (including other entities),V,0.5174,S,0.267,vague_adj_ratio=0.00[NONE]; target_year=0.00[NONE]; specific_tech=1.00[scope 1|scope 3],,
S0874,tata,2025,BRSR,"Absolute emissions - Scope 1 Million Tonnes 66 76 75 77 781.d Absolute emissions - Scope 21.c Million Tonnes 5 5 5 5 61.d Absolute emissions - Scope 3 Million Tonnes 13 14 13 25 291.d,1.e Total absolute emissions (Scope 1+2+3) Million Tonnes 83 94 94 107 1131.d,1.e Total absolute emissions (Scope 1+2) per unit revenue tCoe/Million I 45 33 33 38 36 Note 1: Worldsteel methodology allows credits due to export of various co-products /by-products (incl.",V,0.5174,S,0.267,vague_adj_ratio=0.00[NONE]; target_year=0.00[NONE]; specific_tech=1.00[scope 1|scope 2|scope 3],,
S0877,tata,2025,BRSR,"Fuel- and Energy-Related Activities, Not Included in Scope 1 or Scope 2 and (b) Combustion of coal byproducts sold to 3rd party under Scope 3 category 11.",V,0.5391,S,0.4,vague_adj_ratio=0.00[NONE]; quantifier_count=0.00[NONE]; target_year=0.00[NONE],,
S0878,tata,2025,BRSR,Use of Sold Products 1.cScope 2 emissions are based on Location-based emission factor of electricity imported to respective site 1.d Consolidated emissions since FY2023-24 are aggregated based on 'Operational Control' approach (i.e. included full emissions of parent company and subsidiaries irrespective of equity held by Tata Steel Limited).,V,0.5174,S,0.267,vague_adj_ratio=0.00[NONE]; target_year=0.00[NONE]; specific_tech=1.00[esp|scope 2],,
S0880,tata,2025,BRSR,6.5 5.3# Effluent discharge intensity m3/tcs 0.68 0.52 0.43 0.32 0.26# Fresh water consumption4 Million m3 2.38 2.39 Specific fresh water consumption m3/tcs 3.59 2.52 Effluent discharge volume Million m3 0.05 0.03 Effluent discharge intensity m3/tcs 0.07 0.03 2Calendar year reporting (1 January - 31 December),V,0.5475,S,0.267,vague_adj_ratio=0.00[NONE]; target_year=0.00[NONE]; specific_tech=0.00[NONE],,
S0884,tata,2025,BRSR,"5785.d Solid waste sent to landfill / incineration Thousand Tonnes 4 7 6 6 6 Solid waste utilisation % 61 76 98 100 99 4.aNumbers reported since FY2023-24 are based on Financial Year; Previous year numbers were based on Calendar Year 4.bSeawater (215 million m3 in FY2024-25) has been excluded from discharge water aligning with other locations since FY2023-24 5.aSome waste from previous year has been utilised 5.bAll internal arising materials and byproducts have been included since CY2023 5.c Some material from previous years that had been stored on the Port Talbot site that had a previously undetermined destination or use, was utilised for a particular project in early 2022 5.d Blast furnace 5 ceased production in June 2024 and Blast furnace 4 in September 2024 along with Basic Oxygen Steelmaking.",V,0.5379,S,0.0,vague_adj_ratio=0.00[NONE]; quantifier_count=1.00[million|fy2023|fy2024]; target_year=0.00[NONE],,
S0886,tata,2025,BRSR,"Solid waste utilisation % 100 100 100 100 100 Energy intensity Tata Steel Limited@a Energy consumption GJ 44,43,89,343 49,39,97,681 52,90,18,000 # Energy Intensity GJ/tcs 24.11 23.62 23.43 24.55 25.53# Energy consumption GJ 2,26,48,450 2,49,68,000 Energy Intensity GJ/tcs 34.17 26.21 Tata Steel Nederland@ Energy consumption GJ 11,59,18,193 9,47,58,586 12,35,27,000 Energy Intensity GJ/tcs 20.22 20.32 18.82 20.32 18.80 Energy consumption",V,0.5042,S,0.0,"vague_adj_ratio=0.00[NONE]; quantifier_count=1.00[,343|,681|,000|,450]; target_year=0.00[NONE]",,
S0887,tata,2025,BRSR,"Renewable energy Tata Steel Limited@a GJ - - 22,482 51,395 2,50,514# 6a Tata Steel Nederland GJ - - 294 253 236 Tata Steel UK GJ - - 1,59,849 1,73,519 1,81,386 Tata Steel Thailand GJ - - 5,180 5,204 24,1736b Tata Steel Limited Total sites covered under Biodiversity Nos.",V,0.5042,S,0.0,"vague_adj_ratio=0.00[NONE]; quantifier_count=1.00[,482|,395|,514|,849]; target_year=0.00[NONE]",,
S0893,tata,2026,BRSR,"Macroeconomic and market risk Mitigation › The Company strengthened its domestic focus During FY2025–26, the global steel industry faced through value-added products, downstream and macroeconomic headwinds from geopolitical tensions, automotive expansion, localisation, and disciplined energy volatility, and regulatory pressures like EU CBAM cost management, enhancing resilience and margins along with weak Chinese domestic demand, resulting in continued high exports and increased price pressure.",V,0.5475,S,0.267,vague_adj_ratio=0.00[NONE]; target_year=0.00[NONE]; specific_tech=0.00[NONE],,
S0905,tata,2026,BRSR,"› Total number of patents is actively engaged in the development and pilot of filed and granted various low CO steelmaking technologies › Total number of new products developed Supply Chain Sustainability › Tata Steel's Responsible Supply Chain Policy integrates › Scope 3 emissions sustainability within its supply chain, by setting › Active supplier base, local assessment standards and mandating trainings for the suppliers – no. and volume supply chain partners › Affirmative Action › Various measures have also been taken to reduce suppliers – no. and volume Scope 3 emissions › Supplier assessments, supplier awareness and › No. of shipments using alternative fuels Corporate Governance › Tata Steel has established a solid foundation › Board/Committee for corporate governance, guided by an active, governance disclosures knowledgeable, and independent Board, along with and reporting various Board Committees › Ethics and compliance ›",V,0.5437,S,0.426,quantifier_count=0.00[NONE]; target_year=0.00[NONE]; specific_tech=1.00[esp|scope 3],,
S0913,tata,2026,BRSR,"discharge initiatives, lower water use, extensive afforestation, and 59 MWp of rooftop and floating solar installations across Process innovations, such as advanced automation, predictive Jamshedpur and Kalinganagar plants.",V,0.5174,S,0.267,vague_adj_ratio=0.00[NONE]; target_year=0.00[NONE]; specific_tech=1.00[jamshedpur|kalinganagar],,
S0917,tata,2026,BRSR,Adopting cutting-edge technology Tata Steel’s Net Zero by 2045 ambition is driven by innovation-led transformation across its value chain.,V,0.5408,S,0.267,vague_adj_ratio=0.00[NONE]; target_year=1.00[|net zero by 2045]; specific_tech=0.00[NONE],,
S0923,tata,2026,BRSR,"Environmental and than ₹601 crore in public entitlements related to social climate linked community programmes created large scale protection, housing, financial inclusion, and livelihoods.",V,0.5475,S,0.267,vague_adj_ratio=0.00[NONE]; target_year=0.00[NONE]; specific_tech=0.00[NONE],,
S0924,tata,2026,BRSR,"Gram water storage and strengthened drinking water infrastructure Panchayat Development Plans aligned to localised SDGs were for nearly 2 lakh people, alongside biodiversity and native implemented across villages, accompanied by regular Gram species conservation initiatives.",V,0.5475,S,0.267,vague_adj_ratio=0.00[NONE]; target_year=0.00[NONE]; specific_tech=0.00[NONE],,
S0936,tata,2026,BRSR,"Technological upgrades are expected to deliver further gains: the DeNOx installation at the pellet plant is designed to reduce NOx emissions by ~80%, while the transition to EAF- based steelmaking in the UK is projected to achieve an over 80% reduction in nitrogen emissions and ~90% reduction in particulate emissions from chimneys.",V,0.5108,S,0.133,vague_adj_ratio=0.00[NONE]; target_year=0.00[NONE]; verb_strength=0.10[NONE],,
S0940,tata,2026,BRSR,"initiatives such as the commissioning of the Biological Oxidation Tertiary Treatment Plant at Jamshedpur and the Central Effluent Treatment Plant at Kalinganagar, alongside the implementation of Zero Effluent Discharge systems at Meramandali, have strengthened water recovery and reuse.",V,0.5391,S,0.4,vague_adj_ratio=0.00[NONE]; quantifier_count=0.00[NONE]; target_year=0.00[NONE],,
S0948,tata,2026,BRSR,"However, it remains a hard-to-abate sector, accounting for 7–9% of global GHG",V,0.5475,S,0.267,vague_adj_ratio=0.00[NONE]; target_year=0.00[NONE]; specific_tech=0.00[NONE],,
S0949,tata,2026,BRSR,"As a member of the Taskforce on Nature-related Financial emissions, largely due to the continued reliance on the coal- Disclosures (TNFD), Tata Steel has actively contributed to the intensive blast furnace–basic oxygen furnace route for nearly development of the framework and is now among the early 70% of production.",V,0.5325,S,0.267,vague_adj_ratio=0.00[NONE]; target_year=0.00[NONE]; verb_strength=0.10[NONE],,
S0950,tata,2026,BRSR,"While the scrap-based electric arc furnace adopters of its recommendations, integrating them with the pathway offers significantly lower emissions (~20–25% of TCFD.",V,0.5174,S,0.267,vague_adj_ratio=0.00[NONE]; target_year=0.00[NONE]; specific_tech=1.00[electric arc furnace|tcfd],,
S0955,tata,2026,BRSR,"By structuring its disclosures around the four core pillars — Governance, Net Zero Strategy, Risk Management, and Metrics & Targets — Tata Steel demonstrates strong alignment with global best practices and reinforces its commitment to transparent and Emissions by 2045 for Tata Steel Group sustainable value creation.",V,0.5258,S,0.342,specific_tech=0.00[NONE]; verb_strength=0.10[NONE]; vague_adj_ratio=0.12[sustainable],,
S0956,tata,2026,BRSR,"J N Tata Park, West Bokaro Governance Strategy Tata Steel has embedded robust governance to drive its While the Company is guided by a long-term ambition climate change agenda, aligned with its strategic goal of achieving Net Zero emissions by 2045, the approach of Industry leadership in ESG.",V,0.5262,S,0.344,specific_tech=0.00[NONE]; verb_strength=0.10[NONE]; vague_adj_ratio=0.13[long-term],,
S0961,tata,2026,BRSR,The to increase renewable energy share from 2.4% (in FY2025-26) National Steel Policy envisions capacity reaching 400 MTPA to 6.4% by FY2026–27.,S,0.5312,S,0.0,vague_adj_ratio=0.00[NONE]; quantifier_count=1.00[2.4%|6.4%|mt|fy2025]; specific_tech=0.00[NONE],,
S0962,tata,2026,BRSR,"Additional measures include piloting by FY2035-36, with demand expected to grow four to five the use of plant-based biochar to partially substitute fossil times by mid-century, driven by infrastructure expansion fuels in blast furnaces at Jamshedpur and Meramandali. and industrialisation.",S,0.5180,S,0.267,vague_adj_ratio=0.00[NONE]; specific_tech=1.00[blast furnace|jamshedpur]; verb_strength=0.10[NONE],,
S0964,tata,2026,BRSR,"Limited availability of cost-competitive gas-based, plasma-assisted melter capable of reducing CO₂ transition fuels such as natural gas restricts the scalability emissions by over 50% compared to conventional routes.",V,0.5475,S,0.267,vague_adj_ratio=0.00[NONE]; target_year=0.00[NONE]; specific_tech=0.00[NONE],,
S0965,tata,2026,BRSR,"At through a proposed 1 MTPA demonstration plant at the same time, most near-zero emission technologies are still Jamshedpur.",V,0.5325,S,0.267,vague_adj_ratio=0.00[NONE]; target_year=0.00[NONE]; verb_strength=0.10[NONE],,
S0968,tata,2026,BRSR,"inauguration of a 0.75 MTPA scrap-based EAF in Ludhiana, marking a shift toward low-emission circular steelmaking.",V,0.5325,S,0.267,vague_adj_ratio=0.00[NONE]; target_year=0.00[NONE]; verb_strength=0.10[NONE],,
S0976,tata,2026,BRSR,"Subject to resolution TSUK introduced Catnic SolarSeam®, an innovative bonded of these matters and a final investment decision and photovoltaic solution that delivers efficient renewable energy implementation, the planned transformation is expected to without visible frames and is guaranteed to operate for deliver a substantial reduction in direct CO₂ emissions, with indicative reductions of approximately 5.4 million tonnes CO₂ per year compared to a baseline of 12.6 million tonnes CO₂ at 7.23 MTPA of steel production.",V,0.5259,S,0.133,vague_adj_ratio=0.00[NONE]; target_year=0.00[NONE]; specific_tech=0.00[NONE],,
S0977,tata,2026,BRSR,119th Year | Integrated Report & Annual Accounts 2025-26 109 Net Zero by 2045 Strategy lever #1,S,0.5232,S,0.267,vague_adj_ratio=0.00[NONE]; target_year=1.00[|net zero by 2045]; specific_tech=0.00[NONE],,
S0978,tata,2026,BRSR,"The solution scrap-recycling facility at power generation turns waste heat into process Rohtak Taking over ownership of the heat, delivering fuel savings, I ncreased scrap usage at the Vattenfall power plants boosts productivity gains, and ~22,000",V,0.5475,S,0.267,vague_adj_ratio=0.00[NONE]; target_year=0.00[NONE]; specific_tech=0.00[NONE],,
S0979,tata,2026,BRSR,"T SK Phase 2 expansion ramp-up contributing to a record low site power during the transition underway to achieve planned CO intensity in 2025 (ref EU and enabling a cleaner, lower operating parameters ETS) carbon power mix I nstallation of Coke Dry B uild phase of 3.2 MTPA Port Quenching (CDQ), top-pressure Talbot EAF project is underway recovery turbines, dry-gas Short to medium term cleaning, and improved waste-heat and by-product-gas R eplacing ageing assets with Short to medium term recovery high-efficiency by-product gas I mplemented a Regenerative S cale up of scrap-recycling power plants Thermal Oxidiser at TSN facilities to streamline scrap I ncreasing the share of Maubeuge, reducing CO2 supply chain renewable energy in the power emissions by 7,500 tCO2 per D esigning future projects mix year with higher scrap-charging E xtensive optimisation of the Long term Port Talbot steam network I ncreasing scrap-charging in existing steelmaking facilities",S,0.5171,S,0.05,"quantifier_count=1.00[mt|tco2|,500]; target_year=0.00[NONE]; specific_tech=1.00[eaf|cdq|port talbot]",,
S0996,tata,2026,BRSR,"Absolute emissions - Scope 1 MT 76 75 77 78 78 Absolute emissions - Scope 2 MT 5 5 5 6 6 Absolute emissions - Scope 3 MT 14 13 25 29 32 Total absolute emissions (Scope 1+2+3) MT 94 94 107 113 116 Total absolute emissions (Scope 1+2) per unit revenue tCo 2 e/ I million 33 33 38 36 36 1: ‘ Operational Control’ based reporting approach adopted since FY2023–24. 2: R eported Scope 1 GHG emissions include “worldsteel Scope 1.1 emissions” (arising from combustion of by-product gases by third parties) as direct emissions and in FY2025-26, excludes Biogenic CO emission from combustion of Biochar of ~63 kt CO. 3: S cope 2 emissions are location-based.",S,0.5261,S,0.0,vague_adj_ratio=0.00[NONE]; quantifier_count=1.00[mt|kt|fy2023|fy2025]; target_year=0.00[NONE],,
S0998,tata,2026,BRSR,"5: E quity-consolidated emissions of material joint ventures and associated companies are included in FY2025-26 under mainstream emissions (Scope 1, 2 & 3).",V,0.5325,S,0.267,vague_adj_ratio=0.00[NONE]; target_year=0.00[NONE]; verb_strength=0.10[NONE],,
S0999,tata,2026,BRSR,2.a S cope 3 emissions in FY2025-26 additionally include ‘Purchased services’ under Category 1 (Purchased Goods and Services).,V,0.5475,S,0.267,vague_adj_ratio=0.00[NONE]; target_year=0.00[NONE]; specific_tech=0.00[NONE],,
S1003,tata,2026,BRSR,3.a T he methodology for calculating air emissions has been consistently applied across all sites in FY2025-26.,V,0.5475,S,0.267,vague_adj_ratio=0.00[NONE]; target_year=0.00[NONE]; specific_tech=0.00[NONE],,
S1005,tata,2026,BRSR,4.d Fresh water consumption and effluent discharge includes flood water (7.7 million m3 and 6.4 million m3 respectively in FY2025-26) 4.e Tata Steel Thailand is zero effluent discharge (ZED) site @ Steelmaking sites ( For Tata Steel Limited-,V,0.5108,S,0.133,vague_adj_ratio=0.00[NONE]; target_year=0.00[NONE]; verb_strength=0.10[NONE],,
S1006,tata,2026,BRSR,"Solid waste generated KT 266 254 311 236 231 Solid waste utilised KT 265 254 311 236 230 Solid waste sent to landfill / incineration KT 0.7 0.4 0.4 0.4 0.4 Solid waste utilisation % 100 100 100 100 100 Energy intensity @ Energy consumption GJ - 44,43,89,343 49,39,97,681 52,90,18,000 54,74,01,167 Energy Intensity GJ/tcs 23.62 23.43 24.55 25.53 24.34 Energy consumption GJ - - 2,26,48,450 2,49,68,000 2,58,49,000 Energy Intensity GJ/tcs - - 34.17 26.21 27.07 Energy consumption GJ - 11,59,18,193 9,47,58,586 12,35,27,000 11,78,25,000 Energy Intensity GJ/tcs 20.32 18.82 20.32 18.78 18.10 Energy consumption GJ - 6,84,06,447 7,35,68,279 2,68,23,844 72,39,878 Energy Intensity GJ/tcs 23.15 23.34 25.43 20.14 3.25 Energy consumption GJ - 58,41,098 58,97,520 1,29,66,000 58,57,120 Energy Intensity GJ/tcs 9.30 5.06 4.95 12.15 13.49 Renewable energy Key sites under Biodiversity Management Plans Nos.",V,0.5042,N,0.0,"quantifier_count=1.00[,343|,681|,000|,167]; verb_strength=0.05[NONE]; vague_adj_ratio=0.00[NONE]",,
S1008,tata,2026,BRSR,Increase in renewable energy consumption since FY2024-25 is on account of renewable energy power purchase agreement signed with The Tata Power Company Limited.,V,0.5475,S,0.267,vague_adj_ratio=0.00[NONE]; target_year=0.00[NONE]; specific_tech=0.00[NONE],,
S1011,tata,2026,BRSR,This facility is projected to reduce carbon emissions by 90% and achieve an annual production capacity of 3.2 million tonnes.,V,0.5259,S,0.133,vague_adj_ratio=0.00[NONE]; target_year=0.00[NONE]; specific_tech=0.00[NONE],,
S1017,ultratech,2019,BRR,"(Average Rate) 018-19 2017-18 2018-19 2017-18 2.5300 2.3900 2.4100 2.3800 0.0531 0.0564 0.0525 0.0570 1.2055 1.2780 1.1970 1.2689 0.0054 0.0058 0.0054 0.0058 6.1856 211.1932 205.5580 208.4636 9.4460 - 70.4582 - 0.3468 - 10.3652 - 0.0187 - 0.0190 - 0.0300 - 0.0304 - Madanpura Bhaskarpara Aditya Birla (North) Coal Coal Company Renewables Company Ltd. SPV 1 Limited 31.03.2019 31.03.2019 31.03.2019 ar end 1,152,560 8,141,050 10,852,442 1.05 8.15 10.81 11.17% 47.37% 26.00% udited 0.95 6.24 11.33 K.K. Maheshwari S.B. Mathur CFO Managing Director Director UltraTech Cement Limited Annual Report 2018-19 29 (a) Steps taken or impact on conservation of energy • Focused drive on improving energy consum energy efficient equipments.",S,0.5110,N,0.0,"quantifier_count=1.00[11.17%|47.37%|26.00%|,560]; verb_strength=0.05[NONE]; vague_adj_ratio=0.00[NONE]",,
S1023,ultratech,2020,BRR,"concrete modifier, which also reduces the water 1. List up to 3 of your products or services whose design intake into the cement mixes used for preparing has incorporated social or environmental concerns, mortars, plasters and concrete (10-15 % water risks and/or opportunities.",V,0.5475,S,0.267,vague_adj_ratio=0.00[NONE]; target_year=0.00[NONE]; specific_tech=0.00[NONE],,
S1037,ultratech,2020,BRR,"Are there any special initiatives taken by the Company CO emission intensity by 25% from 2005-06 levels to engage with the disadvantaged, vulnerable and by 2021.",S,0.5096,S,0.133,vague_adj_ratio=0.00[NONE]; specific_tech=0.00[NONE]; verb_strength=0.10[NONE],,
S1047,ultratech,2021,BRR,"For example, the world will need businesses the ‘2050 Climate Ambition’, which is the Company’s that are able to mitigate and adapt to climate change, commitment to drive down the CO footprint of its with robust and sustainable supply chains that are also operations and products, and the collective aspiration to impervious to all external forces that will inevitably begin to deliver society with carbon neutral concrete by 2050.",V,0.5223,S,0.323,specific_tech=0.00[NONE]; vague_adj_ratio=0.09[sustainable]; verb_strength=0.10[NONE],,
S1049,ultratech,2021,BRR,This year continues to increase the use of renewable energy as the Company continued consideration of carbon part of its energy mix and has increased the consumption US$ 10 per tCO which has enabled it to consider the of renewable energy by more than 50% as compared to 2 previous year.,V,0.5475,S,0.267,vague_adj_ratio=0.00[NONE]; target_year=0.00[NONE]; specific_tech=0.00[NONE],,
S1061,ultratech,2021,BRR,"Recycling water, clinker additives, implementing Waste Heat Recovery rainwater harvesting and recharging of ground Systems (“WHRS”) wherever possible.",V,0.5391,S,0.4,vague_adj_ratio=0.00[NONE]; quantifier_count=0.00[NONE]; target_year=0.00[NONE],,
S1064,ultratech,2021,BRR,"The criteria for procurement of equipment are based where the target is to double its energy upon resource efficiency, mainly comprising of but not productivity (revenue / GJ) by 2035, compared limited to energy efficiency, fuel efficiency, emission to its 2010 baseline.",V,0.5122,S,0.267,vague_adj_ratio=0.00[NONE]; specific_tech=0.00[NONE]; verb_strength=0.10[NONE],,
S1079,ultratech,2021,BRR,"The Company will As a founding member of the GCCA, the Company also be using the recently launched GeoSust Tool has committed to the ‘2050 Climate Ambition’, which developed by the Group Sustainability Cell to identify is a commitment to drive down the CO footprint of the Company’s operations and products, and a signatory to the TCFD, the Company has undertaken collective aspiration to deliver society with carbon a climate change risk and opportunities assessment neutral concrete by 2050.",V,0.5366,S,0.32,vague_adj_ratio=0.09[committed to]; quantifier_count=0.33[by 2050]; verb_strength=0.45[launched|committed to],,
S1083,ultratech,2021,BRR,a target to complete the assessment by 2024 for all its SBTi has validated the Company’s GHG reduction Integrated Units.,S,0.5029,S,0.267,vague_adj_ratio=0.00[NONE]; verb_strength=0.10[NONE]; quantifier_count=0.33[by 2024],,
S1093,ultratech,2022,BRSR,Details of improvements in FY 2021-2022 FY 2020-2021 environmental and R&D 0.04% 0.06% Conservation of energy Capex 1.32% 0.52% 2. a. Does the entity have procedures in place for sustainable sourcing?,V,0.5375,S,0.185,quantifier_count=1.00[0.04%|0.06%|1.32%|0.52%]; target_year=0.00[NONE]; specific_tech=0.00[NONE],,
S1101,ultratech,2022,BRSR,"Details of total energy consumption (in Joules or multiples) and energy intensity, in the following format: Parameter FY 2021-2022 FY 2020-2021 Total electricity consumption (A) (TJ) 4,627.62 4,404.03 Total fuel consumption (B) (TJ) 2,66,383.00 2,52,120.95 Energy consumption through other sources (C) - - Total energy consumption (A+B+C) (TJ) 2,71,010.62 2,56,524.98 Energy intensity per rupee of turnover (Total energy consumption/ turnover in rupees) 5.15 x 10-7 TJ/` 5.73 x 10-7 TJ/` Note: Indicate if any independent assessment/ evaluation/assurance has been carried out by an external agency?",V,0.5042,S,0.0,"vague_adj_ratio=0.00[NONE]; quantifier_count=1.00[tj|fy 2021|fy 2020|,627]; target_year=0.00[NONE]",,
S1102,ultratech,2022,BRSR,"Please provide details of air emissions (other than GHG emissions) by the entity, in the following format: Parameter Please specify unit FY 2021-2022 FY 2020-2021 NOx Tonnes/Year 73,717.33 87,980.15 SOx Tonnes/Year 9,783.77 7,134.93 Particulate matter (PM) Tonnes/Year 2,873.60 2,386.09 Persistent organic pollutants (POP) - - - Volatile organic compounds (VOC) - - -- Hazardous air pollutants (HAP) - - - Others – please specify - - - 6.",V,0.5042,S,0.0,"vague_adj_ratio=0.00[NONE]; quantifier_count=1.00[fy 2021|fy 2020|,717|,980]; target_year=0.00[NONE]",,
S1103,ultratech,2022,BRSR,"Provide details of greenhouse gas emissions (Scope 1 and Scope 2 emissions) & its intensity, in the following format: Parameter Unit FY 2021-2022 FY 2020-2021 Total Scope 1 emissions (Break-up of the GHG into CO , Metric tonnes of CO 6,14,53,953.42 5,65,85,915 CH , N O, HFCs, PFCs, SF , NF , if available) equivalent Total Scope 2 emissions (Break-up of the GHG into CO , Metric tonnes of CO 10,49,149.39 14,05,920.28 CH , N O, HFCs, PFCs, SF , NF , if available) equivalent Total Scope 1 and Scope 2 emissions per rupee of turnover 0.000118 0.0001296 Total Scope 1 and Scope 2 emission intensity (optional) - - 7. Does the entity have any project related to reducing Green House Gas emission?",S,0.5182,S,0.044,"quantifier_count=1.00[fy 2021|fy 2020|,953|,915]; target_year=0.00[NONE]; specific_tech=1.00[scope 1|scope 2]",,
S1105,ultratech,2022,BRSR,"To achieve the target of carbon neutrality by 2050, the Company has taken major initiatives such as WHRS installation and RE 100 which increased the green energy to 17%.",V,0.5043,S,0.293,verb_strength=0.10[NONE]; vague_adj_ratio=0.27[green]; quantifier_count=0.67[17%|by 2050],,
S1118,ultratech,2023,BRSR,All these initiatives would lead to net zero by 2050.,S,0.5232,S,0.267,vague_adj_ratio=0.00[NONE]; target_year=1.00[|net zero by 2050]; specific_tech=0.00[NONE],,
S1124,ultratech,2024,BRSR,"CO is released to reduce emissions Tax) from calcination of by 27% and 69% for limestone and combustion scope 1 and scope of fuel, which lead to 2, respectively, by global warming.",S,0.5044,S,0.133,vague_adj_ratio=0.00[NONE]; target_year=0.00[NONE]; specific_tech=1.00[esp|scope 1],,
S1126,ultratech,2024,BRSR,"The Company focuses circular economy, 100% energy transition, a new product portfolio, and exploring and piloting the CCU technologies through the GCCA consortium to find economical and technical viable options to achieve net Zero by UltraTech Cement Limited Statutory Reports 223 S. Material Issue Indicate whether Rationale for identifying the In case of risk, approach to Financial implications of the risk No.",V,0.5325,S,0.267,vague_adj_ratio=0.00[NONE]; target_year=0.00[NONE]; verb_strength=0.10[NONE],,
S1137,ultratech,2024,BRSR,Provide the following details related to water discharged: Parameter FY 2023-24 FY 2022-23 Water discharge by destination and level of treatment (in kilolitres) (i) To Surface water 0 0 - No treatment 0 0 - With treatment – please specify level of treatment 0 0 (ii) To Groundwater 0 0 -,V,0.5259,S,0.133,vague_adj_ratio=0.00[NONE]; target_year=0.00[NONE]; specific_tech=0.00[NONE],,
S1139,ultratech,2024,BRSR,"6. Please provide details of air emissions (other than GHG emissions) by the entity, in the following format: Parameter Please specify unit FY 2023-2024 FY 2022-2023 NO Tonnes 91,993.86 84,169.11 SO Tonnes 29,333.00 13,145.82 Particulate matter (PM 2.5)",V,0.5042,S,0.0,"vague_adj_ratio=0.00[NONE]; quantifier_count=1.00[fy 2023|fy 2022|,993|,169]; target_year=0.00[NONE]",,
S1141,ultratech,2024,BRSR,"7. Provide details of greenhouse gas emissions (Scope 1 and Scope 2 emissions) & its intensity, in the following Parameter Unit FY 2023-24 FY 2022-23 Total Scope 1 emissions* (Break-up of the GHG into Metric tonnes of 7,12,37,860.00 6,25,30,455.00 CO , CH , N O, HFCs, PFCs, SF , NF , if available)",S,0.5261,S,0.0,"vague_adj_ratio=0.00[NONE]; quantifier_count=1.00[fy 2023|fy 2022|,860|,455]; target_year=0.00[NONE]",,
S1142,ultratech,2024,BRSR,"CO Total Scope 2 emissions (Break-up of the GHG into Metric tonnes of 18,84,386.58 16,95,035.71 CO , CH , N O, HFCs, PFCs, SF , NF , if available)",V,0.5108,S,0.133,vague_adj_ratio=0.00[NONE]; target_year=0.00[NONE]; verb_strength=0.10[NONE],,
S1143,ultratech,2024,BRSR,CO Total Scope 1 and Scope 2 emission intensity per rupee kg CO / rupee 0.103 0.103 of turnover (Total Scope 1 and Scope 2 GHG emissions / Revenue from operations),V,0.5391,S,0.4,vague_adj_ratio=0.00[NONE]; quantifier_count=0.00[NONE]; target_year=0.00[NONE],,
S1144,ultratech,2024,BRSR,Integrated and Sustainability Report 2023-24 Parameter Unit FY 2023-24 FY 2022-23 Total Scope 1 and Scope 2 emission intensity per rupee kg CO /USD 2.286 2.292 of turnover adjusted for Purchasing Power Parity (PPP) (Total Scope 1 and Scope 2 GHG emissions / Revenue from operations adjusted for PPP Total Scope 1 and Scope 2 emission intensity in terms of kg CO /tonne 618.17 618.00 physical output of cementitious Note: Indicate if any independent assessment/ evaluation/assurance has been carried out by an external agency?,S,0.5044,S,0.133,vague_adj_ratio=0.00[NONE]; target_year=0.00[NONE]; specific_tech=1.00[scope 1|scope 2],,
S1150,ultratech,2024,BRSR,"Under GHG emission reduction initiatives, Company has implemented various projects in areas of energy efficiency, circular economy, low carbon products development, renewable energy and waste heat recovery and is exploring other technological advancements including kiln electrification, carbon capture and storage.",V,0.5391,S,0.4,vague_adj_ratio=0.00[NONE]; quantifier_count=0.00[NONE]; target_year=0.00[NONE],,
S1151,ultratech,2024,BRSR,"Using 100% renewable energy, the heat-generating capabilities of RDHTM units were demonstrated in real-time in the lab trial conducted by Coolbrook.",V,0.5475,S,0.267,vague_adj_ratio=0.00[NONE]; target_year=0.00[NONE]; specific_tech=0.00[NONE],,
S1161,ultratech,2024,BRSR,"(iii) Water withdrawal, consumption and discharge in the following format Parameter FY 2023-24 FY2022-23 Water withdrawal by source (in kilolitres) (i) Surface water 1,76,900 3,02,311 (ii) Groundwater 13,43,858 15,38,839 (iii) Third party water - - (iv) Seawater / desalinated water 15,56,989 - (v) Others (Rainwater) 15,61,556 23,40,581 Total volume of water withdrawal (in kilolitres) 46,39,303 41,81,731 Total volume of water consumption (in kilolitres)",V,0.5042,S,0.0,"vague_adj_ratio=0.00[NONE]; quantifier_count=1.00[fy 2023|fy2022|,900|,311]; target_year=0.00[NONE]",,
S1162,ultratech,2024,BRSR,"33,81,111 39,40,839 Water intensity per rupee of turnover (Water consumed / 0.005 0.0307 turnover) (l/rupee) Water intensity (optional) – the relevant metric may be selected - - Water discharge by destination and level of treatment (in kilolitres) - (i) Into Surface water 0 0",V,0.5259,S,0.133,vague_adj_ratio=0.00[NONE]; target_year=0.00[NONE]; specific_tech=0.00[NONE],,
S1163,ultratech,2024,BRSR,"Please provide details of total Scope 3 emissions & its intensity, in the following format: Parameter Unit FY 2023-24 FY2022-23 Total Scope 3 emissions (Break-up of the GHG into CO2, Metric tonnes of 82,50,584.95 42,04,917.64 CH4, N2O, HFCs, PFCs, SF6, NF3, if available)",S,0.5110,S,0.0,"vague_adj_ratio=0.00[NONE]; quantifier_count=1.00[fy 2023|fy2022|,584|,917]; target_year=0.00[NONE]",,
S1169,ultratech,2024,BRSR,"Our net CO emission intensity has decreased from 632 kg/tonne of cementitious products (in 2017) to 556kg/tonne of cementitious products (12% reduction from base year) this year, which is in line with our target reducing 27% carbon intensity by 2032.",V,0.5327,S,0.0,vague_adj_ratio=0.00[NONE]; quantifier_count=1.00[12%|27%|by 2032]; specific_tech=0.00[NONE],,
